hero_id,hero_kr,hero_en,attr,ability_id,skill_kr,skill_en,kind,cooldown,desc_kr,scepter_kr,shard_kr
abaddon,아바돈,Abaddon,all,abaddon_death_coil,안개 고리,Mist Coil,ability,8/7/6/5,아바돈이 자신의 체력을 소모하여 치명적인 안개 고리를 날려 보냅니다. 적 대상에게는 피해를 주고 아군 대상에게는 체력을 회복시켜 줍니다.,,
abaddon,아바돈,Abaddon,all,abaddon_aphotic_shield,어둠의 보호막,Aphotic Shield,ability,12/10/8/6,"아군 유닛 주위에 어둠 에너지를 소환하여, 해제를 적용하고 만료되기 전에 일정량의 피해를 흡수하는 모든 피해 방어막을 생성합니다. 방어막이 깨지면 터지면서 흡수할 수 있는 피해만큼 주위 일정 범위에 피해를 줍니다. 해제 유형: 강한 해제",,흡수한 피해의 75%만큼 주위 적에게 피해를 줍니다.
abaddon,아바돈,Abaddon,all,abaddon_frostmourne,아베르누스의 저주,Curse of Avernus,ability,-,"아바돈이 적을 타격할 때 오싹한 저주를 걸어 둔화하고, 지속하여 피해를 받으며, 해당 대상을 공격하는 모두가 공격 속도 증가 효과를 얻습니다. 건물에 대한 지속 피해 요소는 100% 감소합니다.",,
abaddon,아바돈,Abaddon,all,abaddon_withering_mist,피폐의 안개,Withering Mist,innate,-,적에게 피해를 주면 5초 동안 피폐의 안개 약화 효과를 적용합니다. 영향받은 적은 체력이 40% 아래로 떨어지면 체력 회복이 29.5% 감소합니다.,,
abaddon,아바돈,Abaddon,all,abaddon_borrowed_time,시간 왜곡,Borrowed Time,ability,85/75/65,"활성화되면, 해제를 적용하고 받는 모든 피해가 치유 효과로 변환됩니다. 기술이 쿨다운 상태가 아닐 때 아바돈의 체력이 400 이하로 내려가면 기술이 자동으로 활성화됩니다. 해제 유형: 강한 해제","지속시간이 증가합니다. 시간 왜곡이 활성화되면, 아군이 아바돈의 안개 고리 시전 범위 안에 있는 동안 550 이상의 피해를 받을 때마다 해당 아군에게 안개 고리가 개별적으로 자동 발사됩니다.",
alchemist,연금술사,Alchemist,str,alchemist_acid_spray,산성 스프레이,Acid Spray,ability,21,대상 지역에 강한 압력으로 산성 물질을 분사합니다. 오염된 땅을 밟는 적 유닛은 매초 피해를 받고 방어력이 감소합니다.,,
alchemist,연금술사,Alchemist,str,alchemist_unstable_concoction,불안정한 혼합물,Unstable Concoction,ability,17,연금술사가 적 영웅에게 불안정한 혼합물을 던져 폭발 범위 내에 있는 적에게 피해를 주고 기절시킵니다. 혼합물을 오래 섞을수록 공격력과 기절 시간이 증가합니다. 혼합물을 섞는 동안 연금술사의 속도가 빨라집니다. 제조 5초 후에 혼합물의 공격력과 기절 시간이 가장 높습니다. 그러나 5.5초가 지날 때까지 혼합물을 던지지 않으면 연금술사의 손에서 폭발합니다.,,
alchemist,연금술사,Alchemist,str,alchemist_corrosive_weaponry,부식성 무기,Corrosive Weaponry,ability,-,연금술사가 산을 무기에 덧입히고 주문을 강화하여 타격하는 적에게 중첩하는 둔화 및 기본 공격력 감소 효과를 적용합니다. 공격 시 중첩 2회를 적용합니다. 불안정한 혼합물은 혼합하는 시간 1초당 중첩 1회를 적용합니다.,,
alchemist,연금술사,Alchemist,str,alchemist_berserk_potion,광폭화 물약,Berserk Potion,shard,35,"연금술사가 아군 하나에게 물약을 던져 기본 해제를 적용하고 공격 속도, 이동 속도, 체력 재생을 부여합니다. 해제 유형: 기본 해제",,
alchemist,연금술사,Alchemist,str,alchemist_goblins_greed,음흉한 자의 탐욕,Greevil's Greed,innate,-,"연금술사가 적에게서 또는 풍요 룬에서 골드를 획득할 때 추가 골드를 합성해 냅니다. 적을 처치할 때마다 기본 보너스 골드와 추가 보너스 골드를 획득합니다. 만약 연금술사가 적을 처치한 후 40초 내에 다시 골드를 주는 유닛을 처치하면 추가 보너스 골드를 더 획득합니다. 또한, 풍요 룬에서는 골드를 추가로 더 획득합니다.",연금술사가 아가님의 홀을 녹여 아군 대상 영웅에게 모든 아가님의 홀 강화를 제공합니다. 연금술사는 녹인 아가님의 홀마다 15의 보너스 공격력과 더불어 기본 및 최대 음흉한 자의 탐욕 추가 골드를 3 더 얻습니다.,
alchemist,연금술사,Alchemist,str,alchemist_chemical_rage,화학적 분노,Chemical Rage,ability,60,연금술사가 오거를 약물로 유도하여 격노하게 합니다. 기본 공격 쿨다운이 줄어들고 이동 속도와 체력 재생이 증가합니다. 해제 유형: 기본 해제,,
ancient_apparition,고대 영혼,Ancient Apparition,int,ancient_apparition_cold_feet,발 얼리기,Cold Feet,ability,15/13/11/9,"적에게 저주를 걸어 지속 피해를 줍니다. 적 유닛이 최초 위치에서 정해진 범위 밖으로 벗어나지 않으면, 4초 후에 기절하고 제자리에 얼어붙습니다.",,
ancient_apparition,고대 영혼,Ancient Apparition,int,ancient_apparition_ice_vortex,얼음 소용돌이,Ice Vortex,ability,10/8/6/4,"냉기 소용돌이를 생성하여 범위 내 적들을 둔화하고 피해를 주며, 둔화하며, 받는 마법 피해를 증가시킵니다.",,
ancient_apparition,고대 영혼,Ancient Apparition,int,ancient_apparition_chilling_touch,오한의 손길,Chilling Touch,ability,10/7.5/5/2.5,"고대 영혼의 공격을 강화하여 범위가 늘어나며, 폭발적인 마법 피해를 주고, 대상을 둔화합니다.",쿨다운이 없어집니다.,
ancient_apparition,고대 영혼,Ancient Apparition,int,ancient_apparition_bone_chill,뼛속 한기,Bone Chill,innate,-,"고대 영혼이 능력으로 적에게 마법 피해를 주면, 해당 적은 짧은 지속시간 동안 둔화합니다. 대상이 영웅이면, 힘도 감소합니다. 해당 효과는 여러 번 중첩되며, 각각 개별적인 지속시간으로 적용됩니다.",기본 힘 감소가 0.8 증가합니다.,
ancient_apparition,고대 영혼,Ancient Apparition,int,ancient_apparition_ice_blast,얼음 폭풍,Ice Blast,ability,50/45/40,폭발하며 피해를 주는 우박 덩어리를 전장의 임의 지점에 발사합니다. 처음에는 예광탄을 날려 보내고 그다음 다시 발사체를 날려 보냅니다. 날아간 거리가 멀수록 효과 범위가 커집니다. 폭풍에 맞거나 날아가는 냉기 우박 덩어리에 맞은 적은 동상에 걸려 지속 피해를 받고 체력 재생 및 치유를 할 수 없습니다. 동상에 걸린 유닛의 체력이 일정 비율 아래로 떨어지면 곧바로 산산조각이 나 부서집니다.,,현재 레벨의 발 얼리기로 타격한 적을 지속시간의 50% 동안 얼립니다.
antimage,항마사,Anti-Mage,agi,antimage_mana_break,마나 분해,Mana Break,ability,-,공격할 때마다 상대의 마나를 불태우고 불태운 마나의 일정 비율에 해당하는 피해를 줍니다.,타격당 불태우는 최대 마나가 증가합니다.,
antimage,항마사,Anti-Mage,agi,antimage_blink,점멸,Blink,ability,10.5/9/7.5/6,항마사가 짧은 거리를 순간이동합니다. 신속하게 전투에 뛰어들고 빠져나올 수 있습니다.,"점멸 시전 후, 다음 5초 안에 마나 분해를 시행하면, 추가로 최대 마나의 20%를 불태우고, 짧은 시간 동안 대상이 마나를 재생하거나 획득하지 못하게 막습니다. 해제할 수 없는 약화 효과입니다.",
antimage,항마사,Anti-Mage,agi,antimage_counterspell,주문 반격,Counterspell,ability,15/11/7/3,지속하여 마법 저항력을 얻습니다. 주문 반격을 활성화하면 항마사 주위에 항마법 막을 생성하여 대상 지정 주문을 차단하고 반사할 수 있습니다.,,활성화한 동안 유닛 대상 주문을 반사할 때 적 시전자 옆에 항마사의 점멸 파편이 생성됩니다.
antimage,항마사,Anti-Mage,agi,antimage_persectur,박해자,Persecutor,innate,-,"공격 시 적이 잃은 마나의 양에 따라 느려지게 합니다. 마나가 60%일 때 최소한으로 느려지며, 0%일 때 최대로 느려집니다. 적의 마나가 60%보다 많을 때는 아무런 영향을 미치지 못합니다.",,
antimage,항마사,Anti-Mage,agi,antimage_mana_void,마나 공허,Mana Void,ability,100/85/70,대상 유닛이 잃은 마나만큼 대상 유닛과 주변 적들에게 피해를 줍니다. 주 대상은 짧은 시간 동안 기절합니다.,,
arc_warden,번개 감시자,Arc Warden,all,arc_warden_flux,휘몰이,Flux,ability,16,"홀로 떨어진 적에게 불안정하게 휘몰아치는 에너지를 주입하여 지속 피해를 주고, 대상을 둔화합니다. 대상 주위에 다른 적 유닛이 있으면 피해가 적용되지 않습니다.","휘몰이는 혼자 있는 대상을 침묵시키며, 더 큰 피해를 주고 더 오랫동안 지속합니다.",
arc_warden,번개 감시자,Arc Warden,all,arc_warden_magnetic_field,자기장,Magnetic Field,ability,20/19/18/17,"번개 감시자가 뒤틀린 자력의 장을 원형으로 생성합니다. 자기장은 안에 있는 아군 유닛에게 보너스 공격 속도를 부여하고 외부에서 오는 공격을 회피하도록 보호합니다. 자기장은 룬을 끌어당기며, 자기장 안에 있는 룬은 자동으로 활성화됩니다.",,
arc_warden,번개 감시자,Arc Warden,all,arc_warden_spark_wraith,불꽃 망령,Spark Wraith,ability,4/4/4/4,"서서히 물질화하고 적이 범위 내에 들어올 때까지 대상 지역을 정찰하는 불꽃 망령을 소환합니다. 대상을 발견하면, 망령은 해당 유닛과 융합한 다음 마법 피해를 주고 둔화합니다.",,
arc_warden,번개 감시자,Arc Warden,all,arc_warden_runic_infusion,룬 주입,Runic Infusion,innate,-,강화 룬이 자아에 융합됩니다. 번개 감시자 또는 이중 폭풍이 강화 룬을 활성화할 때마다 번개 감시자가 영구적으로 모든 속성을 +1.5씩 얻습니다.,,
arc_warden,번개 감시자,Arc Warden,all,arc_warden_tempest_double,이중 폭풍,Tempest Double,ability,60/55/50,"번개 감시자는 일시적으로 조각난 원소들을 형상 하나로 다시 맞추어, 자신을 완벽하게 복제합니다. 복제한 존재는 번개 감시자가 현재 보유한 아이템과 주문을 모두 쓸 수 있지만, 사망 시 땅에 떨어지는 대다수 소모품과 아이템은 사용할 수 없습니다. 복제한 존재에게는 아이템과 능력의 쿨다운이 본체와 별개로 적용됩니다. 이중 폭풍은 시간이 흐를수록 자아와 조각에 대한 의식을 잃어, 속도가 느려지고 정확도가 떨어집니다.",,"이중 폭풍에게 생성 시 12초 동안 신비, 투명화, 신속화 룬 보너스가 주입됩니다. 룬 주입을 발동하지 않습니다."
axe,도끼전사,Axe,str,axe_berserkers_call,광전사의 외침,Berserker's Call,ability,18/16/14/12,"도끼전사가 주위 적을 도발하여 자신을 공격하게 하는 한편, 효과가 지속되는 동안 보너스 방어력을 얻습니다.",,광전사의 외침으로 영향받은 유닛에게 투쟁욕이 적용됩니다.
axe,도끼전사,Axe,str,axe_battle_hunger,투쟁욕,Battle Hunger,ability,20/15/10/5,적 유닛을 격분시켜 지속 피해를 줍니다. 투쟁욕 효과는 해당 적 유닛이 다른 유닛을 죽이거나 효과의 시간이 다할 때까지 지속합니다. 적이 도끼전사를 마주하지 않으면 둔화합니다.,,투쟁욕 여러 개가 단일 대상에게 중첩될 수 있습니다.
axe,도끼전사,Axe,str,axe_counter_helix,반격의 나선,Counter Helix,ability,0.3,"일정 횟수의 공격 후, 나선을 그리며 반격해 주위 적 모두에게 순수 피해를 줍니다.","반격의 나선으로 타격하는 적에게 중첩되는 약화 효과를 적용합니다. 효과에 걸린 적이 도끼전사에게 주는 전체 공격 피해가 감소합니다. 이제 반격의 나선에 쿨다운이 적용되지 않으며, 도끼전사가 공격할 때 미리 반격합니다.",
axe,도끼전사,Axe,str,axe_culling_blade,도태의 도끼날,Culling Blade,ability,80/75/70,"도끼전사가 적의 약점을 찾아내어 공격하여 순수 피해를 줍니다. 도태의 도끼날로 적 영웅이 죽으면 쿨다운이 초기화되며, 모든 주위 아군 유닛이 보너스 이동 속도와 방어력을 얻습니다. 도끼전사가 적 영웅 한 명을 도태의 도끼날로 처치할 때마다 검을 피에 적셔 중첩당 보너스 방어력을 얻습니다.",,
axe,도끼전사,Axe,str,axe_one_man_army,일인 군대,One Man Army,innate,-,도끼전사가 자신으로부터 700 거리 안에 아군 영웅이 없으면 방어력의 50%에 비례하여 힘을 얻습니다. 효과는 아군에게 가까워진 후 3초에 걸쳐 서서히 사라집니다.,,
bane,악몽의 그림자,Bane,all,bane_enfeeble,약화,Enfeeble,ability,22/17/12/7,매초 피해를 주고 적의 전체 공격력과 시전 범위를 감소시킵니다.,,
bane,악몽의 그림자,Bane,all,bane_brain_sap,정기 흡수,Brain Sap,ability,17/15/13/11,적 유닛의 정기를 흡수하여 자신의 체력을 회복하고 피해를 줍니다.,,쿨다운이 %bonus_AbilityCooldown% 감소합니다. 정기 흡수가 550 효과 범위에 적용되는 주문이 됩니다. 2차 대상은 30%만 치유됩니다.
bane,악몽의 그림자,Bane,all,bane_nightmare,악몽,Nightmare,ability,25/22/19/16,대상 적 또는 아군 영웅을 잠들게 합니다. 잠자는 유닛은 악몽의 그림자가 선택한 방향으로 걸어가며 피해를 받으면 깨어납니다. 대상이 직접 공격받으면 악몽은 공격하는 유닛에게 옮겨갑니다. 악몽의 그림자는 악몽에 빠진 대상을 자유롭게 공격하고 피해를 줄 수 있습니다. 교체 시전으로 설정하여 대상을 가만히 서 있게 할 수 있습니다.,,
bane,악몽의 그림자,Bane,all,bane_fiends_grip,악몽의 손아귀,Fiend's Grip,ability,120/110/100,"집중 기술 - 적 유닛을 움켜쥐어 무력화하고 지속해서 큰 피해를 줍니다. 또한, 적 유닛의 최대 마나에 비례하여 0.5초마다 마나를 훔칩니다.","악몽의 손아귀 쿨다운이 %bonus_AbilityCooldown%초 감소합니다. 시전 시 제어할 수 없는 환영 둘을 생성합니다. 환영도 정신을 집중하여 대상에게 악몽의 손아귀를 시전합니다. 환영은 받는 피해가 225% 증가하며, 방해를 받으면 즉시 죽습니다. 피해는 중첩되지 않습니다.",
bane,악몽의 그림자,Bane,all,bane_ichor_of_nyctasha,닉타샤의 영액,Ichor of Nyctasha,innate,-,"악몽의 그림자가 적 영웅을 처치하거나 적 영웅이 악몽의 그림자가 건 약화 효과를 받는 상태에서 죽을 때마다, 해당 적은 게임의 나머지 시간 동안 공포에 걸려 이후 악몽의 그림자가 거는 약화 효과에 대해 상태 저항력이 감소합니다.",,
batrider,박쥐기수,Batrider,all,batrider_sticky_napalm,끈적이는 네이팜,Sticky Napalm,ability,3,끈적이는 기름으로 대상 지역을 적셔 박쥐기수의 공격과 능력으로 주는 피해를 증가시키며 적들의 이동 속도 및 방향 전환 속도를 감소시킵니다. 끈적이는 네이팜을 추가로 계속 시전하면 피해를 더욱 증가시킬 수 있습니다. 최대 20회까지 중첩됩니다. 매 시전 시 적은 양의 피해를 적용합니다.,,더는 끈적이는 네이팜에 중첩 제한이 적용되지 않습니다. 끈적이는 네이팜이 구조물에도 피해를 줍니다.
batrider,박쥐기수,Batrider,all,batrider_flamebreak,화염 폭탄,Flamebreak,ability,22/19/16/13,대상 지역에 폭발물을 뒤섞어 만든 폭탄을 터뜨립니다. 효과의 범위 내에 있는 적을 뒤로 밀치고 둔화하며 지속 피해를 줍니다.,,
batrider,박쥐기수,Batrider,all,batrider_firefly,불꽃 질주,Firefly,ability,48/42/36/30,박쥐기수가 하늘로 날아올라 공중에서 엄청나게 빠른 속도로 움직이며 지나가는 자리마다 불길을 남깁니다. 불길에 닿는 적은 피해를 받고 박쥐기수 아래에 있는 나무는 불에 타 파괴됩니다. 불꽃 질주 지속시간이 끝날 때 최대 이동 속도 보너스에 도달합니다.,,
batrider,박쥐기수,Batrider,all,batrider_smoldering_resin,그을린 나뭇진,Smoldering Resin,innate,-,박쥐기수가 공격 시 2초 동안 1초마다 공격력의 20%에 해당하는 피해를 주는 약화 효과를 적용합니다.,,
batrider,박쥐기수,Batrider,all,batrider_flaming_lasso,불타는 올가미,Flaming Lasso,ability,90/75/60,적을 올가미로 묶어 박쥐기수의 뒤로 끌고 다닙니다. 올가미에 묶인 유닛은 이동하거나 공격할 수 없고 능력을 사용할 수 없습니다. 순간이동 또는 점멸을 사용하면 올가미에서 풀려납니다.,불타는 올가미를 사용하면 대상은 물론 650 유닛 거리 내에서 대상과 가장 가까이에 있는 아군 영웅을 함께 붙잡습니다. 두 번째 대상은 첫 번째 대상에 묶입니다.,
beastmaster,야수지배자,Beastmaster,all,beastmaster_wild_axes,도끼 던지기,Wild Axes,ability,8,"야수지배자가 부메랑처럼 도끼를 날려 보내 그 사이에 있는 적 유닛 및 나무를 베어냅니다. 도끼마다 적 하나를 한 번씩 공격하며, 그 이후 야수지배자와 소환수가 주는 피해가 증폭됩니다.",,야수지배자가 적 영웅을 공격하면 해당하는 레벨의 도끼 던지기 약화 효과도 적용합니다.
beastmaster,야수지배자,Beastmaster,all,beastmaster_summon_razorback,칼날등돼지 소환,Summon Razorback,ability,30,야수지배자가 전장을 지원하는 멧돼지를 한 마리 불러냅니다. 멧돼지는 지속하여 독 공격을 하여 공격 속도와 이동 속도를 느려지게 합니다.,,
beastmaster,야수지배자,Beastmaster,all,beastmaster_summon_raptor,육식조 소환,Summon Raptors,ability,30,야수지배자가 매 2마리를 소환합니다. 소환된 매는 야수지배자 주위를 맴돌다 적에게 급강하하여 4초의 기본 공격 빈도로 피해를 주고 제자리에 묶습니다. 공격 빈도는 매의 공격 속도에 따라 증가합니다. 영웅을 우선시합니다.,,"매의 지속시간이 %bonus_duration%초 증가하며, 1마리를 추가로 소환합니다."
beastmaster,야수지배자,Beastmaster,all,beastmaster_inner_beast,내면의 야수,Inner Beast,innate,-,야수지배자와 그가 부리는 유닛의 잠재된 분노를 일깨워 지속하여 공격 속도를 높입니다.,,
beastmaster,야수지배자,Beastmaster,all,beastmaster_drums_of_slom,슬롬의 북,Drums of Slom,scepter,-,"야수지배자나 근처의 지배하는 유닛이 공격하면 북을 두드려 주위 유닛에게 피해를 주고, 가한 피해의 일정 비율만큼 자신과 지배하는 유닛을 치유합니다. 공격할 때마다 북을 치는 간격이 20회 공격 후 최소 0.5초로 감소합니다. 공격하지 않으면, 간격이 점차 증가합니다. 태고의 포효는 공격 10회로 간주합니다.",,
beastmaster,야수지배자,Beastmaster,all,beastmaster_primal_roar,태고의 포효,Primal Roar,ability,90/75/60,"야수지배자가 우렁차게 고함을 내질러 대상 적을 기절시키고 대상에게까지 길을 냅니다. 함성의 경로에 있는 모든 유닛은 피해를 받으며, 함성의 영향으로 밀려난 유닛은 이동 속도 및 공격 속도가 감소합니다. 추가로, 야수지배자와 소환수의 이동 속도가 2초 동안 40% 증가합니다.",,
bloodseeker,혈귀,Bloodseeker,agi,bloodseeker_bloodrage,피의 분노,Bloodrage,ability,14/12/10/8,"혈귀를 피에 굶주린 분노로 몰아넣습니다. 효과를 받으면 매초 체력의 일정 비율을 희생하여 더 빠르게 공격하며, 주는 주문 피해도 증가합니다.",,피의 분노로 공격 시 대상이 보유한 최대 체력의 1.5%를 순수 피해로 줍니다.
bloodseeker,혈귀,Bloodseeker,agi,bloodseeker_blood_bath,피의 의식,Blood Rite,ability,15/14/13/12,"혈귀가 신성한 피로 대상 지역을 물들입니다. 2.9초 후 의식이 끝나고, 대상 지역에 있는 적들은 피해를 받고 침묵에 빠집니다.",,
bloodseeker,혈귀,Bloodseeker,agi,bloodseeker_thirst,갈증,Thirst,ability,-,"혈귀는 적의 부상을 알아차리고 흥분하며, 적 영웅의 체력이 100% 아래로 떨어지면 이동 속도가 증가합니다. 적 영웅의 체력이 더 많이 떨어질수록 혈귀의 보너스 효과도 증가합니다. 적 영웅의 체력이 25% 아래로 떨어지면 혈귀는 해당 영웅을 볼 수 있으며 진실의 시야를 얻습니다. 영웅당 보너스 효과가 중첩됩니다. 혈귀에게는 최대 이동 속도가 해제됩니다.",,
bloodseeker,혈귀,Bloodseeker,agi,bloodseeker_sanguivore,식혈동물,Sanguivore,innate,-,혈귀가 유닛을 처치할 때 체력의 30 + 해당 유닛이 보유한 최대 체력의 일정 비율에 해당하는 생명력을 회복합니다. 아군이 근처에서 적 영웅을 처치하면 절반만큼 회복합니다.,,
bloodseeker,혈귀,Bloodseeker,agi,bloodseeker_rupture,파열,Rupture,ability,75/70/65,"적 유닛의 피부를 파열시켜 해당 유닛의 현재 체력을 바탕으로 최초 피해를 줍니다. 파열에 걸린 대상이 움직이면, 움직인 거리를 바탕으로 피해를 받습니다.",최초 피해가 증가하고 파열 충전 2회를 부여합니다.,
bounty_hunter,현상금 사냥꾼,Bounty Hunter,agi,bounty_hunter_shuriken_toss,수리검 투척,Shuriken Toss,ability,5,적 유닛에게 치명적인 수리검을 던져 피해를 주고 대상의 이동 속도를 느려지게 합니다. 수리검은 서로로부터 1200 반경 안에서 추적에 걸린 유닛에게 튕깁니다.,시전 범위가 증가하고 타격 시 지나다를 적용합니다.,
bounty_hunter,현상금 사냥꾼,Bounty Hunter,agi,bounty_hunter_jinada,지나다,Jinada,ability,9/7/5/3,현상금 사냥꾼이 다음 공격을 치밀하게 계획하여 보너스 피해를 주고 위험 골드 일부를 훔쳐냅니다.,,
bounty_hunter,현상금 사냥꾼,Bounty Hunter,agi,bounty_hunter_wind_walk,그림자 보행,Shadow Walk,ability,18/17/16/15,"현상금 사냥꾼이 투명 상태가 되며, 보너스 이동 속도를 얻고, 다른 유닛을 통과하여 이동합니다. 공격을 가하거나 주문을 시전하면 투명화가 풀립니다. 투명 상태에서 벗어나면서 공격하면, 대상을 짧은 시간 동안 기절시킵니다.",,
bounty_hunter,현상금 사냥꾼,Bounty Hunter,agi,bounty_hunter_wind_walk_ally,우호적 그림자,Friendly Shadow,shard,15,그림자 보행과 모든 보너스를 대상 아군에게 적용합니다. 아군의 투명화 진입 시간은 0.5초입니다. 시전 시 현상금 사냥꾼이 투명 상태에서 벗어나지 않습니다.,,
bounty_hunter,현상금 사냥꾼,Bounty Hunter,agi,bounty_hunter_big_game_hunter,대형 사냥감 사냥꾼,Big Game Hunter,innate,-,죽이는 적 영웅이 대형 사냥감이면 현상금 사냥꾼이 처치 및 처치 도움 골드를 20% 더 받습니다. 적 팀에서 수입 상위 3위에 해당하는 영웅을 대형 사냥감으로 간주합니다.,,
bounty_hunter,현상금 사냥꾼,Bounty Hunter,agi,bounty_hunter_track,추적,Track,ability,6/5/4,"적 영웅을 추적합니다. 대상을 진실의 시야로 볼 수 있으며, 대상이 받는 피해가 증가하고 지닌 골드의 양을 확인할 수 있습니다. 대상이 사망하면, 현상금 사냥꾼과 근처 영웅들이 보너스 보상금을 얻습니다. 추적을 시전해도 투명화 상태에서 벗어나지 않습니다.",,
brewmaster,취권도사,Brewmaster,all,brewmaster_thunder_clap,천둥벽력,Thunder Clap,ability,18/16/14/12,취권도사가 땅을 힘껏 내리쳐 주위 적 유닛에게 피해를 주고 이동 속도와 공격 빈도를 둔화합니다.,,
brewmaster,취권도사,Brewmaster,all,brewmaster_cinder_brew,화끈한 양조,Cinder Brew,ability,19/17/15/13,"술통을 적에게 굴려 경로에 있는 적에게 피해를 주고 대상 위치에 술을 쏟습니다. 경로 또는 술을 쏟은 범위에 있는 적은 화끈한 양조로 적셔지며, 둔화합니다. 적이 마법 또는 순수 피해를 받으면, 불이 붙으며 지속시간이 3초 연장되고 지속하여 피해를 받습니다.",,
brewmaster,취권도사,Brewmaster,all,brewmaster_drunken_brawler,취권,Drunken Brawler,ability,-,"취권도사가 원소를 바탕으로 한 자세를 자유로이 전환합니다. 취권도사가 능력을 시전할 때마다, 취기가 올라 5초 동안 자세의 위력이 150% 증가합니다. 취기 상태에서 다른 능력을 시전하면, 지속시간이 2초 늘어납니다. 취기가 만료되면, 숙취 상태가 되어 9초 동안 다시 취기가 오르지 못합니다. 대지 전사가 보너스 마법 저항력과 방어력을 얻습니다. 폭풍 전사가 보너스 회피와 이동 속도를 얻습니다. 불 전사가 보너스 공격 속도를 얻고 일정 확률로 치명타를 가합니다.",,
brewmaster,취권도사,Brewmaster,all,brewmaster_liquid_courage,술기운 객기,Liquid Courage,innate,-,"취권도사의 체력이 50% 아래로 떨어지면, 상태 저항력 강화 효과를 얻고 이동 속도가 1초마다 더 빨라졌다가 더 느려지기를 번갈아 반복합니다. 체력이 낮을수록 효과가 더 강해지며, 0부터 시작하여 체력이 20%일 때 최대치가 됩니다.",,독한 술을 팀원에게 던지거나 직접 마셔 술기운 객기 효과를 최대로 활성화하고 초당 3%의 최대 체력 재생 효과를 부여합니다. 5초 동안 지속합니다.
brewmaster,취권도사,Brewmaster,all,brewmaster_primal_split,원시의 분리,Primal Split,ability,140/130/120,취권도사가 원소에 특화된 전사 3명으로 분리되어 생존력을 극대화하고 각각 고유의 능력을 지닙니다. 소환 시간이 다할 때까지 전사 세 명 중 하나라도 살아남으면 취권도사는 다시 태어납니다. 각 전사는 해당하는 취권 자세를 얻습니다.,"원시의 분리 최대 레벨과 현재 레벨이 1레벨 증가하여, 전사와 전사의 능력이 향상됩니다. 원시의 분리를 조기에 취소할 수 있으며, 원시의 분리가 시작될 때 전사가 취기 상태가 됩니다.",
bristleback,가시멧돼지,Bristleback,str,bristleback_viscous_nasal_goo,끈적이는 콧물,Viscous Nasal Goo,ability,1.75,"대상에게 콧물을 발사하여 5초 동안 방어력과 이동 속도를 줄입니다. 콧물 효과는 서로 중첩되며, 추가 효과는 기존 효과의 지속시간을 초기화합니다.",,
bristleback,가시멧돼지,Bristleback,str,bristleback_quill_spray,가시 흩뿌리기,Quill Spray,ability,3/3/3/3,날카로운 가시를 흩뿌려 가시멧돼지 주위의 일정 범위 내에 있는 적 유닛을 공격합니다. 이전 14초 내에 가시 흩뿌리기로 피해를 받은 유닛에게는 추가 피해를 줍니다.,,
bristleback,가시멧돼지,Bristleback,str,bristleback_bristleback,가시투성이 등가죽,Bristleback,ability,-,가시멧돼지가 옆이나 뒤에서 공격받으면 피해를 덜 받습니다. 뒤에서 받는 피해가 충분한 수준이 되면 현재 레벨의 가시 흩뿌리기를 시전합니다.,"가시멧돼지에게 시전 능력을 추가합니다. 가시멧돼지가 지정 방향으로 회전하고 0.5초 후 등에서 가시 흩뿌리기를 0.4초 간격으로 5번 연속 강력하게 원뿔 모양으로 발사합니다. 해당 시간 동안 가시멧돼지가 고정되어 한 방향을 보며, 무장 해제되고 속도가 -40% 감소합니다.",
bristleback,가시멧돼지,Bristleback,str,bristleback_hairball,털덩이,Hairball,shard,15,대상 위치를 향해 가시가 가득한 털덩이를 뱉어냅니다. 털덩이는 해당 위치에서 분출하면서 적을 끈적이는 콧물 중첩과 가시 흩뿌리기로 타격합니다.,,
bristleback,가시멧돼지,Bristleback,str,bristleback_warpath,적개심,Warpath,ability,-,가시멧돼지가 주문을 시전할 때마다 분노에 빠져들어 이동 속도와 공격력이 증가합니다.,,
bristleback,가시멧돼지,Bristleback,str,bristleback_prickly,따끔따끔 가시투성이,Prickly,innate,-,뒤에 있는 적 영웅을 상대로 가시멧돼지가 보너스 피해를 주고 약화 효과 지속시간이 증폭됩니다.,,
broodmother,거미여왕,Broodmother,agi,broodmother_insatiable_hunger,끝없는 허기,Insatiable Hunger,ability,45/40/35/30,체액에 대한 갈망이 끓어올라 거미여왕의 공격력이 증가하고 자신과 새끼거미가 공격 시 흡혈 효과를 얻습니다.,,"허기가 활성화되어 있는 동안, 보너스 피해가 1초마다 4% 증가합니다."
broodmother,거미여왕,Broodmother,agi,broodmother_spin_web,거미줄 치기,Spin Web,ability,-,"거미여왕이 거대한 거미줄을 칩니다. 거미여왕이 거미줄 부근에 있을 때는 지속하여 이동 속도 및 방향 전환율이 증가할 뿐만 아니라 지형에 제약받지 않고 이동합니다. 새로운 거미줄이 기존 거미줄과 이어지기만 한다면 어디든 거미줄을 칠 수 있습니다. 거미줄은 시간이 지나도 사라지지 않지만, 거미여왕이 직접 제거할 수 있습니다. 최대 거미줄 개수를 초과하면 가장 오래된 거미줄이 사라집니다.",,
broodmother,거미여왕,Broodmother,agi,broodmother_incapacitating_bite,무능화 독니,Incapacitating Bite,ability,-,"거미여왕의 독으로 적 유닛을 마비시킵니다. 대상이 된 적은 거미여왕의 공격으로 움직임이 둔화하고, 공격이 빗나가며, 추가 피해를 받습니다.",,
broodmother,거미여왕,Broodmother,agi,broodmother_sticky_snare,실뽑이의 올가미,Spinner's Snare,scepter,-,"거미여왕이 기존 거미줄과 이어지는 투명 거미줄을 최대 5개 생성할 수 있습니다. 적 영웅이 거미줄을 밟으면 함정이 발동하여 제자리에 묶이고, 전장의 안개 속에서 모습이 드러나며, 지속하여 피해를 받습니다. 최초 발동 이후 파괴될 때까지 한 거미줄에 영웅 여러 명이 걸릴 수 있습니다. 적 때문에 올가미가 발동하면 거미여왕의 팀은 미니맵으로 알림을 받습니다.",,
broodmother,거미여왕,Broodmother,agi,broodmother_spiders_milk,거미 독즙,Spider's Milk,innate,-,"거미여왕이 유닛 하나를 죽일 때마다, 거미여왕 및 반경 600 안에서 거미여왕의 지배를 받는 모든 유닛에게 3초 동안 강화 효과가 적용되어 0.5초마다 희생자가 보유한 체력의 일정 비율만큼 체력을 회복합니다. 크립에서 얻는 치유 효과는 40% 감소합니다.",,
broodmother,거미여왕,Broodmother,agi,broodmother_spawn_spiderlings,새끼거미 생성,Spawn Spiderlings,ability,9/8/7,거미여왕이 자신의 새끼를 적에게 주입해 피해를 주고 4초 동안 느려지게 합니다. 이 효과가 유지되는 동안 대상이 죽으면 새끼거미들이 태어납니다.,,
centaur,켄타우로스 전쟁용사,Centaur Warrunner,str,centaur_hoof_stomp,발굽 구르기,Hoof Stomp,ability,18/16/14/12,"켄타우로스 전쟁용사가 짧은 준비 시간 후에 지면을 강하게 내리치며 주위 적 유닛을 기절시키고 피해를 줍니다. 지연 시간 동안은 무장 해제되지만, 움직일 수 있습니다.",,
centaur,켄타우로스 전쟁용사,Centaur Warrunner,str,centaur_double_edge,양날의 검,Double Edge,ability,3.5,"켄타우로스가 근접 범위에 강력한 공격을 가하여 자신과 대상, 주위 지역에 피해를 줍니다. 힘에 비례하여 추가 피해를 줍니다. 켄타우로스는 양날의 검에 의해 죽지 않습니다.",,"양날의 검으로 적 영웅을 둔화하고 짧은 시간 동안 타격한 영웅당 켄타우로스 전쟁용사의 힘이 증가합니다. 중첩마다 지속시간이 초기화되며, 최대 5회 중첩됩니다."
centaur,켄타우로스 전쟁용사,Centaur Warrunner,str,centaur_return,보복,Retaliate,ability,-,켄타우로스가 모든 공격을 반격하여 공격자에게 피해를 되돌립니다. 고정 피해량과 힘의 일정 비율이 더해진 피해를 반사합니다. 포탑에는 절반의 피해를 줍니다.,,
centaur,켄타우로스 전쟁용사,Centaur Warrunner,str,centaur_work_horse,작업 말,Work Horse,scepter,35,"켄타우로스가 뒤에 수레를 매달고 끕니다. 활성화 상태에서는 켄타우로스가 현재 레벨의 돌격 효과를 얻으며, 아군을 대상으로 지정하여 탑승을 시전할 수 있습니다.",,
centaur,켄타우로스 전쟁용사,Centaur Warrunner,str,centaur_stampede,돌격,Stampede,ability,100/95/90,켄타우로스가 모든 아군 영웅을 이끌고 무섭게 달려나갑니다. 최대 속도로 유닛 사이를 통과하면서 짓밟은 적 유닛을 느려지게 합니다. 짓밟힌 적들은 켄타우로스 전쟁용사의 힘에 비례한 피해를 받습니다.,,
centaur,켄타우로스 전쟁용사,Centaur Warrunner,str,centaur_horsepower,마력,Horsepower,innate,-,켄타우로스 전쟁용사가 힘의 40%를 보너스 이동 속도로 얻습니다. 해당 이동 속도 보너스는 장화로 얻는 보너스와 중첩되지 않습니다.,,
chaos_knight,혼돈 기사,Chaos Knight,str,chaos_knight_chaos_bolt,혼돈의 화살,Chaos Bolt,ability,13/12/11/10,대상을 지정하여 한 줄기 불가사의한 기운을 날려 보냅니다. 대상은 피해를 받고 기절합니다. 받는 피해와 기절 지속시간은 무작위로 결정됩니다.,,혼돈의 화살로 환상 환영이 생성되어 대상을 공격합니다. 이렇게 생성된 환영은 피해를 15% 적게 가합니다.
chaos_knight,혼돈 기사,Chaos Knight,str,chaos_knight_reality_rift,현실의 균열,Reality Rift,ability,15/12/9/6,"지정 대상과 혼돈 기사 사이 일직선상의 지점으로 자신과 환영, 대상 유닛을 순간이동시킵니다. 적 유닛은 6초 동안 방어력이 감소합니다.",,현실의 균열을 혼돈 기사나 환영 주위 1200 범위 안에 있는 적 영웅에게 시전할 수 있습니다. 환영과 영웅을 모아 대상 적에게 순간이동시킵니다.
chaos_knight,혼돈 기사,Chaos Knight,str,chaos_knight_chaos_strike,혼돈의 가격,Chaos Strike,ability,-,혼돈 기사와 그 환영이 공격 시 일정 확률에 따라 각기 다른 힘으로 보너스 흡혈 효과가 있는 치명타를 가합니다. 크립에게서 얻는 흡혈 효과는 감소합니다.,,
chaos_knight,혼돈 기사,Chaos Knight,str,chaos_knight_fundamental_forging,근본적 단조,Fundamental Forging,innate,-,혼돈 기사의 중립 아이템에 무작위 마력 부여가 추가로 적용됩니다.,,
chaos_knight,혼돈 기사,Chaos Knight,str,chaos_knight_phantasm,환상,Phantasm,ability,85/80/75,"다른 차원으로부터 혼돈 기사의 환상을 소환합니다. 환상은 60/80/100%의 피해를 주지만, 350%의 피해를 받는 환영입니다. 해제 유형: 기본 해제","지속 효과 요소를 획득합니다. 혼돈 기사의 환영이 만들어지면, 50% 확률로 혼돈 기사가 조종하는 추가 환영을 만듭니다. 환상이 활성화되면, 아군 영웅의 환영도 전역으로 만들어집니다.",
chen,첸,Chen,int,chen_penitence,참회,Penitence,ability,20/17/14/11,"적 유닛에게 피해를 주고, 이동이 느려지게 하며, 해당 유닛을 아군이 더 빠르게 공격하게 합니다.",,
chen,첸,Chen,int,chen_holy_persuasion,성스러운 설득,Holy Persuasion,ability,15,"첸이 적 또는 중립 크립을 지배하고 그 보상금의 일정 비율을 얻습니다. 교화한 크립의 최대 체력은 400(으)로 고정됩니다. 교화된 크립은 이동 속도가 증가하고 보너스 공격력을 얻습니다. 지배하는 크립이 지도상 어디에 있든지 지난 3초간 피해를 받지 않았다면, 첸이 대상으로 하여 소환을 해제할 수 있습니다.",,성스러운 설득을 고대 크립에게 시전할 수 있습니다. 신의 손길 레벨당 고대 크립을 최대 1/2/3마리 조종할 수 있습니다. 추가로 크립의 일부 능력이 1레벨 증가합니다.
chen,첸,Chen,int,chen_divine_favor,신의 가호,Divine Favor,ability,20/18/16/14,오라를 지속 제공하여 증가한 체력 재생을 부여합니다. 아군에게 시전하면 보너스 방어력을 제공하고 받는 치유 효과 및 체력 재생을 증가시킵니다. 자신에게 시전하면 지배하는 모든 유닛이 강화 효과를 얻습니다.,,
chen,첸,Chen,int,chen_zealot,광신도,Zealot,innate,10,"첸이 부활할 때마다, 광신도 하나가 합류합니다. 광신도는 근접 전사 크립으로 자신을 희생하여 치유하거나 적에게 피해를 줄 수 있는 능력이 있습니다. 광신도는 성스러운 설득의 혜택을 받으며 다른 전선 근접 크립과 마찬가지로 게임 시간이 지날수록 능력치가 상승하며 추가 기본 공격력을 얻습니다. 광신도는 첸 옆에 부활합니다. 광신도는 활성화하여 지배하는 유닛 하나를 6초 지연 후 첸에게 순간이동시킬 수 있습니다. 첸을 대상으로 하면, 지배하는 모든 유닛을 순간이동시킵니다. 적 영웅이나 그 휘하의 유닛들로부터 피해를 받으면 순간이동이 취소됩니다.",,
chen,첸,Chen,int,chen_hand_of_god,신의 손길,Hand of God,ability,150/130/110,"첸이 모든 부하 크립과 지도상에 있는 모든 아군 영웅을 치유합니다. 처음에 대량으로 치유하고, 그 이후 10초 동안 서서히 지속하며 치유합니다.","신의 손길 쿨다운이 40초로 감소하며, 정신 집중 주문이 되어 최대 6초 동안 지속합니다. 최초 치유는 정신 집중 시작 시 일어나며, 정신 집중을 하는 동안 다른 근처 유닛은 약화 효과 면역 상태가 되며 마법 저항력 60%를 보유하며 지속 치유 위력이 200% 증가합니다.",
clinkz,클링츠,Clinkz,agi,clinkz_strafe,다발 사격,Strafe,ability,30/25/20/15,클링츠가 공격 속도와 보너스 공격 범위를 얻습니다. 현재 클링츠로부터 1200 반경 안에 있는 해골 궁사에도 보너스 공격 범위와 공격 속도 보너스의 40%가 적용됩니다. 다발 사격으로 해골 보행의 투명 상태가 풀리지 않습니다.,,
clinkz,클링츠,Clinkz,agi,clinkz_searing_arrows,불타는 화살,Searing Arrows,ability,-,클링츠의 화살에 화염을 부여하여 추가 피해를 줍니다. 해골 궁사가 클링츠가 공격하는 대상에게 불타는 화살을 날려 50%의 피해를 줍니다.,,
clinkz,클링츠,Clinkz,agi,clinkz_death_pact,죽음의 서약,Death Pact,ability,-,"클링츠가 대상 적 크립 또는 아군 해골 궁사를 소모하여, 치유하고 최대 체력을 얻습니다. 클링츠가 해골 보행에서 벗어나지 않습니다.",,
clinkz,클링츠,Clinkz,agi,clinkz_burning_barrage,불타는 집중포화,Burning Barrage,shard,17,정신 집중 - 클링츠가 정신을 집중하여 대상 방향으로 관통 화살을 여러 개 발사하여 타격하는 모든 적 유닛에게 공격력의 일정 비율에 해당하는 피해를 주고 공격 변형 요인을 적용합니다.,,
clinkz,클링츠,Clinkz,agi,clinkz_burning_army,불타는 군대,Burning Army,scepter,70,대상 위치에 불타는 해골 궁사를 일렬로 소환합니다.,,
clinkz,클링츠,Clinkz,agi,clinkz_wind_walk,해골 보행,Skeleton Walk,ability,24/21/18,"클링츠가 공격하거나 아이템을 사용할 때까지 투명화 상태로 움직입니다. 해골 보행 상태를 벗어나면 해골 궁사가 생성됩니다. 해골 궁사는 움직이지 못하며 영웅이나 포탑의 공격을 몇 번 받으면 죽습니다. 해골 궁사는 클링츠가 가하는 공격력의 일정 비율을 피해로 주며, 건물에는 피해를 75% 적게 줍니다. 공격 범위는 클링츠와 동일합니다.",,
clinkz,클링츠,Clinkz,agi,clinkz_infernal_shred,지옥불 분쇄,Infernal Shred,innate,-,"클링츠와 해골들이 중첩되는 약화 효과를 적용하여 공격이 대상의 총 물리 방어력을 최대 20%까지 관통하게 합니다(방어력 자체를 감소시키지 않음). 클링츠는 공격당 3%, 해골은 1%를 적용합니다. 5초 동안 지속합니다.",,
rattletrap,태엽장이,Clockwerk,str,rattletrap_battery_assault,동력원 폭발,Battery Assault,ability,24/22/20/18,강력한 파편을 주위 무작위 적에게 발사하여 마법 피해를 약간 주고 짧게 기절시킵니다.,,
rattletrap,태엽장이,Clockwerk,str,rattletrap_power_cogs,강화 톱니,Power Cogs,ability,21/19/17/15,"태엽장이 주변에 충전된 톱니의 고리를 만들어 가까이 있는 유닛을 가둡니다. 톱니 밖에 있는 적이 톱니에 닿으면 뒤로 밀려나며 체력과 마나를 잃습니다. 적을 공격한 톱니는 방전 상태가 됩니다. 피해가 불태운 마나의 50%만큼 증가합니다. 톱니는 적이 여러 번 공격해서 파괴할 수 있으며, 태엽장이는 1번 타격하여 최대 850/900/950/1000 거리만큼 밀어버릴 수 있습니다. 태엽장이는 톱니 사이를 자유롭게 움직일 수 있으며, 지나간 톱니는 비활성화됩니다.",,
rattletrap,태엽장이,Clockwerk,str,rattletrap_rocket_flare,조명탄,Rocket Flare,ability,20/18/16/14,"지정된 범위에서 폭발하는 조명탄을 발사합니다. 조명탄이 닿는 순간, 범위 안에 있는 적은 피해를 받고 잠깐 둔화합니다. 조명탄은 6초 동안 닿은 범위에 대한 시야를 밝힙니다.",,
rattletrap,태엽장이,Clockwerk,str,rattletrap_overclocking,고성능 태엽 가동,Overclocking,scepter,50,"태엽장이의 능력이 과충전됩니다. 동력원 폭발: 반경이 증가하고 범위 안에 있는 모든 적에게 영향을 줍니다. 강화 톱니: 반경이 증가하고 강화 톱니 근처에 있는 동안 태엽장이의 방어력이 증가합니다. 조명탄: 피해, 시야, 둔화 지속시간이 증가하며, 대상의 양쪽으로 추가 조명탄을 발사합니다. 갈고리탄: 기절 반경과 지속시간이 증가합니다. 분사 추진기: 더 빠르게 이동합니다. 지속시간이 다한 후에는, 태엽장이의 이동 및 공격 속도가 기어가는 속도로 느려집니다.",,
rattletrap,태엽장이,Clockwerk,str,rattletrap_jetpack,분사 추진기,Jetpack,shard,16,"분사 추진기를 활성화하여 비행 이동, 비행 시야, 보너스 이동 속도를 얻습니다. 이 상태에서는 방향 전환이 극도로 제한되며 공격할 수 없습니다. 분사 추진기는 강화 효과 지속시간 동안 켜고 끌 수 있습니다.",,
rattletrap,태엽장이,Clockwerk,str,rattletrap_hookshot,갈고리탄,Hookshot,ability,60/45/30,목표 지점에 갈고리를 발사합니다. 갈고리가 유닛에게 맞으면 태엽장이가 즉시 그 위치로 당겨져 날아가 타격 대상 주위 175 반경에 있는 모두를 기절시키고 피해를 줍니다. 날아가는 경로에서 태엽장이와 부딪히는 적도 피해를 받고 기절합니다.,,
rattletrap,태엽장이,Clockwerk,str,rattletrap_armor_power,장갑 위력,Armor Power,innate,-,태엽장이가 주는 피해가 방어력 1당 0.25% 증가합니다. 태엽장이가 사슬 갑옷을 소모하여 영구적으로 소모하는 사슬 갑옷 1개당 +4의 방어력을 얻을 수 있습니다. 중첩됩니다. 자신에게 시전하면 소모됩니다.,,
crystal_maiden,수정의 여인,Crystal Maiden,int,crystal_maiden_crystal_nova,수정 회오리,Crystal Nova,ability,11/10/9/8,대상 지역에 얼음을 폭발시켜 적에게 피해를 주고 이동 속도를 감소시킵니다.,,
crystal_maiden,수정의 여인,Crystal Maiden,int,crystal_maiden_frostbite,동상,Frostbite,ability,9/8/7/6,적 유닛을 얼음에 가두어 이동 및 공격을 방해하고 지속하여 피해를 줍니다. 일반 크립에게는 피해를 4배로 줍니다.,,
crystal_maiden,수정의 여인,Crystal Maiden,int,crystal_maiden_brilliance_aura,신비한 오라,Arcane Aura,ability,-,지도상에 있는 모든 아군 유닛에게 마나 재생을 제공합니다. 수정의 여인으로부터 1200 반경 안에 있는 아군은 마나 재생 효과를 더 많이 받습니다. 수정의 여인은 지속하여 마나 재생 증폭 효과를 얻습니다.,,
crystal_maiden,수정의 여인,Crystal Maiden,int,crystal_maiden_crystal_clone,수정 복제체,Crystal Clone,shard,12,"한 방향으로 미끄러지면서 있던 자리에 자기 모습을 본뜬 수정 복제체를 만들고 날아드는 투사체를 피합니다. 복제체가 충분한 피해를 받거나 시간이 다하면, 부서지면서 주위 450 효과 범위에 있는 적을 동상으로 얼립니다. 복제체는 수정의 여인 자체 주문으로도 파괴할 수 있습니다.",,
crystal_maiden,수정의 여인,Crystal Maiden,int,crystal_maiden_glacial_guard,빙하 수호자,Glacial Guard,innate,-,수정의 여인이 자신의 능력에 사용한 마나 일부가 물리 방어막으로 전환됩니다.,,
crystal_maiden,수정의 여인,Crystal Maiden,int,crystal_maiden_freezing_field,얼음장,Freezing Field,ability,100/95/90,집중 기술 - 수정의 여인 주위에 무작위 얼음 폭발을 100회 일으켜 적에게 큰 피해를 주고 움직임이 느려지게 합니다. 10초 동안 지속합니다.,"얼음장을 시전하는 동안 이동, 시전, 공격할 수 있습니다. 적이 방해할 수 있습니다. 이 상태에서는 75% 느리게 움직입니다. 총 폭발 횟수가 20% 증가합니다. 얼음장 안에 3초 이상 머무른 유닛에게 동상을 적용합니다.",
dark_seer,어둠 현자,Dark Seer,int,dark_seer_vacuum,진공,Vacuum,ability,60/50/40/30,어둠 현자가 목표 지점에 적을 끌어당기는 진공을 생성하여 행동을 방해하고 피해를 줍니다.,,
dark_seer,어둠 현자,Dark Seer,int,dark_seer_ion_shell,이온막,Ion Shell,ability,9/9/9/9,대상 유닛을 뾰족한 가시 방어막으로 둘러쌉니다. 방어막 주변의 적은 피해를 받습니다.,,
dark_seer,어둠 현자,Dark Seer,int,dark_seer_surge,급가속,Surge,ability,24/19/14/9,대상 아군 유닛에게 힘을 불어넣어 짧은 시간 동안 폭발적으로 위상 이동 속도가 증가합니다. 해당 유닛은 최대 이동 속도에 도달할 수 있으며 둔화하지 않습니다.,,급가속이 적용된 유닛 뒤로 150 반경에 흔적이 남아 7초 동안 지속하며 주위 적을 35% 둔화하고 0.5초 간격으로 매초 40의 피해를 줍니다. 능력을 교체 시전으로 설정하여 흔적을 비활성화할 수 있습니다.
dark_seer,어둠 현자,Dark Seer,int,dark_seer_normal_punch,평범한 한 방,Normal Punch,scepter,10,"지속 능력입니다. 영웅에게 가하는 다음 공격이 정밀 타격으로 적용되며, 대상을 복제한 존재를 생성하고 어둠 현자가 지난 3초 동안 움직였던 거리에 따라 피해를 주고 기절시킵니다. 1100 거리를 이동하면 최대 효력을 발휘합니다.",,
dark_seer,어둠 현자,Dark Seer,int,dark_seer_aggrandize,빠른 재치,Quick Wit,innate,-,"어둠 현자가 지능 1당 1의 공격 속도를 얻습니다. 어둠 현자의 레벨이 오를 때, 최대 체력과 마나의 일정 비율을 회복합니다.",,
dark_seer,어둠 현자,Dark Seer,int,dark_seer_wall_of_replica,복제의 벽,Wall of Replica,ability,100/100/100,"뒤틀린 빛의 벽을 세워 벽을 통과하는 적 영웅을 둔화하고 피해를 주며, 그 형체를 복제합니다. 복제된 적은 어둠 현자의 명령을 따릅니다. 복제 유닛은 파괴되거나 복제의 벽이 사라지기 전까지 유지됩니다.",,
dark_willow,흑버들,Dark Willow,int,dark_willow_bramble_maze,가시넝쿨 미로,Bramble Maze,ability,22,0.3초 후 대상 지역에 자라나는 가시넝쿨 8개로 500 효과 범위에 미로를 생성합니다. 넝쿨로 걸어 들어간 적은 발이 묶이며 지속 피해를 받습니다. 12초 동안 지속합니다.,,
dark_willow,흑버들,Dark Willow,int,dark_willow_shadow_realm,그림자 영역,Shadow Realm,ability,21/19/17/15,그림자 속으로 모습을 감추어 대상으로 지정할 수 없는 상태가 됩니다. 그다음 공격 시 600의 보너스 공격 범위를 얻고 보너스 마법 피해를 주며 그림자 영역이 사라집니다. 그림자 영역의 효과를 받은 시간에 비례하여 피해를 줍니다. 3초 이상 머무르면 최대 피해를 줍니다.,공격을 해도 그림자 영역을 벗어나지 않습니다. 공격마다 강화 효과의 지속시간을 바탕으로 한 보너스 피해는 계속 적용됩니다.,
dark_willow,흑버들,Dark Willow,int,dark_willow_cursed_crown,저주받은 왕관,Cursed Crown,ability,17/15/13/11,"대상에게 고대 요정의 저주를 겁니다. 일정 지연시간 후, 대상과 근처에 있는 적이 기절합니다.",,카운터가 종료된 후 저주받은 왕관으로 대상 주위 175 반경에 가시덤불 4개를 만듭니다. 해제에도 발동합니다. 저주받은 왕관의 쿨다운이 1.5초 감소합니다.
dark_willow,흑버들,Dark Willow,int,dark_willow_bedlam,대소동,Bedlam,ability,30,흑버들이 애완 위습을 보내 지속시간 동안 자기 주위를 돌며 근처에 있는 적을 빠르게 공격하게 합니다. 겁주기가 활성화되어 있는 동안에는 대소동을 사용할 수 없습니다.,,
dark_willow,흑버들,Dark Willow,int,dark_willow_pixie_dust,요정 가루,Pixie Dust,innate,-,"흑버들이 보너스 체력 및 마나 재생 20%를 얻으며, 해당 효과는 대상 지정 불가 또는 무적 상태인 동안 100%로 증가합니다.",,
dark_willow,흑버들,Dark Willow,int,dark_willow_terrorize,겁주기,Terrorize,ability,100/90/80,"애완 위습을 적에게 보내 겁에 질리게 합니다. 짧은 지연시간 후, 대상 지역에 있는 적은 모두 공포에 휩싸여 기지쪽을 향해 달아납니다. 대소동이 활성화되었을 때는 겁주기를 사용할 수 없습니다.",,
dawnbreaker,여명의 파괴자,Dawnbreaker,str,dawnbreaker_fire_wreath,별파괴자,Starbreaker,ability,17/15/13/11,망치를 3번 휘둘러 공격력에 보너스 수치를 더한 만큼의 피해를 적에게 줍니다. 마지막 타격 시에는 망치를 강하게 내려쳐 앞에 있는 적을 기절시키고 피해를 줍니다.,,"여명의 파괴자가 별파괴자 도중에는 약화 효과 면역 및 50% 마법 저항력을 얻고 자유 이동 상태가 됩니다. 또한, 이동 속도가 최소 215까지 35% 감소합니다."
dawnbreaker,여명의 파괴자,Dawnbreaker,str,dawnbreaker_celestial_hammer,천상의 망치,Celestial Hammer,ability,18/16/14/12,"대상에게 무기를 던져 경로에서 타격하는 적에게 피해를 줍니다. 망치는 목적 지점에서 2초 동안 잠시 멈췄다가 다시 여명의 파괴자에게 돌아옵니다. 돌아오는 경로에 불길을 남겨 적을 둔화합니다. 여명의 파괴자는 언제든 망치를 불러들일 수 있는데, 자신도 그쪽으로 당겨가 중간 지점에서 집어 듭니다.",,
dawnbreaker,여명의 파괴자,Dawnbreaker,str,dawnbreaker_luminosity,광명,Luminosity,ability,-,몇 회 공격 후 위력이 강화되면서 다음 공격에 힘을 불어넣어 치명타를 가하고 준 피해의 일정 비율만큼 주위 650 유닛 거리 안에 있는 모든 아군 영웅을 치유합니다. 크립과 중립 적을 타격했을 때는 상대적으로 치유 효과가 작습니다. 아군은 50%만큼 치유됩니다.,여명의 파괴자가 힘을 얻을 때마다 광명 공격 2회를 얻습니다.,
dawnbreaker,여명의 파괴자,Dawnbreaker,str,dawnbreaker_break_of_dawn,동트는 여명,Break of Dawn,innate,-,"해가 뜰 때마다, 여명의 파괴자가 보너스 기본 공격력과 시야를 얻습니다. 시야는 낮 동안 시간이 지나면서 점점 줄어듭니다. 여명의 파괴자는 낮 동안 내내 해당 보너스가 최대 위력을 유지하도록 합니다.",동트는 여명으로 현재 피해 증가와 동일한 치유 증폭을 제공합니다.,
dawnbreaker,여명의 파괴자,Dawnbreaker,str,dawnbreaker_solar_guardian,태양 수호자,Solar Guardian,ability,110/100/90,"집중 기술 - 지도 위 어디에 있는 아군 영웅이든 그 주위 350 유닛 거리 안의 한 위치에 진동을 일으키고 6초 동안 햇빛을 비춥니다. 진동할 때마다 적은 피해를 받고 아군은 치유됩니다. 짧은 지속시간 후, 여명의 파괴자는 대상 위치로 날아가 착지하며 적에게 추가 피해를 주고 기절시킵니다. 정신을 집중하고 나면, 능력을 취소할 수 없습니다.",태양 수호자의 오라가 착지 후 2초 동안 여명의 파괴자를 따라다닙니다.,
dazzle,대즐,Dazzle,all,dazzle_poison_touch,맹독의 손길,Poison Touch,ability,24/21/18/15,원뿔 형태로 독을 분출하여 여러 적 유닛을 타격합니다. 대상에게 지속 피해를 주고 둔화합니다. 대상이 대즐의 공격을 받으면 약화 효과의 지속시간이 초기화되고 둔화 효과가 증가합니다.,,
dazzle,대즐,Dazzle,all,dazzle_shallow_grave,얕은 무덤,Shallow Grave,ability,30/26/22/18,얕은 무덤의 축복을 받은 아군은 효과가 유지되는 한 결코 죽지 않습니다. 해당 아군에 대한 치유 효과도 영웅의 체력에 비례한 지속시간 동안 증폭됩니다.,,
dazzle,대즐,Dazzle,all,dazzle_shadow_wave,어둠의 물결,Shadow Wave,ability,10/9/8/7,곡선으로 아군 사이를 옮겨 가는 한 줄기 힘을 내보내어 아군을 치유하고 근처에 있는 모든 적 유닛에게 피해를 줍니다. 어둠의 물결을 시전하면 대즐은 항상 치유를 받습니다.,어둠의 물결이 아군 외에도 적군을 대상으로 하며 사이를 튕겨 다닙니다. 적에게 튕기면 해당 대상은 피해를 받으며 주위 아군은 일반 피해 및 치유량의 100% 만큼 치유됩니다. 대즐은 어둠의 물결에 맞은 적에게 공격을 수행합니다.,
dazzle,대즐,Dazzle,all,dazzle_innate_weave,주문 엮기,Weave,innate,-,"대즐이 능력으로 영향받은 아군과 적 모두에게 주문 엮기를 적용하여, 아군의 방어력은 높이고 적의 방어력은 낮춥니다. 효과는 서로 중첩됩니다.",,아군에게 주문 엮기를 적용하면 해당 대상을 주문 엮기 중첩당 60만큼 치유합니다.
dazzle,대즐,Dazzle,all,dazzle_nothl_projection,노슬의 형상화,Nothl Projection,ability,70/60/50,"대즐이 육신을 떠나 무적 상태의 혼이 되어 노슬의 영역을 여행합니다. 혼은 주문을 시전하거나 공격하거나 아이템을 사용할 수 있으며, 세상에 남겨 놓은 육신과는 눈에 보이는 줄로 연결되어 있습니다. 활성화되어 있는 동안, 대즐의 기본 능력이 강화됩니다. 맹독의 손길은 적에게 주술을 걸어 변신시키고, 얕은 무덤은 만료 시 치유하며, 어둠의 물결은 쿨다운이 짧아집니다. 효과는 만료되기 전에 끝낼 수 있으며, 효과가 끝나면 대즐은 본래의 육신으로 돌아옵니다.",,노슬의 형상화를 대즐이 무력화 상태일 때 시전할 수 있습니다. 노슬의 영역에 있는 동안 치유량이 증가합니다.
death_prophet,죽음의 예언자,Death Prophet,all,death_prophet_carrion_swarm,무덤박쥐 떼,Crypt Swarm,ability,9/8/7/6,사나운 박쥐 떼를 내보내어 죽음의 예언자 앞에 있는 적을 처단합니다.,,
death_prophet,죽음의 예언자,Death Prophet,all,death_prophet_silence,침묵,Silence,ability,15/14/13/12,투사체를 발사하여 지정 구역 안에 있는 적 유닛이 주문을 시전하지 못하게 합니다.,,
death_prophet,죽음의 예언자,Death Prophet,all,death_prophet_spirit_siphon,혼령 빨아들이기,Spirit Siphon,ability,-,죽음의 예언자와 적 유닛 하나를 혼령으로 연결하여 적에게서 체력을 흡수합니다.,,혼령 빨아들이기의 충전 수가 1 증가하고 적이 연속 3초 동안 혼령이 빨리면 1초 동안 공포에 휩싸입니다.
death_prophet,죽음의 예언자,Death Prophet,all,death_prophet_witchcraft,마녀술,Witchcraft,innate,-,"죽음의 예언자가 보유한 비술 지식이 경험으로 더 깊어지면서, 이동 속도와 주문 쿨다운 감소 효과를 얻습니다.",,
death_prophet,죽음의 예언자,Death Prophet,all,death_prophet_exorcism,퇴마술,Exorcism,ability,150,사악한 혼령을 해방하여 주위 적 유닛과 건물의 체력을 흡수합니다. 혼령은 다시 공격하려면 죽음의 예언자에게 돌아와야 합니다. 주문의 지속시간이 다하면 죽음의 예언자는 혼령들이 적에게 준 피해만큼 자신의 체력을 회복합니다. 건물에는 50%의 피해를 줍니다. 40초 동안 지속합니다.,"적에게 주문으로 영향을 줄 때마다 또는 적을 공격하면, 혼령이 날아가 적을 타격하여 일반 피해보다 큰 보너스 피해를 주고 죽음의 예언자에게 돌아와 생명력을 회복시킵니다.",
disruptor,디스럽터,Disruptor,int,disruptor_thunder_strike,천둥 강타,Thunder Strike,ability,18/15/12/9,번개로 대상 유닛을 반복하여 공격합니다. 번개가 내리칠 때마다 좁은 반경 안에 있는 적 유닛에게 피해를 주고 0.3초 동안 이동 및 공격 속도가 100% 느려지게 합니다. 대상에 대한 시야를 제공합니다.,,"천둥 강타의 시전 범위와 타격 수가 증가합니다. 이제 지면을 대상으로 시전하면, 최대 4초 동안 휴면 상태로 있다가 반경 안에 처음으로 들어오는 적에게 들러붙습니다."
disruptor,디스럽터,Disruptor,int,disruptor_glimpse,잔상,Glimpse,ability,24/22/20/18,대상 영웅을 4초 전 위치로 순간이동시킵니다. 환영은 즉시 제거합니다. 잔상으로 되돌아간 거리의 일정 비율만큼 피해를 줍니다. 최대 피해량을 넘는 피해를 줄 수 없습니다.,,
disruptor,디스럽터,Disruptor,int,disruptor_kinetic_field,역장,Kinetic Field,ability,20/18/16/14,짧은 생성 시간을 거쳐 적이 지나갈 수 없는 원형의 동력 장벽을 만듭니다.,,두 역장에는 쿨다운이 따로따로 적용됩니다.
disruptor,디스럽터,Disruptor,int,disruptor_kinetic_fence,동적 울타리,Kinetic Fence,shard,14,짧은 생성 시간을 거쳐 동적 에너지로 벽을 만들어 적이 지나갈 수 없게 합니다.,,
disruptor,디스럽터,Disruptor,int,disruptor_electromagnetic_repulsion,전자기 반발력,Electromagnetic Repulsion,innate,5,"디스럽터가 400 반경 안에서 어떤 요인으로든 250을(를) 넘는 피해를 받으면, 안에 있는 모든 주위 적이 디스럽터의 지능 1.5배에 해당하는 피해를 받고 400 거리까지 밀쳐집니다.",,
disruptor,디스럽터,Disruptor,int,disruptor_static_storm,전자기 폭풍,Static Storm,ability,100/85/70,효과의 지속시간 동안 대상 범위 내에 있는 모든 적 유닛에게 피해를 주고 침묵에 빠뜨리는 전자기 폭풍을 생성합니다. 시간이 지날수록 더 큰 피해를 줍니다.,아이템을 사용하지 못하게 막습니다.,
doom_bringer,파멸의 사도,Doom,str,doom_bringer_devour,삼키기,Devour,ability,66,"적 또는 중립 크립을 흡수하여 해당 유닛이 지닌 특수 능력을 획득합니다. 교체 시전을 활성화하면, 크립의 능력을 획득하지 않습니다. 지속시간은 쿨다운과 동일합니다.",,"삼키기가 2회 충전되며, 고대 크립을 대상으로 할 수 있습니다. 훔친 크립 능력은 효과 범위가 15%, 주문 증폭이 40% 증가합니다."
doom_bringer,파멸의 사도,Doom,str,doom_bringer_scorched_earth,불타는 대지,Scorched Earth,ability,41/39/37/35,"주변의 지면을 화염으로 덮어 적에게 피해를 주는 한편, 파멸의 사도는 이동 속도와 체력 재생이 증가합니다.",,
doom_bringer,파멸의 사도,Doom,str,doom_bringer_infernal_blade,불지옥 검,Infernal Blade,ability,13/10/7/4,파멸의 사도가 불타는 검을 휘둘러 적에게 불을 붙입니다. 적은 0.66초 동안 기절하며 4초 동안 화상을 입고 매초 기본 피해와 최대 체력의 일정 비율을 피해로 받습니다.,,
doom_bringer,파멸의 사도,Doom,str,doom_bringer_doom,파멸,Doom,ability,140/130/120,적에게 저주를 걸어 지속 피해를 주는 동시에 해제를 적용하고 주문을 시전하거나 어떤 방법으로든 치유하지 못하게 합니다. 해제 유형: 기본 해제,파멸로 적에게 단절을 적용합니다. 파멸에 걸린 대상 주위 반경 350 안에서 대상과 같은 편도 파멸 효과를 받습니다. 파멸의 사도가 자신에게 시전하면 주위 적이 파멸의 영향을 받습니다.,
doom_bringer,파멸의 사도,Doom,str,doom_bringer_lvl_pain,레벨? 고통,Lvl ? Pain,innate,-,"파멸의 사도가 공격하면 적 영웅에게 저주가 걸립니다. 2.5초 후, 저주에 걸린 영웅은 나타난 불기둥과 함께 폭발하며 자신과 66의 효과 범위 안에 있는 모든 유닛에게 저주에 걸려 있는 동안 파멸의 사도에게서 받은 피해의 10%에 해당하는 피해를 줍니다. 적의 레벨이 6의 배수일 때 저주의 피해와 반경이 66% 더 강력하게 나타납니다.",,
dragon_knight,용기사,Dragon Knight,str,dragon_knight_breathe_fire,불꽃 숨결,Breathe Fire,ability,14/13/12/11,용기사가 정면으로 화염 숨결을 내뿜어 적을 불태우고 적의 공격으로 가하는 피해를 감소시킵니다.,,
dragon_knight,용기사,Dragon Knight,str,dragon_knight_dragon_tail,용의 꼬리,Dragon Tail,ability,16/14/12/10,용기사가 적 유닛을 방패로 후려쳐 기절시키고 해당 유닛과 가까이 있는 다른 유닛에게 피해를 줍니다.,,
dragon_knight,용기사,Dragon Knight,str,dragon_knight_wyrms_wrath,고룡의 분노,Wyrm's Wrath,ability,-,"몸에 흐르는 용의 피로 용기사의 능력과 아이템이 강화되어, 효과 범위가 증가하고 공격 시 적 유닛에게 추가 마법 피해를 줍니다.",,
dragon_knight,용기사,Dragon Knight,str,dragon_knight_fireball,불덩이,Fireball,shard,20,범위에 불을 붙여 그 안에 있는 적에게 남아 유지되는 지속 피해를 줍니다. 근접 공격 상태에서는 시전 범위가 감소합니다.,,
dragon_knight,용기사,Dragon Knight,str,dragon_knight_dragon_blood,용의 혈통,Dragon Blood,innate,-,몸에 흐르는 용의 피로 용기사의 체력 재생과 방어력이 향상됩니다. 고룡 형상일 때는 재생 및 방어력이 50% 증가합니다.,,
dragon_knight,용기사,Dragon Knight,str,dragon_knight_elder_dragon_form,고룡 형상,Elder Dragon Form,ability,100,"용기사가 고룡의 형상을 취해 능력의 범위가 증가하고 보너스 이동 속도 및 다양한 속성이 있는 원거리 공격 능력을 얻습니다. 용은 레벨마다 진화합니다. 보너스는 누적됩니다. 1레벨 녹룡: 지속하여 부식 피해를 부여하며, 해당 피해는 건물에도 적용됩니다. 2레벨 적룡: 용기사의 공격에 범위 피해를 부여합니다. 3레벨 청룡: 공격 시 약화 효과 면역을 관통하는 서리 효과로 이동 및 공격 속도를 둔화합니다.","고룡 형상의 현재 레벨이 1레벨 증가합니다. 4레벨 흑룡이 추가됩니다. 흑룡은 자유 경로 이동 능력, 보너스 마법 저항력, 향상된 다른 보너스를 보유합니다.",
drow_ranger,드로우 레인저,Drow Ranger,agi,drow_ranger_frost_arrows,얼음 화살,Frost Arrows,ability,-,드로우 레인저의 공격에 빙결 효과를 더해 적의 이동을 둔화하고 보너스 피해를 줍니다. 둔화는 1.5초 동안 지속합니다.,"얼음 화살이 적에게 저체온증 중첩을 적용하여, 얼음 화살로 받는 피해가 증가하고 중첩당 체력 회복이 감소하게 합니다. 적이 저체온증 중첩으로 죽으면, 폭발하며 주위 범위에 중첩당 피해를 주고 느려지게 합니다.",
drow_ranger,드로우 레인저,Drow Ranger,agi,drow_ranger_wave_of_silence,돌풍,Gust,ability,19/17/15/13,"공기의 파장을 내보내어 적 유닛을 침묵에 빠뜨리고, 뒤로 밀쳐내며, 보이지 않는 적 유닛을 밝힙니다. 적과 거리가 가까울수록 밀치기 거리가 길어집니다.",,
drow_ranger,드로우 레인저,Drow Ranger,agi,drow_ranger_multishot,다중 발사,Multishot,ability,24/21/18/15,"집중 기술 - 정신을 집중하는 동안 계속해서 일제 사격으로 질풍처럼 화살을 쏘아 보내 타격하는 적에게 추가 피해를 주고, 드로우 레인저 공격 범위 + 475의 범위에 얼음 화살을 쏩니다. 1.75초 동안 지속합니다. 드로우 레인저가 다중 발사를 시전하는 동안 천천히 움직이며 아이템을 사용할 수 있습니다.",,
drow_ranger,드로우 레인저,Drow Ranger,agi,drow_ranger_glacier,빙하,Glacier,shard,25,"자신의 아래에 얼음 무더기를 생성하여 근처에 있는 적을 뒤로 밀칩니다. 무더기 위에 서 있는 유닛은 비행 시야를 얻고, 드로우와 원거리 아군은 보너스 공격 범위를 얻습니다. 드로우 레인저가 빙하 위에 있는 동안에는 추가 공격력을 얻고, 아래에 있는 대상을 공격합니다. 무더기 앞면은 시야를 방해하며 드로우 레인저 외에는 지나갈 수 없습니다. 시전 시 다중 발사를 방해하지 않습니다.",,
drow_ranger,드로우 레인저,Drow Ranger,agi,drow_ranger_trueshot,명중의 오라,Precision Aura,innate,-,현재 민첩과 레벨에 따라 드로우 레인저에게 보너스 민첩이 부여됩니다. 근처에 있는 원거리 영웅은 보너스 민첩의 50%를 받습니다.,,
drow_ranger,드로우 레인저,Drow Ranger,agi,drow_ranger_marksmanship,명사수,Marksmanship,ability,-,드로우 레인저는 전투 경험 덕분에 일정 확률에 따라 놀라울 정도로 정확하고 효율적으로 화살을 발사합니다. 적의 방어를 꿰뚫고 기본 방어력을 무시합니다. 300 범위 내에 적 영웅이 있으면 비활성화됩니다.,,
earth_spirit,대지령,Earth Spirit,str,earth_spirit_boulder_smash,바위 치기,Boulder Smash,ability,20/17/14/11,대지령이 대상 적이나 아군을 강타하여 대지령이 바라보는 방향으로 밀쳐냅니다. 만약 지역을 대상으로 선택하면 200 반경 내에서 가장 가까운 유닛을 밀칩니다. 바위 잔영을 우선 대상으로 합니다. 대상 유닛이나 바위 잔영은 밀쳐지면서 부딪치는 모든 유닛에게 피해를 줍니다. 적이 바위 잔영에 부딪히면 둔화합니다. 바위 잔영은 유닛보다 더 멀리까지 밀려납니다.,,
earth_spirit,대지령,Earth Spirit,str,earth_spirit_rolling_boulder,바위 구르기,Rolling Boulder,ability,16/12/8/4,대지령이 바위의 형태를 취하고 0.6초의 지연시간 후 대상 위치까지 굴러가며 적 유닛에게 60/70/80/90 + 힘의 100%에 해당하는 피해를 주고 기절시킵니다. 적 영웅과 충돌하거나 기절에 빠지면 제자리에서 멈춥니다. 바위 잔영 위로 굴러가면 잔영을 흡수하여 더 멀리까지 더 빠른 속도로 이동하고 적을 더 오래 기절시킵니다.,,
earth_spirit,대지령,Earth Spirit,str,earth_spirit_geomagnetic_grip,대지의 자기장,Geomagnetic Grip,ability,13,대지령이 바위 잔영 또는 아군 유닛을 자신의 위치로 끌어당깁니다. 끌려오는 대상에 부딪힌 적은 침묵에 빠집니다. 끌어온 잔영에 부딪힌 적은 피해도 받습니다. 아군을 대상으로 할 때는 시전 범위가 감소합니다.,,"쿨다운이 3초로 감소하며, 아군 유닛을 대상으로 했을 때 시전 범위와 당기기 속도가 증가합니다."
earth_spirit,대지령,Earth Spirit,str,earth_spirit_stone_caller,바위 잔영,Stone Remnant,innate,-,"대상 위치에 바위 잔영을 불러냅니다. 바위 잔영은 시야를 제공하지 않고 무적이며 대지령의 능력으로 사용할 수 있습니다. 바위 잔영을 불러낼 때마다 대지령은 충전된 에너지를 하나씩 소모합니다. 소모한 에너지는 시간이 지나면 다시 충전됩니다. 바위 잔영은 충전 7회를 보유합니다. 대지령은 사용하지 않은 바위 잔영 충전 하나당 3%의 보너스 공격력을 지속하여 얻고, 바위 잔영이 능력의 대상이 되면, 추가로 10초 동안 7.5%의 보너스 공격력을 얻습니다. (중첩되지 않음)",,
earth_spirit,대지령,Earth Spirit,str,earth_spirit_petrify,잔영 마력 부여,Enchant Remnant,scepter,45,대지령이 일시적으로 영웅에게 마력을 주입하여 바위 잔영의 속성을 부여합니다. 짧은 지속시간 후 잔영이 부서지면 영웅이 풀려나면서 주위 적에게 피해를 줍니다. 바위 잔영에 시전할 수 있습니다. 바위 잔영에 시전하면 쿨다운 5초가 적용됩니다. 아군 영웅에게 시전할 때는 시전 범위가 더 넓어집니다.,,
earth_spirit,대지령,Earth Spirit,str,earth_spirit_magnetize,자력 주입,Magnetize,ability,100/90/80,"대지령 주위에 있는 적들에게 자성을 주입하여 짧은 시간 동안 피해를 줍니다. 자력 주입의 영향을 받은 유닛이 바위 잔영에 접근하면 바위의 잔영은 폭발하며 주위 모든 유닛에게 자력 주입 약화 효과를 새롭게 부여합니다. 이 과정은 여러 차례 반복할 수 있습니다. 적 영웅 한 명이 대지의 자기장 또는 바위 치기의 영향을 받으면, 자력 주입에 걸린 모든 적이 해당 효과를 공유합니다.",,
earthshaker,지진술사,Earthshaker,str,earthshaker_fissure,균열,Fissure,ability,18/17/16/15,"강력한 토템으로 지면을 강타하여 지나갈 수 없는 돌무더기를 만들고, 직선상 적에게 피해를 주는 동시에 기절에 빠뜨립니다.",,지진술사가 다른 능력을 시전하면 균열 쿨다운이 감소하고 경로를 따라 여진을 방출하여 감소한 지속시간 동안 기절 효과를 적용합니다.
earthshaker,지진술사,Earthshaker,str,earthshaker_enchant_totem,토템 강화,Enchant Totem,ability,5,지진술사의 토템을 강화하여 다음 공격 시 추가 피해를 주고 100의 보너스 공격 범위가 적용됩니다.,"지면을 대상으로 시전됩니다. 지진술사가 공중으로 뛰어올랐다가 대상 지점에 착지하면서 그 위치에 토템 강화를 시전합니다. 자신에게 시전하면 기본 능력대로, 뛰어오르지 않고 동작합니다. 토템 강화에 가르기 공격을 부여합니다.",
earthshaker,지진술사,Earthshaker,str,earthshaker_aftershock,여진,Aftershock,ability,-,지진술사가 능력을 쓸 때 땅을 울려 추가 피해를 주고 주위 적 유닛을 기절시킵니다.,,
earthshaker,지진술사,Earthshaker,str,earthshaker_echo_slam,지진파 공명,Echo Slam,ability,130/120/110,땅속으로 충격파를 보내 적 유닛에게 피해를 줍니다. 충격파에 맞은 적은 공명을 일으키며 주변 유닛에게 피해를 전달합니다. 영웅 본체는 공명을 두 번 일으킵니다.,,
earthshaker,지진술사,Earthshaker,str,earthshaker_slugger,거포,Slugger,innate,-,"토템 강화 또는 지진술사의 다른 능력으로 처치한 적은 공중으로 날아가며, 부딪힌 적에게 피해를 줍니다.",,
elder_titan,고대 티탄,Elder Titan,str,elder_titan_echo_stomp,공명파 발구르기,Echo Stomp,ability,14/13/12/11,"집중 기술 - 고대 티탄과 우주의 영혼이 발로 지면을 강타하여 주변의 모든 적 유닛에게 피해를 주고 의식을 잃게 합니다. 고대 티탄은 물리 피해를 주고, 우주의 영혼은 마법 피해를 줍니다.",,쿨다운이 감소합니다. 공명파 발구르기를 교체 시전으로 설정하면 우주의 영혼이 발구르기를 끝냈을 때 고대 티탄으로 바뀝니다.
elder_titan,고대 티탄,Elder Titan,str,elder_titan_ancestral_spirit,우주의 영혼,Astral Spirit,ability,23/21/19/17,"고대 티탄이 우주의 영혼을 전장으로 내보냅니다. 우주의 영혼은 통과하는 모든 유닛에게 피해를 줍니다. 우주의 영혼이 돌아오면 지나온 유닛 수에 비례하여 고대 티탄의 공격력과 이동 속도가 증가합니다. 우주의 영혼은 공명파 발구르기, 우주의 영혼 귀환, 자연의 질서 능력을 보유합니다.",영혼이 돌아올 때 고대 티탄이 2초 동안 약화 효과 면역 상태가 되며 영향받은 적 영웅당 마법 저항력 50%를 얻습니다.,
elder_titan,고대 티탄,Elder Titan,str,elder_titan_natural_order,자연의 질서,Natural Order,ability,-,"가까이 있는 적 유닛의 모든 속성을 기본 수치로 되돌리고 기본 방어력과 마법 피해 저항력을 제거합니다. 방어력 감소는 영웅을 중심으로 적용되며, 마법 방어력 감소는 우주의 영혼을 중심으로 적용됩니다.",,"적 영웅이 자연의 질서 효과를 받는 동안, %tick_rate%초마다 방어력이 %armor_per_tick%, 마법 저항력이 %magic_resistance_per_tick% 감소합니다. 최대 %max_stacks%회 중첩됩니다."
elder_titan,고대 티탄,Elder Titan,str,elder_titan_momentum,여세,Momentum,innate,-,고대 티탄이 보너스 이동 속도의 일정 비율만큼 방어력을 얻습니다.,,
elder_titan,고대 티탄,Elder Titan,str,elder_titan_earth_splitter,대지 가르기,Earth Splitter,ability,100/95/90,고대 티탄이 전방의 지면을 갈라 균열을 만들어 냅니다. 3초 후 균열이 안으로 붕괴하며 모든 적에게 최대 체력에 비례하는 피해를 주고 이동 속도를 감소시킵니다. 피해의 반은 마법 피해이며 나머지 반은 물리 피해입니다.,,
ember_spirit,불꽃령,Ember Spirit,agi,ember_spirit_searing_chains,화염 사슬,Searing Chains,ability,13/12/11/10,불꽃령이 불타는 올가미를 던져 주위 적을 묶습니다. 적은 움직이지 못하며 매초 피해를 받습니다.,,
ember_spirit,불꽃령,Ember Spirit,agi,ember_spirit_sleight_of_fist,불타는 주먹,Sleight of Fist,ability,13/11/9/7,불꽃령이 불타는 속도로 주위를 돌며 대상 지역의 모든 적을 공격하고 원래 위치로 돌아옵니다. 영웅에게 추가 피해를 줍니다.,,
ember_spirit,불꽃령,Ember Spirit,agi,ember_spirit_flame_guard,불의 보호막,Flame Guard,ability,32,불꽃령이 받는 마법 피해를 소모하는 불의 고리로 자신을 감싸고 받는 피해의 일정 비율을 흡수합니다. 불의 보호막은 활성화되어 있는 동안 불꽃령 주위 범위에 매초 피해를 줍니다. 보호막이 파괴되면 적에게 주는 피해도 사라집니다.,,
ember_spirit,불꽃령,Ember Spirit,agi,ember_spirit_activate_fire_remnant,불꽃 잔영 터뜨리기,Activate Fire Remnant,ability,-,선택한 불꽃 잔영으로 이동합니다.,,
ember_spirit,불꽃령,Ember Spirit,agi,ember_spirit_immolation,연소,Immolation,innate,-,불꽃령이 계속해서 불타오르며 항상 근처에 있는 모든 적에게 매초 피해를 줍니다.,,"불꽃 잔영에 현재 레벨의 연소를 부여하고, 초당 피해와 반경을 증가시킵니다."
ember_spirit,불꽃령,Ember Spirit,agi,ember_spirit_fire_remnant,불꽃 잔영,Fire Remnant,ability,0.5,"불꽃령이 불꽃 잔영을 내보내면 대상 위치까지 불꽃령 속도의 250%로 이동합니다. 불꽃 잔영 터뜨리기 능력을 사용하면 불꽃령이 활성화된 모든 불꽃 잔영으로 달려가며 파괴하고, 범위에 피해를 준 다음 가장 가까운 잔영으로 이동합니다. 불꽃령은 대상 위치에 가장 가까운 불꽃 잔영에서 멈춥니다.","시전 범위, 최초 잔영 속도, 최대 충전 수가 증가합니다.","불꽃령 주위에서 적 영웅이 죽으면, 불꽃 잔영 충전 1개가 회복됩니다. 또한, 불꽃령이 죽으면 그 위치에 불꽃 잔영이 생성됩니다."
enchantress,요술사,Enchantress,int,enchantress_impetus,추진력,Impetus,ability,6/4/2,공격 시 마법을 부여하여 대상과의 거리에 따라 추가 피해를 줍니다. 대상이 멀리 떨어져 있을수록 더 큰 피해를 줍니다. 환영에는 피해를 두 배로 줍니다.,,
enchantress,요술사,Enchantress,int,enchantress_enchant,매혹,Enchant,ability,30/24/18/12,"적 하나를 매혹합니다. 적이 영웅이면, 해제가 적용되고 3.5/4/4.5/5초 동안 느려지고 요술사와 부리는 유닛이 해당 대상을 상대로 보너스 공격 범위를 얻습니다. 적이 크립이면 지배하고 경험치 보상의 40%를 받습니다. 요술사가 최대 30/60/90/120초 동안 크립을 지배할 수 있습니다. 해제 유형: 기본 해제",요술사가 동시에 크립 여러 마리를 조종할 수 있습니다.,
enchantress,요술사,Enchantress,int,enchantress_natures_attendants,자연의 조력자,Nature's Attendants,ability,35,위습 무리가 요술사와 주위 아군 유닛을 치료합니다.,,
enchantress,요술사,Enchantress,int,enchantress_bunny_hop,폴짝,Sproink,shard,10,뒤로 뛰어오르며 날아오는 투사체를 피하고 요술사의 공격 범위 +100 안에서 가장 멀리 있는 적 2유닛에게 추진력 공격을 합니다.,,
enchantress,요술사,Enchantress,int,enchantress_little_friends,꼬마 친구들,Little Friends,scepter,20,"요술사가 적 유닛 하나를 제자리에 묶습니다. 반경 안에 있는 모든 크립, 아군, 적, 중립 크립이 6초 동안 이동 및 공격 속도 보너스를 얻고 선택한 대상을 공격합니다.",,
enchantress,요술사,Enchantress,int,enchantress_untouchable,불가촉,Untouchable,ability,-,요술사가 적을 현혹하여 공격자들의 공격 속도를 늦춥니다.,,
enchantress,요술사,Enchantress,int,enchantress_rabblerouser,대중 선동가,Rabble-Rouser,innate,-,요술사가 중립 크립이나 자신이 조종하는 유닛이 적 영웅에게 추가 피해를 주도록 합니다.,,
enigma,에니그마,Enigma,all,enigma_malefice,악의,Malefice,ability,20/18/16/14,에니그마가 대상에게 힘을 집중하여 반복적으로 피해를 주고 기절에 빠뜨립니다. 대상은 2초마다 피해를 받으며 기절합니다.,,악의의 기절 지속시간이 0.3초 증가하고 기절이 적용될 때마다 대상 옆에 분열체 하나를 생성합니다. 이렇게 생성된 분열체는 더 증식하지 않습니다.
enigma,에니그마,Enigma,all,enigma_demonic_conversion,악마의 소환,Demonic Summoning,ability,45/40/35/30,"에니그마가 체력을 소모하여 자신의 조각 3개를 소환합니다. 분열체의 체력이 에니그마가 보유한 현재 체력의 3%만큼 증가합니다. 소환한 분열체는 에니그마의 조종을 받으며, 연속하여 공격에 성공하면 증식합니다. 증식이 일어나면 분열체의 체력이 회복됩니다.",,
enigma,에니그마,Enigma,all,enigma_midnight_pulse,밤의 파동,Midnight Pulse,ability,40/35/30/25,"지정 범위를 어둠의 공명에 물들여, 5/10/15/20 + 적 유닛이 보유한 현재 체력의 일정 비율에 해당하는 피해를 줍니다.",,
enigma,에니그마,Enigma,all,enigma_event_horizon,사건의 지평선,Event Horizon,innate,-,반경 600 안에 있는 유닛이 에니그마에게서 멀어지면 이동 속도 불이익을 받습니다.,,
enigma,에니그마,Enigma,all,enigma_black_hole,블랙홀,Black Hole,ability,180/170/160,"집중 기술 - 주위 적 유닛을 빨아들이는 소용돌이를 소환합니다. 블랙홀에 영향을 받은 적은 이동, 공격, 주문 시전이 불가능합니다.",블랙홀로 매초 유닛이 보유한 최대 체력의 4%에 해당하는 피해를 추가로 주며 방해하지 않고 1000 효과 범위 안에서 블랙홀을 향해 끌어당깁니다. 당기기 속도: 150.,
faceless_void,얼굴없는 전사,Faceless Void,agi,faceless_void_time_walk,시간 이동,Time Walk,ability,21/16/11/6,대상 위치로 달려가며 마지막 2초 동안 받은 모든 피해를 되돌립니다.,도착하는 지점에 있는 모든 유닛에게 시간 가두기를 적용합니다.,
faceless_void,얼굴없는 전사,Faceless Void,agi,faceless_void_time_dilation,시간 팽창,Time Dilation,ability,28/24/20/16,"얼굴없는 전사가 주위 적을 시간이 팽창하는 장으로 감싸 적 능력의 쿨다운 진행을 늦춥니다. 감싸인 적은 적용될 때 시간 팽창 1중첩을, 쿨다운 상태에 있는 능력 하나당 1중첩을 얻습니다. 각 중첩은 초당 피해를 주며 이동 및 공격 속도를 둔화합니다. 시간의 구슬에 영향받는 동안에는 지속시간이 일시 중지됩니다.",,중첩당 둔화가 증가합니다. 얼굴없는 전사에게 공격 및 이동 속도를 증가시키는 중첩을 제공합니다. 중첩 수는 시전 시 적에게 적용된 시간 팽창 중첩 전체 수와 동일하며 지속시간에 걸쳐 정비례로 서서히 사라집니다.
faceless_void,얼굴없는 전사,Faceless Void,agi,faceless_void_time_lock,시간 가두기,Time Lock,ability,-,공격 시 일정 확률로 적 유닛을 시간에 가두고 한 번 더 공격합니다.,,
faceless_void,얼굴없는 전사,Faceless Void,agi,faceless_void_time_walk_reverse,시간 이동 뒤집기,Reverse Time Walk,scepter,0.5,시간 이동 도착 후 1.5초 동안 사용할 수 있습니다. 해당 시간 동안 사용하면 시간 이동을 뒤집어 이전 시전 위치로 갑니다. 체력에 영향을 미치거나 아가님의 홀 타격을 발동시키지 않습니다.,,
faceless_void,얼굴없는 전사,Faceless Void,agi,faceless_void_distortion_field,왜곡장,Distortion Field,innate,-,"적이 목표로부터 500 안에 있을 때, 얼굴없는 전사 또는 반경 1200 안에 있는 아군 영웅을 목표로 발사한 적의 공격 투사체가 40% 느려집니다.",,
faceless_void,얼굴없는 전사,Faceless Void,agi,faceless_void_chronosphere,시간의 구슬,Chronosphere,ability,155/145/135,시공간에 커다란 기포를 만들어 영향 범위 내의 모든 유닛을 가둡니다. 얼굴없는 전사는 그 안에서 매우 빠르게 움직일 수 있습니다. 얼굴없는 전사와 그가 지배하는 유닛만이 영향을 받지 않습니다. 투명 유닛은 모습이 드러납니다.,,
grimstroke,그림스트로크,Grimstroke,int,grimstroke_dark_artistry,운명의 한 획,Stroke of Fate,ability,11/9/7/5,그림스트로크는 붓으로 굽이진 먹의 길을 그려 적에게 피해를 주고 둔화합니다. 먹에 닿는 적이 늘어날수록 피해가 증가합니다. 교체 시전을 설정하여 길을 곧게 그릴 수 있습니다.,,
grimstroke,그림스트로크,Grimstroke,int,grimstroke_ink_creature,그러안는 유령,Phantom's Embrace,ability,30/26/22/18,"대상을 향해 빠르게 이동하여 들러붙는 유령 하나를 소환합니다. 유령이 들러붙은 대상은 피해를 받고 침묵에 빠집니다. 들러붙기 지속시간이 다하도록 살아남으면, 유령은 대상을 쥐어뜯어 엄청난 피해를 주며 그러안는 유령의 쿨다운은 초기화됩니다. 유령에 대한 영웅의 1회 공격은 3회로 간주합니다.",,
grimstroke,그림스트로크,Grimstroke,int,grimstroke_spirit_walk,먹물 너울,Ink Swell,ability,27/24/21/18,아군 유닛 하나를 먹물로 뒤덮어 이동 속도를 증가시킵니다. 아군 유닛에서 해당 범위 안에 있는 적은 지속하여 먹물 촉수의 피해를 받습니다. 3초 후에 먹물 촉수가 영웅 근처에 얼마나 오래 있는지에 비례하여 해당 유닛 주위 일정 지역에 피해와 기절 효과를 적용합니다.,,먹물 너울을 시전할 때 아군 유닛을 해제합니다. 먹물 너울이 피해를 40% 더 주고 먹물 너울로 가한 피해의 40% 만큼 대상을 치유합니다. 해제 유형: 기본 해제
grimstroke,그림스트로크,Grimstroke,int,grimstroke_dark_portrait,어둠의 초상,Dark Portrait,scepter,35,"적 영웅을 대상으로 하여 먹물 환영 하나를 생성합니다. 환영은 약화 효과에 면역이 되며, 마법 저항력 90%를 보유하고, 이동 속도와 공격력 보너스를 얻습니다.",,
grimstroke,그림스트로크,Grimstroke,int,grimstroke_soul_chain,영혼결속,Soulbind,ability,70/65/60,대상이 된 적 영웅 한 명을 결속 범위 안에서 가장 가까이에 있는 다른 적과 결속시켜 서로 멀리 떨어지지 못하게 합니다. 결속된 영웅 중 한쪽 영웅에게 유닛을 대상으로 하는 능력을 사용하면 다른 영웅에게도 시전됩니다. 지속시간이 다하기 전에 결속이 끊어지면 첫 대상은 다시 반경 안에서 가장 가까이에 있는 다른 적과 결속됩니다.,,
grimstroke,그림스트로크,Grimstroke,int,grimstroke_ink_trail,먹물 자국,Ink Trail,innate,-,그림스트로크의 공격과 주문으로 영향받은 적 영웅은 4초 동안 뒤로 먹물 자국을 남기고 그림스트로크에게 피해를 적게 줍니다.,,
gyrocopter,자이로콥터,Gyrocopter,agi,gyrocopter_rocket_barrage,로켓 폭격,Rocket Barrage,ability,7/6.5/6/5.5,자이로콥터에서 일정 반경 내에 있는 주위 적 유닛에게 일제히 로켓탄을 발사합니다. 3초 동안 지속합니다.,,
gyrocopter,자이로콥터,Gyrocopter,agi,gyrocopter_homing_missile,유도탄,Homing Missile,ability,26/21/16/11,대상 적 유닛을 추적하는 유도탄을 발사합니다. 유도탄은 시간이 지날수록 점차 속도가 증가하며 적중 시 대상을 기절시키고 피해를 줍니다. 유도탄은 표적에 명중하기 전에 적의 공격을 받아 파괴될 수 있습니다.,,유도탄을 시전하면 1초 뒤에 700의 효과 범위에 현재 레벨의 로켓 폭격이 지속하여 떨어집니다. 로켓 폭격은 유도탄의 대상을 우선으로 합니다.
gyrocopter,자이로콥터,Gyrocopter,agi,gyrocopter_flak_cannon,대공포,Flak Cannon,ability,25,지정된 횟수만큼 범위 내의 적을 한꺼번에 공격합니다. 공격의 직접 타격 대상만이 치명타 등의 공격 효과를 받습니다.12초 동안 또는 지정된 공격 횟수를 모두 사용할 때까지 지속됩니다.,,
gyrocopter,자이로콥터,Gyrocopter,agi,gyrocopter_afterburner,후속연소기,Afterburner,innate,-,자이로콥터가 공격이나 능력으로 적에게 피해를 준 후 짧은 지속시간 동안 이동 속도를 얻습니다.,,
gyrocopter,자이로콥터,Gyrocopter,agi,gyrocopter_side_gunner_spawn_ability,측면 포,Side Gunner,scepter,-,자이로콥터가 측면 포를 얻습니다. 측면 포는 자이로콥터의 공격 시 1.3초마다 700 유닛 반경에 있는 적 유닛을 공격합니다. 범위 안에서 가장 멀리 있는 유닛을 우선시합니다.,,
gyrocopter,자이로콥터,Gyrocopter,agi,gyrocopter_call_down,폭격 요청,Call Down,ability,75/65/55,미사일 공중 폭격 3회를 요청하여 대상 범위 내에 있는 적 유닛에게 피해를 주고 둔화합니다. 각 폭격은 이전 폭격 위치에서 500 떨어진 곳에 떨어집니다.,,
hoodwink,후드윙크,Hoodwink,agi,hoodwink_acorn_shot,도토리 발사,Acorn Shot,ability,19/16/13/10,"후드윙크가 공격할 때 대상 유닛에게 도토리를 발사합니다. 도토리가 근처에 있는 대상에게 튕기면서 느려지게 하고 후드윙크 공격력의 일정 비율과 보너스 피해를 줍니다. 지점을 대상으로 하면, 해당 위치에 나무가 생성되며 도토리가 근처에 있는 대상에게 튕깁니다. 능력을 교체 시전으로 설정하여 강제로 이 동작을 수행하게 할 수도 있습니다.",,
hoodwink,후드윙크,Hoodwink,agi,hoodwink_bushwhack,급습,Bushwhack,ability,15/14/13/12,"범위 내 나무 근처에 있는 적에게 그물 덫을 던져 기절시킵니다. 영향받은 적은 지속 피해를 받고 대상 범위 안에서 가장 가까이 있는 나무를 향해 끌려가며, 기절 지속시간 동안 시야가 0으로 감소합니다.",,
hoodwink,후드윙크,Hoodwink,agi,hoodwink_scurry,총총걸음,Scurry,ability,-,"후드윙크가 잠깐 보너스 이동 속도, 위상 이동, 나무 걷기 능력을 얻습니다. 활성화되어 있는 동안, 안개숲 나그네의 방향 돌리기 확률이 2배 증가합니다.",,
hoodwink,후드윙크,Hoodwink,agi,hoodwink_decoy,유인,Decoy,scepter,30,"후드윙크가 투명해지고, 이동 속도가 증가하며, 유인용 환영 하나를 생성합니다. 생성된 유인체는 가장 가까이 있는 적 영웅에게 감소한 피해를 주는 일등사수를 조준하기 시작합니다. 환영이 공격받거나 대상 지정 능력의 타격을 받으면, 파괴되면서 적을 향해 하급 급습을 적용합니다.",,
hoodwink,후드윙크,Hoodwink,agi,hoodwink_hunters_boomerang,사냥꾼의 부메랑,Hunter's Boomerang,shard,20,호를 그리며 날아가는 부메랑을 던집니다. 부메랑은 적에게 닿은 후 다시 후드윙크에게 돌아오면서 지나치거나 타격하는 적에게 피해를 주고 약화 효과를 겁니다. 영향받은 적은 둔화하며 주문 피해에 더 취약해집니다.,,
hoodwink,후드윙크,Hoodwink,agi,hoodwink_sharpshooter,일등사수,Sharpshooter,ability,45,석궁을 감았다가 치명적인 석궁살을 발사하여 적 영웅에게 큰 피해를 주고 단절과 둔화를 적용합니다. 피해와 약화 효과 지속시간은 3초 후 최대치까지 단계적으로 증가하며 석궁살은 5초 후 자동으로 발사됩니다. 후드윙크는 발사 반동력으로 350 거리만큼 뒤로 밀려납니다. 석궁살에 맞은 크립은 수치의 절반에 해당하는 피해를 받습니다.,화살 속도와 이동 속도 둔화가 증가합니다.,
hoodwink,후드윙크,Hoodwink,agi,hoodwink_mistwoods_wayfarer,안개숲 나그네,Mistwoods Wayfarer,innate,-,후드윙크가 일정 확률로 적의 공격을 근처 나무로 돌립니다.,,
huskar,허스카,Huskar,str,huskar_inner_fire,내면의 불꽃,Inner Fire,ability,17/15/13/11,타오르는 분노로 근처에 있는 모든 적을 일정 거리만큼 뒤로 밀쳐내며 피해를 주고 침묵시킵니다.,,
huskar,허스카,Huskar,str,huskar_burning_spear,불타는 창,Burning Spear,ability,-,"허스카가 창에 불을 붙여 기본 공격에 지속 피해를 추가합니다. 여러 번 공격하면 지속 피해가 중첩되며, 공격할 때마다 허스카의 체력이 조금씩 소모됩니다.",불타는 창 사용 시 추가로 창 %multishot_targets%개가 허스카의 공격 범위 안에 있는 무작위 적에게 던져집니다.,
huskar,허스카,Huskar,str,huskar_berserkers_blood,광전사의 피,Berserker's Blood,ability,-,"허스카가 부상에서 힘을 얻습니다. 체력이 감소한 만큼 공격 속도, 마법 저항력, 체력 재생이 증가합니다. 체력 재생은 힘에 비례합니다.",,"체력을 소모하여 광전사의 피를 활성화함으로써 자신의 상처를 소작할 수 있습니다. 활성화하면 허스카에게 해제를 적용한 다음, 일정 지연 시간 후 소모한 체력 양과 해제된 약화 효과 하나당 추가 보너스를 합한 만큼 치유합니다. 해제 유형: 기본 해제"
huskar,허스카,Huskar,str,huskar_blood_magic,피의 마법,Blood Magic,innate,-,"허스카는 마나가 없습니다. 아이템의 마나 소모는 체력 소모로 전환됩니다. 허스카의 체력 소모는 마법 피해이며, 마법 저항력으로 감소합니다.",,
huskar,허스카,Huskar,str,huskar_life_break,일격필살,Life Break,ability,16/14/12,허스카가 자신의 체력을 희생하여 적을 쓰러뜨립니다. 대상을 향해 뛰어오른 후 해당 영웅의 현재 체력에 비례하여 엄청난 피해를 주고 이동 및 공격 속도를 모두 느려지게 합니다. 뛰어오르는 동안에는 약화 효과에 면역이 되며 60%의 마법 저항력을 보유합니다. 해제 유형: 기본 해제,적 대상이 강제로 허스카를 공격하게 합니다. 시점 범위가 증가합니다.,
invoker,원소술사,Invoker,int,invoker_quas,콰스,Quas,ability,-,얼음 원소를 조작할 수 있습니다. 활성화한 콰스의 수로 원소술사에게 보너스 체력 재생이 주입됩니다. 지속하여 콰스 레벨당 보너스 힘을 부여합니다.,현재 레벨과 최대 레벨에 1레벨을 부여합니다.,
invoker,원소술사,Invoker,int,invoker_wex,웩스,Wex,ability,-,폭풍 원소를 조작할 수 있습니다. 활성화한 웩스로 원소술사에게 보너스 이동 및 공격 속도가 주입됩니다. 지속하여 웩스 레벨당 보너스 민첩을 부여합니다.,현재 레벨과 최대 레벨에 1레벨을 부여합니다.,
invoker,원소술사,Invoker,int,invoker_exort,익조트,Exort,ability,-,불 원소를 조작할 수 있습니다. 활성화한 익조트의 수로 원소술사에게 보너스 공격력이 주입됩니다. 지속하여 익조트 레벨당 보너스 지능을 부여합니다.,현재 레벨과 최대 레벨에 1레벨을 부여합니다.,
invoker,원소술사,Invoker,int,invoker_invoke,원소 조합,Invoke,innate,7,"현재 다루는 원소의 속성을 조합하여 새로운 주문을 생성합니다. 각 원소 레벨당 원소 조합의 쿨다운이 0.3초씩 감소합니다. 원소술사가 6레벨, 12레벨, 18레벨에 원소에 따라 보너스 능력 포인트를 얻습니다. 방대한 마법 지식 덕분에 여러 가지 아가님의 홀 및 파편 옵션을 선택할 수 있습니다. 아이템은 반드시 먼저 활성화해야 사용할 수 있으며, 선택한 후에는 변경할 수 없습니다. 조합 가능한 주문 목록은 도움말 버튼을 클릭하여 확인할 수 있습니다.",,
invoker,원소술사,Invoker,int,invoker_cold_snap,한파,Cold Snap,ability,19,원소술사가 적에게서 열기를 빼앗고 뼛속까지 몸을 얼립니다. 효과의 지속시간은 콰스의 레벨에 따라 증가합니다. 적은 피해를 받고 짧은 시간 동안 빙결 상태에 빠집니다. 이 상태에서 적이 더 많은 피해를 받으면 다시 얼어붙고 보너스 피해를 받습니다. 빙결 효과는 일정 횟수만큼 발동하지만 빙결의 쿨다운은 콰스의 레벨에 따라 감소합니다.,,
invoker,원소술사,Invoker,int,invoker_ghost_walk,유령 보행,Ghost Walk,ability,40,원소술사가 주위의 얼음과 전기의 에너지를 조작하여 자기 몸을 투명하게 바꾸고 체력 및 마나 재생 효과를 얻습니다. 그 결과로 원소의 불균형이 발생하여 콰스 레벨에 따라 원소술사 주위에 있는 적들의 이동 속도가 감소하며 웩스 레벨에 따라 원소술사 자신의 이동 속도가 감소합니다.,,이제 유령 보행이 효과 범위 안의 적 영웅에게 얼음 장벽의 초당 피해까지 적용합니다.
invoker,원소술사,Invoker,int,invoker_tornado,회오리,Tornado,ability,27,빠르게 움직이는 회오리를 날려 보내 경로 상에 있는 적 유닛을 무력하게 공중으로 들어 올리고 잠시 후 떨어뜨립니다. 웩스 레벨에 따라 회오리의 이동 거리가 증가하고 콰스 레벨에 따라 적을 공중에 묶어두는 시간이 증가합니다. 기본 피해에 웩스 레벨에 따라 추가 피해를 줍니다. 해제 유형: 기본 해제,"회오리가 경로를 따라 소용돌이 바람을 생성합니다. 소용돌이 바람은 회오리 지속시간과 콰스에 기반한 추가 시간을 합한 시간 동안 유지되며, 0.25초마다 150 반경에 웩스에 기반한 피해(크립에게는 절반의 피해)를 줍니다.",
invoker,원소술사,Invoker,int,invoker_emp,전자기파,E.M.P.,ability,27,원소술사가 전자기 에너지를 집중하여 대상 지점에 날려 보냅니다. 에너지는 2.9초 후 자동으로 폭발합니다. 폭발 시 일정 범위에 걸쳐 웩스 레벨에 비례하여 상대의 마나를 소진하게 하고 소진된 마나의 양만큼 피해를 줍니다. 전자기파로 상대 영웅의 마나를 소진할 경우 원소술사는 소진된 마나의 25%만큼 마나를 회복합니다.,,전자기파로 소진된 마나 수치당 피해가 증가하고 적 유닛을 매초 125 유닛 거리의 속도로 전자기파의 중심을 향해 끌어당깁니다.
invoker,원소술사,Invoker,int,invoker_alacrity,활력,Alacrity,ability,15,"원소술사가 막대한 양의 응축된 에너지를 아군에게 불어넣어 공격 속도 및 공격력을 증가시킵니다. 공격 속도는 웩스의 레벨에 따라 증가하며, 공격력은 익조트의 레벨에 따라 증가합니다.",,
invoker,원소술사,Invoker,int,invoker_chaos_meteor,혼돈의 유성,Chaos Meteor,ability,50,"원소술사가 우주에서 불타는 유성을 불러내어 대상 지점으로 떨어뜨립니다. 유성은 지면에 충돌한 다음 앞으로 굴러가면서 익조트의 레벨에 기반한 피해를 지속해서 가합니다. 유성이 굴러가는 거리는 웩스의 레벨에 따라 길어집니다. 유성에 맞은 유닛은 짧은 시간 동안 화상을 입고, 익조트 레벨에 따라 추가 피해를 받습니다.",,
invoker,원소술사,Invoker,int,invoker_sun_strike,태양 강타,Sun Strike,ability,23,"지도상의 대상 지점에 파국을 부르는 무시무시한 태양 광선을 떨어뜨립니다. 광선은 지면에 떨어지는 순간 닿는 모든 적 유닛을 불태웁니다. 익조트 레벨에 따라 피해를 주는데, 이 피해는 공격을 받은 적 모두에게 똑같이 나뉘어 적용됩니다.",태양 강타를 두 번 누르면 대재앙을 생성합니다.90초의 쿨다운이 적용됩니다. 모든 적 영웅 주위 90~180 범위에 75%의 피해를 주는 태양 강타가 눈에 보이게 2회 떨어집니다.,"태양 강타가 적 영웅 한 명에게 피해를 주면, 현재 레벨의 달구어진 영혼 하나가 해당 위치에 생성됩니다."
invoker,원소술사,Invoker,int,invoker_forge_spirit,달구어진 영혼,Forge Spirit,ability,27,"원소술사가 불의 힘과 얼음의 견고함을 형상화한 영혼을 만들어 냅니다. 공격력과 방어력은 익조트 레벨에 따라, 그리고 공격 범위, 체력, 지속시간은 콰스 레벨에 따라 결정됩니다. 달구어진 영혼은 불타는 주먹으로 강력한 공격을 하며 적 영웅의 갑옷까지도 녹일 수 있습니다. 생성하는 영혼의 수는 콰스와 익조트 중 낮은 레벨에 따라 결정됩니다.",,
invoker,원소술사,Invoker,int,invoker_ice_wall,얼음 장벽,Ice Wall,ability,23,"원소술사의 바로 앞에 단단한 얼음의 벽을 생성합니다. 얼음의 벽이 지속되는 시간은 콰스의 레벨에 따라 증가합니다. 얼음의 벽 주위에 있는 적들은 혹독한 냉기로 인해 이동 속도가 매우 감소하며 매초 피해를 받습니다. 감속 효과는 콰스의 레벨에 따라 증가하며, 얼음의 벽으로 가하는 피해는 익조트의 레벨에 따라 증가합니다.","얼음 장벽이 유빙이 되며, 진로가 지정됩니다. 일정 지연시간 후, 유빙이 45의 얼음 장벽으로 나타납니다. 적 영웅이 범위 안에 2.5초를 초과하여 머물면 제자리에 묶이고 콰스에 기반한 마법 피해를 받습니다.",
invoker,원소술사,Invoker,int,invoker_deafening_blast,굉음 폭발,Deafening Blast,ability,36,"원소술사가 전방을 향해 강력한 초음파를 방출하여 음파에 닿는 적들에게 익조트의 레벨에 기반한 피해를 줍니다. 음파 공격의 강렬한 충격으로 인해 적들은 콰스의 레벨에 따른 시간 동안 뒤로 밀려나고, 웩스의 레벨에 따른 시간 동안 무장 해제됩니다.",,
wisp,이오,Io,all,wisp_tether,연결,Tether,ability,12,"아군 유닛에 연결하여, 연결된 아군과 자신에게 보너스 이동 속도를 부여합니다. 이오가 체력이나 마나를 회복하면, 연결된 유닛은 이오가 회복한 양의 일정 부분만큼 체력이나 마나를 회복합니다. 연결된 아군 유닛이 너무 멀리 이동하거나 이오가 연결을 취소하면 연결이 끊어집니다. 연결 부분에 닿은 적은 둔화합니다.",,연결 부분에 닿은 적이 피해를 받습니다. 가해진 피해의 50%만큼 이오가 치유됩니다.
wisp,이오,Io,all,wisp_spirits,영혼,Spirits,ability,15,이오 주위로 원을 그리며 춤추는 다섯 개의 구체 영혼을 소환합니다. 구체가 적 영웅에게 부딪치면 폭발하면서 주위 범위 안에 있는 모든 적 유닛에게 피해를 줍니다. 구체가 크립에 부딪히면 작은 피해를 주며 폭발하지 않습니다. 지속시간이 다하면 영혼이 폭발합니다.,이오 주위에서 매초 영혼이 계속 최대치까지 생성됩니다. 영혼과 충돌하는 적 영웅은 잠시 느려집니다. 활성화하여 영혼을 폭발시킬 수 있습니다.,
wisp,이오,Io,all,wisp_overcharge,과충전,Overcharge,ability,25/22/19/16,"이오가 최대 체력에 따라 공격 속도, 주문 증폭, 체력 재생 효과를 얻습니다. 이오와 연결된 아군도 과충전으로 부여되는 모든 보너스를 얻습니다.",,
wisp,이오,Io,all,wisp_spirits_in,영혼 모으기,Spirits In,ability,-,영혼들을 가까이 내보냅니다. 끄고 켤 수 있습니다.,,
wisp,이오,Io,all,wisp_spirits_out,영혼 내보내기,Spirits Out,ability,-,영혼들을 더 멀리 내보냅니다. 끄고 켤 수 있습니다.,,
wisp,이오,Io,all,wisp_relocate,재배치,Relocate,ability,90/80/70,이오와 이오에게 연결된 아군 하나를 지도상 임의의 지점으로 순간이동시킵니다. 주문의 효과가 다하면 이오와 이오에게 연결된 아군은 원래 지점으로 다시 돌아갑니다. 두 번 클릭하면 아군 기지의 분수로 순간이동합니다.,,
wisp,이오,Io,all,wisp_equilibrium,평형,Equilibrium,innate,-,"이오의 체력이 최대치에 가깝게 차오를수록 주는 피해 증폭이 증가하며, 최소치에 가깝게 떨어질수록 체력 회복과 치유 증폭이 증가합니다.",,
jakiro,자키로,Jakiro,int,jakiro_dual_breath,이중 숨결,Dual Breath,ability,12/11/10/9,자키로가 정면을 향해 얼음과 불의 숨결을 차례로 내뿜습니다. 얼음에 닿은 적은 둔화에 걸리며 불에 닿은 적은 지속하여 피해를 받습니다.,,
jakiro,자키로,Jakiro,int,jakiro_ice_path,얼음 길,Ice Path,ability,20/17/14/11,얼음의 길을 만들어 길에 닿는 적을 기절시키고 피해를 줍니다.,,
jakiro,자키로,Jakiro,int,jakiro_liquid_fire,흐르는 불길,Liquid Fire,ability,13/10/7/4,일반 공격에 화염 효과를 추가하여 효과 범위 내에 있는 적을 불태우고 공격 속도가 느려지게 합니다. 흐르는 서리와 쿨다운을 공유합니다.,,자키로의 흐르는 불길이 더는 마나를 소모하지 않고 흐르는 서리와 쿨다운을 공유하지 않습니다.
jakiro,자키로,Jakiro,int,jakiro_liquid_ice,흐르는 서리,Liquid Frost,ability,13/10/7/4,자키로가 얼음이 추가된 공격으로 적에게 한기를 불어넣어 5초 동안 이동을 둔화하고 자키로의 공격과 능력에서 더 큰 피해를 받게 합니다. 건물에는 적용되지 않습니다. 흐르는 불길과 쿨다운을 공유합니다.,,자키로의 흐르는 서리가 더는 마나를 소모하지 않고 흐르는 불길과 쿨다운을 공유하지 않습니다.
jakiro,자키로,Jakiro,int,jakiro_double_trouble,이중고,Double Trouble,innate,-,"자키로가 공격하면 두 머리가 각각 공격을 시행하지만, 각각의 머리가 주는 피해는 감소합니다.",,
jakiro,자키로,Jakiro,int,jakiro_macropyre,불바다,Macropyre,ability,90/80/70,자키로가 전방을 향해 직선으로 넓게 지속하는 불길을 내뿜습니다. 불길에 닿은 적 유닛은 초당 피해를 받습니다.,"불바다의 지속시간이 증가하고 순수 피해를 줍니다. 자키로가 불바다 가장자리를 따라 얼음 장벽 두 개를 방출하며, 넘어가려는 적은 60% 둔화합니다.",
juggernaut,가면무사,Juggernaut,agi,juggernaut_blade_fury,분노의 칼날,Blade Fury,ability,30/26/22/18,무기를 휘둘러 거센 칼날 폭풍을 일으킵니다. 이 동안에는 약화 효과에 마법 저항력 80%로 면역이 되고 0.2초마다 주위 적 유닛에게 피해를 줍니다. 회전을 멈출 때 강한 해제를 적용합니다.,반경이 증가하고 효과 범위 안의 적을 둔화합니다. 가면무사가 %attack_interval%초마다 영향받은 적을 공격합니다.,
juggernaut,가면무사,Juggernaut,agi,juggernaut_healing_ward,치유 와드,Healing Ward,ability,60,치유 와드를 소환하여 주위 모든 아군 유닛을 치료합니다. 회복되는 체력은 최대 체력에 따라 달라집니다. 치유 와드는 소환된 후 325의 이동 속도로 움직일 수 있으며 18/20/22/24초 동안 지속합니다.,,와드의 치유량과 체력이 증가합니다.
juggernaut,가면무사,Juggernaut,agi,juggernaut_blade_dance,검무,Blade Dance,ability,-,가면무사가 일정 확률로 분노의 칼날을 사용하거나 공격할 때마다 치명타 피해를 줍니다.,,
juggernaut,가면무사,Juggernaut,agi,juggernaut_swift_slash,신속 베기,Swiftslash,scepter,25,1초 동안 짧게 연속 베기를 시행합니다.,,
juggernaut,가면무사,Juggernaut,agi,juggernaut_bladeform,검기,Bladeform,innate,-,가면무사가 피해를 받지 않는 2초마다 검기 1중첩을 획득합니다. 각 중첩으로 보너스 기본 민첩과 이동 속도를 부여합니다. 중첩은 피해를 받으면 2초 후 서서히 사라집니다.,,
juggernaut,가면무사,Juggernaut,agi,juggernaut_omni_slash,연속 베기,Omnislash,ability,120,가면무사가 적 영웅을 향해 뛰어든 다음 더욱더 빠른 공격 속도로 주위 적 유닛을 벱니다. 연속베기로 공격하는 동안 가면무사는 무적 상태가 됩니다. 해제 유형: 기본 해제,,
keeper_of_the_light,빛의 수호자,Keeper of the Light,int,keeper_of_the_light_illuminate,천상의 빛,Illuminate,ability,13,집중 기술 - 집중된 빛의 에너지를 내뿜습니다. 집중 시간이 길수록 더 강력한 힘을 모을 수 있습니다. 방출된 빛은 경로상 적에게 피해를 주며 주위의 시야를 밝힙니다. 집중 시간이 길수록 더 큰 피해를 줍니다.,,
keeper_of_the_light,빛의 수호자,Keeper of the Light,int,keeper_of_the_light_blinding_light,눈부신 빛,Blinding Light,ability,24/21/18/15,"눈부신 빛으로 대상 지역을 밝혀 유닛들을 범위 가장자리로 밀쳐내고 눈을 실명시켜 공격이 빗나가게 합니다. 최소 밀치기 거리는 175이며, 0.6초에 걸쳐 적용됩니다.",,
keeper_of_the_light,빛의 수호자,Keeper of the Light,int,keeper_of_the_light_chakra_magic,차크라 마법,Chakra Magic,ability,20/17/14/11,대상 유닛의 마나를 회복하고 현재 쿨다운 상태인 모든 기본 능력의 쿨다운을 일정량만큼 감소시킵니다. 빛의 수호자에게 사용하면 효과가 30% 더 커집니다.,,
keeper_of_the_light,빛의 수호자,Keeper of the Light,int,keeper_of_the_light_radiant_bind,태양의 속박,Solar Bind,ability,14,"적의 마법 저항력을 약화하고, 대상이 움직일수록 더 강력해지는 둔화 효과를 적용합니다.",,충전 2회를 부여합니다.
keeper_of_the_light,빛의 수호자,Keeper of the Light,int,keeper_of_the_light_will_o_wisp,홀리는 빛,Will-O-Wisp,scepter,60,"대상 지역에 도깨비불을 소환합니다. 켜졌다 꺼지기를 반복하며, 넋을 빼놓는 깜빡임으로 적을 가까이 끌어당깁니다.",,
keeper_of_the_light,빛의 수호자,Keeper of the Light,int,keeper_of_the_light_spirit_form,영혼 형상,Spirit Form,ability,85/80/75,"에잘로르가 일시적으로 빛의 화신이 되어 시전 범위를 얻고, 빛의 속도에서 얻는 속도 보너스가 증가합니다. 또한, 천상의 빛을 다른 영혼이 시전하며 아군을 치유할 수 있습니다.",,천상의 빛으로 주는 치유 효과가 증가합니다.
keeper_of_the_light,빛의 수호자,Keeper of the Light,int,keeper_of_the_light_bright_speed,빛의 속도,Bright Speed,innate,-,"빛의 수호자가 지능 3당 이동 속도 1을 얻습니다. 빛의 수호자가 300 거리를 이동할 때마다, 뒤에 빛의 흔적을 남겨 3초 동안 400 범위를 볼 수 있습니다.",,
kez,케즈,Kez,agi,kez_echo_slash,공명 베기,Echo Slash,ability,21/18/15/12,케즈가 무사검으로 전방 800 거리를 일직선으로 베어 일정 범위에 있는 적을 공격하고 충격에 의해 짧게 100% 느려지게 합니다. 짧은 지연시간 후 해당 범위에 다시 공격이 가해집니다. 영웅은 보너스 피해를 받습니다.,,
kez,케즈,Kez,agi,kez_grappling_claw,갈고리 발톱,Grappling Claw,ability,13/11/9/7,"케즈가 갈고리를 휘두른 다음 유닛이나 나무를 대상으로 날립니다. 갈고리가 대상에 맞으면, 해당 유닛은 이동 속도가 느려집니다. 케즈는 적 대상에게 도달했을 때 공격을 가합니다.",,
kez,케즈,Kez,agi,kez_kazurai_katana,카주라이 무사검,Kazurai Katana,ability,24/18/12/6,무사검 공격과 능력으로 적에게 중첩 피해를 적용하여 원 공격 피해의 일정 비율을 추가 지속 피해로 가합니다. 케즈가 능력을 활성화하면 공격으로 대상을 꿰뚫어 이동하거나 방향을 돌리지 못하게 할 수 있습니다. 대상의 무사검 약화 효과가 폭발하면 중첩의 일부가 즉시 피해를 가합니다.,,"케즈가 꿰뚫기로 생명력의 100%를 빨아들입니다. 꿰뚫기가 대상의 뒤에서부터 이뤄지면, 대상은 기절합니다. 최대 폭발 중첩 수가 증가합니다."
kez,케즈,Kez,agi,kez_switch_weapons,수련법 바꾸기,Switch Discipline,innate,8,"케즈는 카주라이 무사검과 쇼도 쌍차를 번갈아 가며 사용합니다. 장착한 무기에 따라 다른 공격 역량과 능력을 얻습니다. 능력의 레벨은 동시에 오르며, 한 가지 능력을 사용할 때 연관된 교체 무기 능력도 쿨다운에 놓입니다. 케즈가 무사검으로 전환한 후에는 첫 번째 무사검 적중 또는 능력으로 추가 피해를 주고, 쌍차로 전환한 후에는 보너스 속도를 얻습니다.","수련법 바꾸기를 시전한 후 3초 이내에 처음으로 사용했거나 이미 쿨다운 상태라면, 교체 무기 능력이 쿨다운에 놓이는 무기 능력을 시전해도 쿨다운이 시작되지 않습니다. 어떤 무기 능력이든 시전하면 수련법 바꾸기의 쿨다운이 초기화됩니다.",
kez,케즈,Kez,agi,kez_raptor_dance,육식조의 춤,Raptor Dance,ability,40/35/30,"1초 동안 제어할 수 없는 상태에 돌입해 0.2초 동안 무적 상태가 되고, 기본 해제를 받습니다. 시전이 성공적으로 완료되면, 케즈는 주위에 방사형으로 치명적인 베기 공격을 몇 차례 시행하여 대상이 보유한 최대 체력에 따라 피해를 주고 가한 피해의 일정 비율만큼 자신을 치유합니다.",,
kez,케즈,Kez,agi,kez_falcon_rush,송골매 돌격,Falcon Rush,ability,21/18/15/12,적을 대상으로 돌격해 2차 공명 공격을 감행하는 능력을 얻습니다. 이 상태에서는 케즈가 위상 전이 충돌을 하며 둔화 저항력을 얻습니다.,,
kez,케즈,Kez,agi,kez_talon_toss,발톱 던지기,Talon Toss,ability,13/11/9/7,케즈가 대상 유닛에게 쌍차를 던져 고정 피해 공격을 하고 침묵시킵니다.,,
kez,케즈,Kez,agi,kez_shodo_sai,쇼도 쌍차,Shodo Sai,ability,24/18/12/6,"케즈가 쌍차로 공격할 때 일정 확률로 대상에게 치명타를 가합니다. 케즈가 능력을 활성화하면 무장 해제되고, 보는 방향이 고정되며, 1.5초 동안 대상 방향에서 오는 공격과 공격 효과를 쳐낼 수 있습니다. 이러한 방법으로 적 영웅의 공격을 쳐내면, 해당 영웅은 0.4초 동안 기절하며 표식이 걸립니다. 표식에 걸린 대상에게 케즈가 가하는 공격은 반드시 치명타로 적중하며, 해당 대상은 기절합니다. 보조 능력을 사용하여 차단을 초기에 취소할 수 있습니다.",,쳐내기로 더 강한 표식이 생성되어 추가 기절 및 치명 피해가 적용됩니다.
kez,케즈,Kez,agi,kez_ravens_veil,흑까마귀의 장막,Raven's Veil,ability,40/35/30,한 차례 연기를 내뿜어 주위 적 영웅에게 표식을 남기고 짧은 시간 동안 시야를 감소시킵니다. 케즈에게 기본 해제가 적용되며 공격하거나 주문을 시전할 때까지 보너스 이동 속도를 얻고 투명 상태가 됩니다.,,
kunkka,컨카,Kunkka,str,kunkka_torrent,급류,Torrent,ability,16/14/12/10,"짧은 지연시간 후, 솟구치는 급류를 소환해 적 유닛을 하늘로 날려 보냅니다. 급류에 휘말린 대상은 피해를 받고 기절 상태에 빠지며 이동 속도가 감소합니다.",,
kunkka,컨카,Kunkka,str,kunkka_tidebringer,파도의 지배자,Tidebringer,ability,13/10/7/4,컨카는 전설적인 검이 있어 한층 더 강력한 피해를 줍니다. 한 번만 휘둘러도 앞에 있는 적 여럿이 쓰러집니다.,,
kunkka,컨카,Kunkka,str,kunkka_x_marks_the_spot,목표 지점 X,X Marks the Spot,ability,24/20/16/12,"아군 또는 적군 영웅의 현재 위치를 X자로 표시하고, 몇 초 후 해당 영웅을 표시 지점으로 되돌립니다. 지속시간 중 언제든 대상을 해당 위치로 되돌릴 수 있습니다. 아군 영웅에게 사용 시 지속시간이 두 배로 길어집니다.",,
kunkka,컨카,Kunkka,str,kunkka_admirals_rum,제독의 럼주,Admiral's Rum,innate,50.5,"적 영웅, 건물, 로샨으로부터 컨카의 체력을 65% 한계치 아래로 떨어뜨리는 피해를 받으면, 컨카는 스스로 제독의 럼주를 흠뻑 뒤집어써서 보너스 이동 속도를 얻고 5초 동안 받는 피해의 18%에 대한 반응이 늦게 나타나도록 합니다.",,
kunkka,컨카,Kunkka,str,kunkka_tidal_wave,해일,Tidal Wave,shard,12,컨카의 뒤에서 해일을 생성하여 내보냅니다. 피해를 주고 적을 끌어 함께 이동합니다. 적은 끌려가는 동안 공격할 수 없습니다.,,
kunkka,컨카,Kunkka,str,kunkka_ghostship,유령선,Ghostship,ability,90/80/70,전장을 가르며 나아가는 유령선을 소환합니다. 유령선은 산산이 부서지면서 좌초하는 곳 근처에 있는 적 모두에게 피해를 주고 기절시킵니다. 유령선에 닿은 아군 영웅은 2배 더 강력한 제독의 럼주를 받아마십니다.,유령선이 2.5초 간격으로 대상 지점에 2척을 생성합니다. 각 배는 적 사이를 통과할 때 우현과 좌현에서 대포알도 3차례 발사하여 유령선 피해의 40%만큼 피해를 줍니다.,
largo,라르고,Largo,str,largo_catchy_lick,감동적 핥기,Catchy Lick,ability,13/11/9/7,"라르고가 혀로 대상 유닛을 핥아 짧은 거리만큼 뒤로 끌어당기고 기본 해제를 적용합니다. 대상이 적이면, 피해도 줍니다. 처치하거나 대상에게서 효과를 해제하면 라르고에게 일시적으로 체력 재생이 부여됩니다. 해제 유형: 기본 해제",,
largo,라르고,Largo,str,largo_frogstomp,개구리 발쾅쾅,Frogstomp,ability,20/18/16/14,라르고가 꼬마 개구리들을 일정 범위에 던집니다. 꼬마 개구리들은 1초마다 발을 굴러 범위 안에 있는 적에게 피해를 주고 짧게 기절시키며 이동 속도가 느려지게 합니다.,,
largo,라르고,Largo,str,largo_croak_of_genius,천재의 개굴개굴,Croak of Genius,ability,25,"라르고가 현을 튕겨 아군 영웅에게 노래를 연주해 줍니다. 해당 영웅의 아이템과 능력은 소모 마나가 감소하고, 피해의 일정 비율이 다음 5초에 걸쳐 반향이 되어 울립니다. 영향받은 영웅이 마나를 소모하면, 남은 강화 효과 지속시간이 0.5초 감소합니다. 라르고 자신은 지속시간이 감소하지 않습니다.",,
largo,라르고,Largo,str,largo_encore,앙코르,Encore,innate,-,라르고가 자신이나 팀에 적용하는 강화 효과의 지속시간이 길어집니다.,,"라르고가 유닛 대상 강화 효과 하나를 아군 영웅에게 적용하면 자신도 해당 강화 효과를 받습니다. 라르고가 자신을 대상으로 하면, 해당 버프는 대상 능력의 시전 범위 안에서 가장 가까이 있는 아군 영웅에게도 적용됩니다."
largo,라르고,Largo,str,largo_amphibian_rhapsody,양서류 광시곡,Amphibian Rhapsody,ability,2,"라르고가 흥겨운 몰입에 빠질 준비를 합니다. 무장 해제되며 능력 표시줄이 각각 다른 효과가 있는 3가지 노래 능력으로 바뀝니다. 노래는 박자에 맞춰 연주할 때만 효과를 발휘합니다. 성공적으로 연주할 때마다, 흥겨운 몰입 중첩을 획득합니다. 중첩마다 보너스 방어력을 얻고 모든 노래의 소모 마나가 감소하지만, 박자를 놓치면 중첩을 잃습니다. 라르고의 노래가 끝나면 중첩이 짧은 시간 동안 남아 있습니다.",라르고는 한 번에 두 곡을 같이 연주하여 박자마다 동시에 흘러나오게 할 수 있습니다.,
largo,라르고,Largo,str,largo_song_fight_song,맹꽁이배 맹폭,Bullbelly Blitz,ability,0.2,"라르고가 노래를 연주해 주위 적에게 20/30/40의 마법 피해를 줍니다. 또한, 노래로 주위 아군 영웅은 주문 증폭이 증가하며, 공격 시 추가 마법 피해를 줍니다.",연속 튕기기에서 이 곡을 사용하면 흥겨운 몰입 중첩당 6/10/14의 마법 피해를 추가로 줍니다.,
largo,라르고,Largo,str,largo_song_double_time,야단스러운 발걸음,Hotfeet Hustle,ability,0.2,라르고가 노래를 연주해 주위 아군 유닛의 이동 속도를 증가시키고 짧게 둔화 저항력을 부여합니다.,,
largo,라르고,Largo,str,largo_song_good_vibrations,섬의 영약,Island Elixir,ability,0.2,라르고가 주위 아군 영웅을 치유하는 노래를 부릅니다.,,
legion_commander,군단 사령관,Legion Commander,str,legion_commander_overwhelming_odds,역전의 명수,Overwhelming Odds,ability,18,"적의 수에 따라 반격하여 범위 안의 모든 적에게 0.3초 동안 100% 충격 둔화를 적용하고 피해를 줍니다. 범위 안에 있는 적 유닛 또는 영웅 수 하나마다 피해가 증가하며, 군단 사령관에게 보너스 공격 속도를 부여합니다.",,역전의 명수가 더 넓은 반경에 적용되며 적 영웅에게 가한 피해에 비례하여 모든 피해 방어막을 부여합니다.
legion_commander,군단 사령관,Legion Commander,str,legion_commander_press_the_attack,불굴의 의지,Press The Attack,ability,16/15/14/13,대상 아군으로부터 약화 효과와 행동 불가 상태를 제거하고 짧은 시간 동안 이동 속도 및 체력 재생 보너스를 부여합니다. 해제 유형: 강한 해제,"사용 시 이동 속도가 증가하고, 500의 효과 범위 능력이 되며, 항상 군단 사령관에게 영향을 미칩니다.",
legion_commander,군단 사령관,Legion Commander,str,legion_commander_moment_of_courage,용기의 순간,Moment of Courage,ability,0.3,"군단 사령관은 여러 번 공격받으면, 보너스 흡혈 효과가 있는 공격으로 대상에게 반격합니다.",,
legion_commander,군단 사령관,Legion Commander,str,legion_commander_outfight_them,싸워서 이겨라!,Outfight Them!,innate,-,"군단 사령관이나 1200 범위 안에 있는 아군 영웅이 능력을 시전하면, 6초 동안 보너스 방어력을 얻고, 아군은 해당 수치의 50%를 얻습니다. 해당 보너스는 개별적으로 중첩됩니다.",,
legion_commander,군단 사령관,Legion Commander,str,legion_commander_duel,결투,Duel,ability,60/55/50,"군단 사령관과 대상이 된 적 영웅이 짧은 시간 동안 강제로 결투를 벌입니다. 두 영웅 모두 아이템을 사용할 수 없으며, 대상 적 영웅은 능력도 사용할 수 없습니다. 지속시간 동안 한쪽 영웅이 죽으면, 결투에서 이긴 영웅은 영구히 추가 공격력을 얻습니다.","군단 사령관이 결투에서 승리하면, 자동으로 주위에 불굴의 의지가 발동됩니다.",
leshrac,레슈락,Leshrac,int,leshrac_split_earth,대지 부수기,Split Earth,ability,11,일정 범위 내의 대지를 부수어 그 안에 있는 적에게 피해를 주고 짧은 시간 동안 기절시킵니다.,,대지 부수기가 같은 위치에 5초 간격으로 추가 2번 반복됩니다. 반복될 때마다 반경이 45 증가합니다. 대지 부수기가 반복되는 위치는 양 팀 모두에게 보입니다.
leshrac,레슈락,Leshrac,int,leshrac_diabolic_edict,마성의 칙령,Diabolic Edict,ability,22/21/20/19,레슈락의 주위에 마법의 폭발을 일으켜 적 유닛과 건물에 순수 피해를 줍니다. 범위 내에 있는 유닛이 적을수록 개별 유닛이 받는 피해가 커집니다.,,
leshrac,레슈락,Leshrac,int,leshrac_lightning_storm,번개 폭풍,Lightning Storm,ability,4,대상 적 유닛을 번개로 내려치고 인근 적 유닛을 타격하는 번개 폭풍을 불러냅니다. 타격당한 적은 이동 속도가 둔화합니다.,,
leshrac,레슈락,Leshrac,int,leshrac_greater_lightning_storm,허무주의,Nihilism,scepter,25,레슈락과 주위 모든 적이 에테르 상태가 되어 공격하지 못하며 둔화하고 마법 피해를 더 받습니다. 레슈락은 오히려 속도가 증가하며 증폭된 피해를 받지 않습니다.,,
leshrac,레슈락,Leshrac,int,leshrac_defilement,모독,Defilement,innate,-,레슈락이 지능당 0.7의 효과 범위 보너스를 얻습니다.,,
leshrac,레슈락,Leshrac,int,leshrac_pulse_nova,에너지 파장,Pulse Nova,ability,1/1/1/1,레슈락이 인근 적 유닛에게 피해를 주는 에너지 파장을 매초 하나씩 내뿜습니다. 진동할 때마다 레슈락의 마나가 소진됩니다.,,
lich,리치,Lich,int,lich_frost_nova,서리 폭발,Frost Blast,ability,7,냉기를 폭발시켜 대상 적 유닛에게 피해를 주고 4초 동안 이동 및 공격 속도를 감소시킵니다. 주 대상은 기본 피해와 범위 피해를 모두 받습니다.,,
lich,리치,Lich,int,lich_frost_shield,서리 보호막,Frost Shield,ability,30/25/20/15,마법이 깃든 서리 보호막을 대상 주위에 생성하여 공격으로 받는 피해를 감소시킵니다. 보호막이 활성화되어 있는 동안 근처에 있는 적 유닛은 1초마다 얼음 마법의 효과로 적은 양의 피해를 받으며 둔화합니다.,,
lich,리치,Lich,int,lich_sinister_gaze,불길한 시선,Sinister Gaze,ability,24/22/20/18,집중 기술 - 적 유닛 하나에게 최면을 걸어 리치와 상대 사이의 중간 지점으로 오게 하고 대상의 현재 마나를 일정 비율 흡수합니다.,"불길한 시선이 효과 범위 능력이 되어, 대상 지역 400 반경에 있는 유닛에게 영향을 미칩니다. 불길한 시선으로 리치는 정신을 집중하는 동안 다른 능력을 시전할 수 있습니다.",
lich,리치,Lich,int,lich_ice_spire,얼음 첨탑,Ice Spire,shard,25,"대상 지점에 얼음 첨탑을 만들어 주위에 있는 적을 둔화합니다. 파괴하려면 영웅은 4회, 크립은 8회 타격해야 하며, 파괴될 때 주위에 서리 폭발을 일으킵니다. 연쇄 빙결은 첨탑에 시전할 수 있으며, 범위 안에 다른 적이 없으면 첨탑에 튕기면서 영웅 공격 1회에 해당하는 피해를 줍니다. 리치가 첨탑에 서리 보호막을 시전할 수 있습니다. 서리 보호막 적용 1회당 영웅 타격 필요 횟수 1회를 회복합니다.",,
lich,리치,Lich,int,lich_death_charge,희생,Sacrifice,innate,-,"아군 크립 하나를 희생시켜 해당 크립의 현재 체력을 리치의 마나로 전환하며, 해당 크립의 경험치 보상을 리치에게 제공합니다. 게임 시작 시 쿨다운 상태이며, 충전 수가 없습니다.",,
lich,리치,Lich,int,lich_chain_frost,연쇄 빙결,Chain Frost,ability,100/80/60,얼음의 구체를 내보냅니다. 구체는 근처에 있는 적 유닛 사이를 최대 10번 튕기며 타격할 때마다 피해를 주고 느려지게 합니다. 튕길 때마다 다음 피해가 증가합니다. 연쇄 빙결은 튕기지 못하면 마지막 대상에게 머물러 있다가 새로운 대상이 생겼을 때 다시 튕깁니다.,,
life_stealer,흡혈마,Lifestealer,str,life_stealer_rage,격노,Rage,ability,21/20/19/18,"주체할 수 없는 분노에 몸을 내맡깁니다. 약화 효과에 면역이 되고, 마법 저항력이 증가하며, 이동 속도를 얻습니다. 해제 유형: 기본 해제",,
life_stealer,흡혈마,Lifestealer,str,life_stealer_open_wounds,상처 찢기,Open Wounds,ability,30/25/20/15,"흡혈마가 적 유닛을 찢습니다. 희생자는 이동 속도가 감소하며, 모든 아군은 해당 유닛에게 가한 피해의 일정 비율만큼 체력을 회복할 수 있습니다. 희생자는 지속시간에 걸쳐 이동 속도를 회복합니다.",,
life_stealer,흡혈마,Lifestealer,str,life_stealer_feast,체력 삼키기,Feast,ability,-,흡혈마의 공격으로 피해를 주고 대상이 보유한 최대 체력의 일정 비율만큼 치유를 제공합니다. 유닛을 처치할 때마다 최대 체력이 영구적으로 늘어납니다.,,
life_stealer,흡혈마,Lifestealer,str,life_stealer_ghoul_frenzy,구울 광란,Ghoul Frenzy,innate,-,지속하여 흡혈마에게 공격 속도를 부여합니다.,,
life_stealer,흡혈마,Lifestealer,str,life_stealer_infest,잠복,Infest,ability,80/65/50,"흡혈마가 대상 유닛의 몸에 들어가 잠복합니다. 이 동안에는 적에게 감지되지 않으며, 잠복해 있는 동안 매초 최대 체력의 일정 비율을 회복합니다. 흡혈마는 모습을 드러낼 때 숙주를 터뜨려 주위 적에게 피해를 줍니다. 잠복한 유닛이 적 크립이나 중립 크립이면, 해당 유닛의 능력을 조종하여 이동하고 공격할 수 있으며, 해당 크립은 지속하여 최대 체력의 일부를 잃습니다. 적 영웅에게는 사용할 수 없습니다. 해제 유형: 기본 해제",시전 범위가 증가하고 쿨다운이 %bonus_AbilityCooldown%초로 감소합니다. 잠복을 짧은 시간 동안 적 영웅을 대상으로 사용하고 안에서 공격할 수 있습니다. 그동안 흡혈마의 재생률이 증가합니다.,잠복으로 크립을 소모하여 적을 피로 흠뻑 적시고 숙주가 남은 체력을 바탕으로 지속하여 피해를 받게 합니다.
lina,리나,Lina,int,lina_dragon_slave,용의 숨결,Dragon Slave,ability,11/10/9/8,리나가 용의 숨결을 불러와 화염으로 뿜어내어 앞에 있는 모든 것을 불태웁니다.,,
lina,리나,Lina,int,lina_light_strike_array,눈부신 일격,Light Strike Array,ability,13/11/9/7,수직으로 불덩이를 떨어뜨려 적을 기절시키고 피해를 줍니다.,,
lina,리나,Lina,int,lina_fiery_soul,불타는 영혼,Fiery Soul,ability,-,리나가 주문으로 적을 맞힐 때마다 공격 속도 및 이동 속도가 증가합니다. 이 효과는 중첩됩니다. 16초 동안 지속합니다.,,
lina,리나,Lina,int,lina_flame_cloak,화염 망토,Flame Cloak,scepter,25,리나가 방해받지 않고 이동하는 능력을 얻고 주문 피해와 마법 저항력이 증가합니다. 활성화 시 불타는 영혼의 최대 중첩을 얻습니다.,,
lina,리나,Lina,int,lina_slow_burn,서서히 태우기,Slow Burn,innate,-,리나의 능력이 추가로 64%에 해당하는 화상 피해를 4초에 걸쳐 줍니다.,,
lina,리나,Lina,int,lina_laguna_blade,라구나 블레이드,Laguna Blade,ability,70/60/50,단일 적을 대상으로 번갯불을 발사해 커다란 피해를 줍니다.,,"라구나 블레이드를 시전하면 일시적으로 리나가 초과 충전되며, 불타는 영혼의 중첩을 부여합니다."
lion,라이온,Lion,int,lion_impale,대지의 가시,Earth Spike,ability,14/13/12/11,일직선상으로 지면에서 바위 가시를 솟아오르게 합니다. 적 유닛은 공중에 튕기며 추락할 때 피해를 받고 기절합니다.,,
lion,라이온,Lion,int,lion_voodoo,주술,Hex,ability,24/20/16/12,적 유닛을 무해한 동물로 바꿔 놓습니다. 모습이 바뀐 상대는 능력을 사용할 수 없습니다.,,
lion,라이온,Lion,int,lion_mana_drain,마나 흡수,Mana Drain,ability,15/12/9/6,"정신 집중 - 마법 기운을 받아들여, 지속하여 마나를 흡수하고 적을 둔화합니다. 적에게 남은 마나가 없으면, 둔화 효과가 15% 증가합니다. 아군을 대상으로 하 50%의 비율로 마나와 이동 속도를 줄 수 있습니다.",,추가로 최대 2명의 적에게 마나 흡수를 하고 끊기는 거리가 늘어납니다. 정신을 집중하는 동안 약화 효과에 면역 상태가 되며 마법 저항력이 60% 증가합니다.
lion,라이온,Lion,int,lion_to_hell_and_back,지옥에서 이승으로,To Hell and Back,innate,-,"영웅 처치 또는 처치 지원 후, 해당 영웅이 죽어 있는 동안 20%의 약화 효과 지속시간을 얻습니다. 라이온은 부활하거나 되살아난 후 90초 동안 또는 처치 또는 처치 지원을 달성할 때까지 주문 증폭 20%를 얻습니다.",,
lion,라이온,Lion,int,lion_finger_of_death,죽음의 손가락,Finger of Death,ability,110/70/30,"적 유닛의 안팎을 뒤집고 갈기갈기 찢어 큰 피해를 줍니다. 죽음의 손가락을 사용한 후, 손이 강화되어 라이온이 250의 범위로 가르기 근접 공격을 할 수 있으며 보너스 이동 속도를 얻습니다. 죽음의 손가락이나 주먹으로 처치한 적 영웅 한 명당 죽음의 손가락 자체와 주먹에 영구적으로 보너스 공격력이 부여됩니다. 능력을 교체 시전으로 설정하면 근접 공격이 비활성화됩니다.","죽음의 손가락이 최초 시전 시 효과 범위 피해로 적용되고, 그 이후로 근접 공격 시 지속시간이 증가하고 가르기 피해를 줍니다.",
lone_druid,고독한 드루이드,Lone Druid,agi,lone_druid_entangle,휘감기,Entangle,ability,20/19/18/17,"적 영웅에게 5중첩이 쌓이면 고독한 드루이드가 휘감기를 사용할 수 있습니다. 휘감긴 적은 제자리에 묶이고 지속하여 피해를 받습니다. 시전할 때, 범위 안에 있는 적 영웅 모두에게 2중첩, 적 크립에게 5중첩을 적용합니다. 또한, 10초 동안 고독한 드루이드가 강화되어, 적 영웅을 공격할 때마다 1중첩을 적용합니다. 휘감긴 상태의 적에게는 중첩이 쌓이지 않습니다. 능력의 레벨을 올리면 영혼 곰의 휘감는 발톱 능력 레벨도 오릅니다.",휘감기로 범위 안에 있는 적 영웅에게 5중첩을 적용하고 반경이 늘어납니다. 더는 휘감긴 상태의 적에게 중첩이 쌓이는 것이 방지되지 않습니다.,
lone_druid,고독한 드루이드,Lone Druid,agi,lone_druid_spirit_link,영혼 연결,Spirit Link,ability,-,"고독한 드루이드와 영혼 곰이 연결되어 이동 속도가 높아질 뿐만 아니라, 흡혈의 일정 비율을 공유합니다.","고독한 드루이드가 영혼 곰과의 연결을 끊고 아군 영웅을 대상으로 연결하여 20초 동안 영혼 연결 보너스를 공유합니다. 방어력 공유 및 공격 속도가 35% 증가합니다. 아군이 피해를 가하면 고독한 드루이드가 치유되며, 반대의 경우도 같은 효과가 있습니다. 영혼 곰이 자체적으로 아가님의 홀을 보유하지 않았다면 변신의 지속시간 동안 공포에 휩싸입니다.",
lone_druid,고독한 드루이드,Lone Druid,agi,lone_druid_savage_roar,사나운 포효,Savage Roar,ability,29/26/23/20,고독한 드루이드와 영혼 곰이 사납게 포효하여 근처에 있는 적이 공포에 싸인 채 자신의 기지 쪽으로 도망치게 합니다. 도망치는 적은 이동 속도가 20% 증가합니다.,,기본 해제를 적용하고 시전자 주위 범위 안에 있는 아군에게 보너스 이동 속도와 공격 속도를 부여합니다. 시전 가능성과 상관없이 고독한 드루이드와 영혼 곰 사이에 효과가 반복됩니다. 해제 유형: 기본 해제
lone_druid,고독한 드루이드,Lone Druid,agi,lone_druid_spirit_bear,영혼 곰 소환,Summon Spirit Bear,innate,120,"아이템을 장착할 수 있으며 강력한 힘을 지닌 영혼 곰을 동료로 소환합니다. 영혼 곰은 고독한 드루이드에게서 1100 거리 이상 떨어지면 공격하지 못합니다. 영혼 곰이 죽으면 고독한 드루이드는 그 반발로 최대 체력의 20%에 해당하는 피해를 받습니다. 영혼 곰은 부수기, 돌아가기, 휘감는 발톱, 사나운 포효, 영혼 연결 능력을 보유합니다.",,
lone_druid,고독한 드루이드,Lone Druid,agi,lone_druid_true_form,곰 형상,True Form,ability,60/55/50,"고독한 드루이드가 격노하는 곰으로 변신합니다. 곰으로 변신하면 원거리 공격 능력을 잃지만, 보너스 방어력, 보너스 체력, 보너스 공격력을 얻습니다.",,
luna,루나,Luna,agi,luna_lucent_beam,월광선,Lucent Beam,ability,9/8/7/6,루나가 달의 에너지 광선 한 줄기를 불러내어 적에게 피해를 주고 짧은 시간 동안 기절시킵니다.,,적 영웅이 월광선에 맞을 때마다 루나에게 공격력 보너스 강화 효과를 부여합니다. 일식으로 생성된 월광선으로는 해당 공격력의 0%가 부여됩니다.
luna,루나,Luna,agi,luna_lunar_orbit,달의 궤도,Lunar Orbit,ability,40/35/30/25,루나 주위 225 반경을 회전하는 반월도 4개를 생성합니다. 반월도에 맞은 적 유닛은 루나가 보유한 공격력의 일정 비율만큼 피해를 받습니다.,,"피해 감소가 증가합니다. 활성화한 동안, 루나가 보너스 이동 속도 20%를 얻습니다."
luna,루나,Luna,agi,luna_moon_glaive,반월도,Moon Glaives,ability,-,반월도가 힘을 받아 적 유닛에게 튕기며 피해를 줍니다. 추가 타격마다 주는 피해가 감소합니다.,,
luna,루나,Luna,agi,luna_lunar_blessing,달의 축복,Lunar Blessing,innate,-,"루나와 1200 범위 안에 있는 주위 아군 영웅에게 공격력을 부여합니다. 루나는 공격력 보너스를 두 배로 얻습니다. 밤에는 달의 축복이 전역으로 적용되며, 루나는 축복을 받아 보너스 밤 시야를 얻습니다.",,
luna,루나,Luna,agi,luna_eclipse,일식,Eclipse,ability,105,근처에 있는 무작위 적에게 현재 레벨의 월광선이 내려꽂힙니다. 타격 대상은 기절하지 않으며 단일 대상이 받을 수 있는 타격 횟수에는 최대한도가 정해져 있습니다. 짧은 시간 동안 낮이 밤으로 바뀝니다.,"아군 유닛이나 자신에게 일식을 시전하여 효과가 따라다니게 하거나 지면에 시전할 수 있습니다. 총 광선 수가 증가하고, 지속시간이 감소하며, 유닛당 광선 제한이 사라지고 광선이 두 배 빠르게 나타납니다.",
lycan,늑대인간,Lycan,str,lycan_summon_wolves,늑대 소환,Summon Wolves,ability,30/30/30/30,"전투에서 늑대인간을 지원하는 늑대 2마리를 소환합니다. 3레벨 늑대는 영구 투명화 효과를 획득하고, 4레벨 늑대는 20% 확률로 대상을 마비시키는 마비 능력을 획득합니다. 마비된 대상은 매초 피해 8을 받고 4초 동안 공격 속도 60을 잃습니다.",,"소환하는 늑대 수가 증가합니다. 모든 소환 늑대에게 꽁무니 빼기를 부여합니다. 이 활성 능력으로 늑대는 위상 이동, 회피, 이동 속도, 공격 속도를 얻습니다."
lycan,늑대인간,Lycan,str,lycan_howl,울부짖기,Howl,ability,22/20/18/16,적에게 공포를 불어 넣어 늑대인간과 늑대 주위 2000 범위에 있는 모든 적의 방어력과 공격력을 감소시킵니다. 밤에는 울부짖기의 방어력 및 공격력 감소 효과가 전역으로 적용됩니다.,,
lycan,늑대인간,Lycan,str,lycan_feral_impulse,야성의 충동,Feral Impulse,ability,-,늑대인간과 늑대인간이 부리는 모든 유닛의 체력 재생과 공격력이 증가합니다.,,
lycan,늑대인간,Lycan,str,lycan_wolf_bite,늑대 물기,Wolf Bite,scepter,105/95/85,"늑대인간이 아군 영웅 또는 크립 영웅을 물어 변신 속성을 부여합니다. 늑대인간과 물린 대상이 40%의 흡혈 효과를 얻으며, 서로 1200 범위 안에 있는 동안에는 흡혈의 치유 효과를 공유합니다.",,
lycan,늑대인간,Lycan,str,lycan_apex_predator,정점의 포식자,Apex Predator,innate,-,늑대인간과 그가 부리는 유닛이 중립 크립에게 추가 피해를 줍니다.,,
lycan,늑대인간,Lycan,str,lycan_shapeshift,변신,Shapeshift,ability,105/95/85,"늑대인간이 늑대 모습을 드러냅니다. 늑대인간이 치명타를 가하고 밤 시야가 증가합니다. 변신 상태에서 늑대인간은 빨라진 속도로 이동하며, 둔화하지 않습니다. 늑대인간이 부리는 모든 유닛에게 이동 및 치명타 보너스도 적용됩니다.",,
magnataur,마그누스,Magnus,all,magnataur_shockwave,충격파,Shockwave,ability,13/12/11/10,"마그누스가 충격파를 내보내어 일직선 상의 적 유닛에게 피해를 주고, 자신에게 끌어당기며, 짧은 시간 동안 느려지게 합니다.",,
magnataur,마그누스,Magnus,all,magnataur_empower,강화,Empower,ability,8,"아군에게 시전하면, 보너스 공격력과 공격 시 가르기 능력을 부여합니다. 마그누스에게는 강화가 항상 걸려 있으며 30% 더 큰 보너스가 적용됩니다.",,
magnataur,마그누스,Magnus,all,magnataur_skewer,꿰뚫기,Skewer,ability,22/20/18/16,마그누스가 앞으로 돌진하여 거대한 뿔로 적을 들이받습니다. 들이받힌 영웅은 일정 지점까지 끌려간 후 피해를 받고 이동 속도가 느려집니다. 이동한 거리에 비례하여 피해가 증가합니다.,,범위가 증가하고 꿰뚫기로 적을 나무나 절벽에 꽂으면 추가 피해를 줍니다.
magnataur,마그누스,Magnus,all,magnataur_horn_toss,뿔로 내던지기,Horn Toss,scepter,30,"마그누스가 전방에 있는 아무 적을 자신의 뒤로 던집니다. 적은 피해를 받고, 0.6초 동안 공중에 떠 있으며, 공중에 있는 동안과 땅에 떨어진 후 추가 시간 동안 기절합니다.",,
magnataur,마그누스,Magnus,all,magnataur_solid_core,단단한 중심,Solid Core,innate,-,마그누스가 증가한 둔화 저항력을 얻고 적의 능력이나 아이템에 의한 밀치기 효과를 덜 받습니다.,,
magnataur,마그누스,Magnus,all,magnataur_reverse_polarity,극성 뒤집기,Reverse Polarity,ability,115,"마그누스가 물질의 속성을 변경하여 정면에서 가까이 있는 적을 모두 끌어당긴 다음, 내려찍기로 기절시키고 피해를 줍니다.",,
marci,마르시,Marci,all,marci_grapple,처리,Dispose,ability,16/14/12/10,아군 또는 적 한 명을 붙잡아 아무런 힘도 들이지 않고 등 뒤로 던집니다. 대상이 적이면 피해를 받고 둔화합니다. 떨어지는 지점에 적 유닛이 있으면 마찬가지로 피해를 받고 둔화합니다.,,
marci,마르시,Marci,all,marci_companion_run,되튀기,Rebound,ability,24/20/16/12,"마르시가 아군 유닛을 대상으로 뛰어든 다음, 그 위치에서 방향과 거리를 선택하여 다시 튀어 나갑니다. 유닛에게 도달하면, 마르시는 최종 목적지로 돌진하며 착지 위치에 있는 적을 기절시키고 피해를 줍니다. 되튀기를 교체 시전으로 설정하면, 마르시가 대상 아군을 함께 데리고 최종 목적지로 갑니다. 아군은 4초 동안 25%의 보너스 이동 속도를 얻습니다.",,"피해가 증가합니다. 되튀기를 적에게 시전할 수 있고, 시전 시 마르시가 속도 강화 효과도 얻습니다."
marci,마르시,Marci,all,marci_bodyguard,경호원,Bodyguard,ability,20,"지속하여 마르시에게 흡혈과 보너스 공격력을 부여합니다. 아군에게 시전하면, 해당 아군에게 마르시의 지속 흡혈 및 공격력 보너스의 75%를 제공합니다. 추가로, 마르시는 자신과 동반자를 위해 공유되는 모든 피해 방어막을 생성합니다. 마르시가 영웅을 공격할 때, 준 피해의 30%로 방어막을 회복합니다.",,
marci,마르시,Marci,all,marci_special_delivery,특별 배송,Special Delivery,innate,215,"마르시가 휘파람을 불어 즉시 짐꾼을 불러냅니다. 짐꾼이 분수에서 출발하면, 마르시의 보관함에서 아이템을 가져옵니다. 순간이동한 후에 짐꾼은 해당 아이템을 마르시에게 전달하고 분수로 돌아갑니다. 지속하여 모든 아군 짐꾼에게 보너스 3레벨과 1의 보너스 체력을 부여합니다.",,
marci,마르시,Marci,all,marci_unleash,촉발,Unleash,ability,80/70/60,숨겨진 힘을 끌어내 분노를 충전하고 빠르게 연속으로 타격하여 2초 동안 대상의 이동 및 공격 속도를 느려지게 합니다. 모든 분노 연계의 마지막 타격은 대상 주위에 피해를 주는 진동을 일으킵니다. 분노 연계 사이에는 1.5초 동안 공격할 수 없습니다. 촉발을 시전했을 때 이동 속도가 15% 증가합니다.,"촉발의 쿨다운이 10초 감소하고 촉발로 마르시에게 기본 해제를 적용합니다. 촉발이 활성화되어 있는 동안, 마르시의 모든 능력 시전 시 촉발 진동이 발동합니다. 마르시의 모든 촉발 진동으로 유닛을 1초 동안 침묵시킵니다. 해제 유형: 기본 해제",
mars,마르스,Mars,str,mars_spear,마르스의 창,Spear of Mars,ability,14/13/12/11,"필격의 명중률을 지닌 전설의 창을 던져, 타격하는 모든 적 유닛에게 피해를 줍니다. 첫 번째 타격하는 적 영웅은 창에 꿰뚫린 채 뒤로 밀려납니다. 꿰뚫린 영웅이 나무나 건물, 또는 절벽에 부딪히면 그대로 꽂혀 기절합니다.",,"마르스의 창이 최대 1명의 영웅에게 꽂히며, 불길을 남겨 지속하여 피해를 주고 이동 속도를 둔화합니다."
mars,마르스,Mars,str,mars_gods_rebuke,신의 질책,God's Rebuke,ability,16/14/12/10,전방에 있는 적을 방패로 강타하여 뒤로 밀쳐내고 공격을 바탕으로 한 치명타 피해를 줍니다. 영웅을 타격하면 보너스 피해를 줍니다. 정밀 타격 효과가 있습니다.,,
mars,마르스,Mars,str,mars_bulwark,방벽,Bulwark,ability,-,"마르스가 거대한 방패를 휘둘러 전방과 측면에서 받는 물리 공격을 일정 비율 막아냅니다. 켜고 끌 수 있습니다. 켜면 위상 이동을 하지만, 공격하는 능력이 사라지고 바라보는 방향으로 고정됩니다. 활성화하면, 이동 속도가 감소하고 아군을 향하던 공격 투사체의 70%가 방향을 바꿔 마르스에게 날아옵니다.",방벽이 켜져 있는 동안 마르스 전면 양쪽으로 무적의 병사 %soldier_count%명을 생성합니다. 병사들은 함께 이동하며 접근하는 적에게 마르스의 공격력에 해당하는 피해와 보너스 피해를 주고 뒤로 밀치며 둔화합니다. 적 하나당 한 번에 병사 하나에게서만 공격받습니다.,
mars,마르스,Mars,str,mars_dauntless,불굴,Dauntless,innate,-,900 반경 안에서 적 영웅의 수가 더 많을수록 마르스가 체력 재생을 더 많이 얻습니다.,,
mars,마르스,Mars,str,mars_arena_of_blood,피의 투기장,Arena Of Blood,ability,100/95/90,"짧은 시간 동안 대형을 구성한 후, 마르스가 잿빛 군단의 언데드 전사들이 둘러싼 투기장을 소환합니다. 언데드 전사들은 적의 공격과 이동을 차단합니다. 투기장 안쪽 벽 근처에 있는 적 영웅은 창 공격으로 피해를 받고 뒤로 밀쳐집니다.","쿨다운이 %bonus_AbilityCooldown% 감소하고 지속시간이 증가합니다. 적이 투기장 안에서 죽으면, 투기장 안에 있는 마르스와 모든 아군이 최대 체력과 마나의 35%를 회복하고 20초 동안 공격력 강화 효과 35%를 얻습니다. 본 효과는 중첩됩니다.",
medusa,메두사,Medusa,agi,medusa_split_shot,분산 사격,Split Shot,ability,-,메두사가 마법으로 화살을 여러 개로 분리하여 쏘아 보냅니다. 이 화살은 메두사의 일반 공격보다 더 적은 피해를 줍니다. 추가 대상은 치명타 등 다른 공격 효과의 적용을 받지 않습니다.,적중 효과가 분산 사격의 2차 공격에 적용됩니다. 화살 개수가 증가합니다.,
medusa,메두사,Medusa,agi,medusa_mystic_snake,신비로운 뱀,Mystic Snake,ability,15/14/13/12,신비롭게 에너지로 이루어진 뱀이 여러 대상을 건너뛰며 피해를 줍니다. 건너뛸 때마다 피해와 속도가 증가합니다. 마지막 대상에 도달하면 뱀은 메두사에게 되돌아와 마나를 회복시킵니다. 뱀은 대상이 보유한 총 마나의 일정 비율을 되돌려줍니다.,,
medusa,메두사,Medusa,agi,medusa_gorgon_grasp,고르곤의 손아귀,Gorgon's Grasp,ability,30/26/22/18,"메두사가 3다발의 화살을 일직선으로 발사합니다. 각 다발은 이전보다 더 넓은 범위에 꽂힙니다. 화살 세례를 받은 적은 처음에 폭발적인 피해를 받은 다음 제자리에 묶이며, 방향을 바꿀 수 없고, 상대편에게 모습이 드러나며, 매초 피해를 받습니다.",,
medusa,메두사,Medusa,agi,medusa_cold_blooded,냉혈동물,Cold Blooded,shard,12,"주문 공격의 대상이 되면, 단일 대상의 적에게 신비로운 뱀 한 마리를 다시 보내 1초 동안 돌이 되게 합니다.",,
medusa,메두사,Medusa,agi,medusa_mana_shield,마나 보호막,Mana Shield,innate,-,마나를 소모하여 받는 피해의 98%를 흡수하는 보호막을 생성합니다. 환영은 마나당 흡수하는 피해가 60% 적습니다.,,
medusa,메두사,Medusa,agi,medusa_stone_gaze,석화의 시선,Stone Gaze,ability,90,메두사를 바라보는 적 유닛이 이동 및 공격 속도 둔화 효과에 걸립니다. 석화의 시선을 활성화한 메두사를 2초 이상 바라보면 해당 유닛은 돌로 변합니다. 석화한 유닛은 기절하고 보너스 물리 공격 피해를 받습니다.,,
meepo,미포,Meepo,agi,meepo_earthbind,속박,Earthbind,ability,16/14/12/10,대상 지점에 그물을 던져 모든 적 유닛을 그 주변 지역 안에 묶어 둡니다.,,
meepo,미포,Meepo,agi,meepo_poof,뿅뿅,Poof,ability,12/10/8/6,"미포는 대지에서 신비한 힘을 끌어내어 1.5초 동안 정신 집중을 한 다음 다른 미포나 자신의 위치로 순간이동할 수 있으며, 출발 지점과 도착 지점에 있는 적에게 피해를 줍니다. 능력이 교체 시전 상태일 때는, 모든 미포가 대상에게 뿅뿅도 시전합니다. 지면에 시전하면, 선택한 미포를 제외하고 모든 미포가 가장 가까운 위치로 뿅뿅을 시전합니다.",,
meepo,미포,Meepo,agi,meepo_ransack,싹쓸이,Ransack,ability,-,매 타격 시 적의 체력을 훔치고 훔친 체력만큼 다른 미포 모두를 치유합니다. 크립을 상대로는 효과가 60%로 감소합니다.,,
meepo,미포,Meepo,agi,meepo_petrify,땅파기,Dig,shard,40,짧은 지속시간 동안 땅을 팝니다. 미포에게 걸린 해로운 효과가 해제되며 3초 동안 무적 및 대상으로 지정할 수 없는 상태가 됩니다. 해당 지속시간에 걸쳐 최대 체력의 25%를 회복합니다. 해제 유형: 기본 해제,,
meepo,미포,Meepo,agi,meepo_megameepo,상급 미포,MegaMeepo,scepter,90,"주 미포가 주위 600 반경에 있는 모든 미포의 어깨에 올라탑니다. 이 형태일 때는, 다른 미포 능력치의 40%를 얻고, 적에게 다른 미포를 내던져 피해를 주고 느려지게 할 수 있습니다. 시전 시, 속박으로는 추가 그물을 생성하고, 뿅뿅으로는 올라탄 미포 한 명당 피해를 50% 더 줍니다.",,
meepo,미포,Meepo,agi,meepo_divided_we_stand,흩어지면 산다,Divided We Stand,ability,-,"미포가 다른 미포를 소환합니다. 소환된 미포는 본체 미포와 함께 레벨이 오르고, 아이템 및 경험치를 공유합니다. 능력 쿨다운은 개별적으로 적용되나, 순간이동 주문서를 제외한 아이템은 미포들 사이에 쿨다운이 공유됩니다. 아이템에서 얻는 공격력, 공격 속도, 체력, 마나, 재생, 마나 불태우기, 발동 확률 보너스는 미포의 수대로 공평하게 분배되므로, 효과가 50/66/75/80% 약해집니다. 어떤 미포든 죽으면, 모든 미포가 죽습니다.",,
meepo,미포,Meepo,agi,meepo_geomancy,흙점술,Geomancy,innate,-,"미포가 자신과 복제 미포에게 지형에 따라 중첩 보너스를 부여합니다. 각 미포는 자신의 보너스를 다른 미포에게 부여합니다. 250 범위에 나무가 있으면, 체력 재생을 1 얻습니다. 흙 위에 서 있으면 보너스 이동 속도를 2% 얻습니다. 물속에 있으면 공격으로 대상을 2초 동안 2% 둔화합니다.",,
meepo,미포,Meepo,agi,meepo_megameepo_fling,상급 미포 내던지기,MegaMeepo Fling,scepter,0.5,"상급 미포 형태일 때, 미포가 가장 위에 있는 미포를 900 범위 안의 대상에게 내던져 피해를 주고 이동 속도를 느려지게 합니다.",,
mirana,미라나,Mirana,agi,mirana_starfall,유성우,Starstorm,ability,12/12/12/12,하늘에서 유성을 떨어뜨려 주위 적들에게 피해를 줍니다. 675 반경 내에서 미라나와 가장 가까운 적 유닛은 2차 피해를 받습니다.,,
mirana,미라나,Mirana,agi,mirana_arrow,신성한 화살,Sacred Arrow,ability,19/18/17/16,필격의 명중률을 지닌 장거리 화살을 발사하여 가장 먼저 맞는 적에게 큰 피해를 주고 기절시킵니다. 기절 지속시간은 대상과의 거리에 따라 최소 0.01초에서 최대 2.3/3.2/4.1/5초까지 증가하며 최대 180의 보너스 피해가 적용됩니다. 화살에 맞는 첫 번째 일반 크립은 즉사합니다.,신성한 화살 시전 시 주 화살이 움직이는 경로를 따라 적에게 유성우가 내립니다. 영향받은 유닛에게 두 번째 유성우가 내려 그보다 적은 피해를 줍니다.,
mirana,미라나,Mirana,agi,mirana_leap,도약,Leap,ability,-,미라나가 전장에 뛰어듭니다. 격렬한 포효를 내질러 자신의 공격 속도와 이동 속도를 증가시킵니다. 공격 및 이동 속도 증가 효과는 5초 동안 지속합니다.,,도약 충전 +1회를 부여합니다.
mirana,미라나,Mirana,agi,mirana_celestial_quiver,천상의 화살통,Celestial Quiver,innate,-,"충전을 이용할 수 있을 때, 미라나의 다음 공격은 보너스 마법 피해를 줍니다.",,도약 강화 효과가 활성화되어 있는 동안 임시 충전 3회를 부여합니다.
mirana,미라나,Mirana,agi,mirana_invis,달빛 그림자,Moonlight Shadow,ability,120/110/100,"미라나와 모든 아군 영웅을 투명하게 바꾸고 보너스 이동 속도를 제공합니다. 지속시간 동안 미라나가 주는 피해가 추가로 증가합니다. 영웅이 드러났을 때 아직 달빛 그림자의 지속시간이 남아 있다면, 잠시 후 다시 투명 상태로 돌아갑니다.",,
monkey_king,원숭이 왕,Monkey King,agi,monkey_king_boundless_strike,무한일격,Boundless Strike,ability,24/21/18/15,원숭이 왕이 봉을 늘인 다음 땅을 강하게 내려쳐 선상에 있는 적을 기절시키고 공격을 바탕으로 한 보너스 피해와 치명타 타격을 가합니다. 정밀 타격 효과가 있습니다.,,"무한일격으로 지팡이 도중과 끝에 있는 적에게 원시의 반동을 최대 정신 집중 시간의 35%에 해당하는 위력으로 적용합니다. 무한일격을 교체 시전으로 설정하면, 원숭이 왕이 지팡이 끝으로 뛰어오릅니다."
monkey_king,원숭이 왕,Monkey King,agi,monkey_king_tree_dance,수목 유희,Tree Dance,ability,0.9/0.6/0.3,"원숭이 왕이 나무 한 그루에 뛰어올라 꼭대기에 앉습니다. 올라앉은 후에는 정신 집중 후에 도약하여 공격하는 원시의 반동 능력이 생깁니다. 원숭이 왕이 올라앉은 나무가 파괴되면, 땅에 떨어져 3초 동안 기절합니다. 땅 위에 있을 때 피해를 받으면 수목 유희에 쿨다운이 시작됩니다.",,
monkey_king,원숭이 왕,Monkey King,agi,monkey_king_jingu_mastery,여의봉술,Jingu Mastery,ability,-,"원숭이 왕이 공격하면 여의금고봉의 힘이 깨어납니다. 동일한 적 영웅에게 네 번 타격을 가하면, 원숭이 왕이 다음 공격 4회가 강화되어 보너스 피해를 주고 흡혈 효과가 적용됩니다.",,
monkey_king,원숭이 왕,Monkey King,agi,monkey_king_mischief,둔갑술,Mischief,innate,24.5,"원숭이 왕은 근처의 환경에서 영감을 받아 형태를 바꿔 적을 속입니다. 피해를 받거나, 공격하거나 아이템 또는 능력을 사용하면 원숭이 왕의 위장이 풀립니다. 변신 시 0.1초 동안 피해 면역 상태가 됩니다.",,
monkey_king,원숭이 왕,Monkey King,agi,monkey_king_wukongs_command,오공의 지휘,Wukong's Command,ability,100/90/80,"원숭이 왕이 병사를 만들어 자신의 위치에서 원형 진형으로 퍼뜨립니다. 원숭이 왕이 해당 지역을 벗어나면, 병사들은 해산됩니다. 병사들은 원숭이 왕과 같은 공격력으로1.1초의 고정 빈도로 영웅만을 대상으로 공격합니다. 원숭이 왕은 주문의 지속시간 동안 보너스 방어력을 얻습니다. 원숭이 왕은 오공의 지휘 동안 병사 중 하나로 변신할 수 있습니다. 변신한 원숭이 왕은 짧은 지속시간 동안 병사의 자리를 차지하고, 다른 병사들과 구별되지 않으며, 자기 자리에 다른 병사를 남겨둡니다.",일정 시간 간격으로 주위에 원숭이 병사를 하나씩 생성합니다. 투명 상태거나 나무 위에 있을 때는 병사가 생성되지 않습니다. 원숭이 왕이 근처에 있을 때는 병사들이 건물만 공격합니다. 이제 병사들이 자체적으로 여의봉술 충전 수를 얻습니다.,
monkey_king,원숭이 왕,Monkey King,agi,monkey_king_transfiguration,근위병 교대식,Changing of the Guard,ability,5,"원숭이 왕이 오공의 지휘 동안 병사 중 하나로 변신할 수 있습니다. 변신한 원숭이 왕은 1.5초 동안 병사의 자리를 차지하고, 다른 병사들과 구별되지 않으며, 자기 자리에 다른 병사를 남겨둡니다. 변신해 있는 동안, 원숭이 왕은 무적이며, 공격하거나 주문을 시전할 수 없습니다.",,
morphling,모플링,Morphling,agi,morphling_waveform,파도 형상,Waveform,ability,21/18/15/12,모플링이 물결 형태로 모습을 바꾸고 전방으로 쇄도하며 직선 경로상에 있는 적에게 피해를 줍니다. 모플링은 파도 형상을 취한 동안에는 무적 상태가 됩니다.,,
morphling,모플링,Morphling,agi,morphling_adaptive_strike_agi,다면 공격,Adaptive Strike,ability,17/14/11/8,"적 유닛 하나에게 쇄도하는 물결을 일으켜, 대상을 기절시키고 뒤로 밀치며 기본 피해와 모플링의 민첩에 배수를 곱한 수치를 바탕으로 하는 추가 피해를 줍니다. 모플링의 민첩이 힘보다 50% 이상 크면, 민첩 배수가 최대로 적용됩니다. 밀치기 거리와 기절 지속시간은 모플링의 힘에 비례합니다. 모플링의 힘이 민첩보다 50% 더 크면, 밀치기 거리와 기절 지속시간이 최대로 적용됩니다.",,
morphling,모플링,Morphling,agi,morphling_morph_agi,능력치 전환(민첩 증가),Attribute Shift (Agility Gain),ability,-,모플링이 형상을 전환하여 4/8/12/16의 비율로 힘을 민첩으로 바꿉니다. 이 과정은 원래 상태로 되돌릴 수 있습니다.,,모플링이 기절한 상태에서도 능력치 전환을 사용할 수 있습니다. 소모 마나가 감소합니다.
morphling,모플링,Morphling,agi,morphling_morph_str,능력치 전환(힘 증가),Attribute Shift (Strength Gain),ability,-,모플링이 형상을 전환하여 4/8/12/16의 비율로 민첩을 힘으로 바꿉니다. 이 과정은 원래 상태로 되돌릴 수 있습니다.,,모플링이 기절한 상태에서도 능력치 전환을 사용할 수 있습니다. 소모 마나가 감소합니다.
morphling,모플링,Morphling,agi,morphling_replicate,형상변환,Morph,ability,125/90/55,"모플링이 적을 대상으로 하여 그 모습대로 자신의 형상을 바꾸고 대상의 기본 능력을 얻으며, 대상에 따라 주 속성을 변경합니다. 능력의 지속시간 동안 켜고 끌 수 있습니다.","형상변환에 교체 시전이 추가됩니다. 활성화하면, 대상 영웅의 강력한 환영이 만들어지며, 환영은 해당 영웅의 기본 능력을 모두 시전할 수 있습니다. 능력을 켜고 끌 때 환영이 살아 있다면, 모플링이 환영을 파괴하면서 대체합니다.",
morphling,모플링,Morphling,agi,morphling_ebb_and_flow,밀물과 썰물,Ebb and Flow,innate,-,"모플링이 현재 힘에 따라 보너스 시전 범위와 둔화 저항력을 얻고, 현재 민첩에 따라 공격 범위와 이동 속도를 얻습니다. 모플링이 다른 영웅으로 형상변환해도 해당 보너스가 유지됩니다.",,
muerta,무에르타,Muerta,int,muerta_dead_shot,죽음의 명중,Dead Shot,ability,16/14/12/10,"적 유닛이나 나무에 절묘하게 유령 총알을 한 발 발사합니다. 총알이 대상을 맞히면 피해를 주고 잠깐 느려지게 한 다음, 지정된 방향으로 튕겨 나갑니다. 튕겨 나온 총알은 지나치는 모든 유닛에게 피해를 주며, 영웅을 맞히면 멈춥니다. 튕겨 나온 총알에 맞은 영웅은 공포에 휩싸여 맞았던 위치에서 달아납니다.",죽음의 명중 피해가 증가합니다. 죽음의 명중은 튕겨 적 영웅을 관통하면서 공포에 질리게 한 후 확장됩니다.,
muerta,무에르타,Muerta,int,muerta_the_calling,초혼술,The Calling,ability,30/28/26/24,지정 위치를 천천히 선회하는 4명의 원혼 무리를 소환합니다. 해당 지역 안에 있는 적은 둔화합니다. 원혼은 지나치는 적에게 피해를 주고 침묵시킵니다.,,
muerta,무에르타,Muerta,int,muerta_gunslinger,총잡이,Gunslinger,ability,-,"켜고 끌 수 있습니다. 켜면, 무에르타가 공격할 때 일정 확률로 다른 대상에게 2차 발사를 합니다.",,
muerta,무에르타,Muerta,int,muerta_spectral_slug,영령의 중탄환,Spectral Slug,shard,12,"무에르타가 적 한 명에게 영령의 탄환을 발사하여 피해를 주고, 뒤로 밀치며 3초 동안 에테르 상태로 만듭니다. 이 상태가 된 적은 물리 피해에 면역이 되며 공격할 수 없습니다. 대상은 둔화하며 마법 피해에 -20% 더 취약해집니다. 적이 밀쳐지는 거리는 무에르타의 공격 범위를 벗어나지 않습니다.",,
muerta,무에르타,Muerta,int,muerta_pierce_the_veil,장막 통과,Pierce the Veil,ability,75/60/45,"형태를 바꾸어, 에테르 상태가 되고 보너스 기본 공격력과 위상 이동 능력을 얻습니다. 지속하여 무에르타는 에테르 상태의 유닛을 공격할 수 있으며, 에테르 상태에서도 공격할 수 있습니다. 무에르타나 대상이 에테르 상태일 때는 모든 공격 피해가 마법 피해로 가해지며, 물리 흡혈이 주문 흡혈로 간주됩니다. 해제 유형: 기본 해제",,장막 통과 중 주문 흡혈 %spell_lifesteal%%를 얻습니다. 장막 관통이 활성화되어 있는 동안 근처에서 적 영웅이 죽거나 직접 처치할 때마다 무에르타가 주문 증폭 %spell_amp_steal%%를 영구적으로 얻습니다. 보너스는 소급하여 적용됩니다.
muerta,무에르타,Muerta,int,muerta_supernatural,초자연,Supernatural,innate,-,"적 영웅이 925 유닛 거리 안에서 죽을 때마다, 무에르타가 1% 주문 증폭 1중첩을 얻습니다. 무에르타가 죽으면 쌓인 중첩의 절반을 잃으며, 소수점 이하는 버립니다.",,
naga_siren,나가 세이렌,Naga Siren,agi,naga_siren_mirror_image,환영 복제,Mirror Image,ability,40/35/30/25,나가 세이렌이 조종할 수 있는 환영을 여러 개 만듭니다. 해제 유형: 기본 해제,,
naga_siren,나가 세이렌,Naga Siren,agi,naga_siren_ensnare,그물 던지기,Ensnare,ability,21/18/15/12,대상을 방해하고 제자리에 가두어 이동하거나 점멸하지 못하게 합니다. 세이렌의 노래에 영향받은 유닛을 대상으로 할 수 있습니다.,시전 범위와 투사체 속도가 증가합니다. 약화 효과 면역 상태의 유닛을 대상으로 올가미를 사용하고 영향을 줄 수 있습니다. 올가미가 단절을 적용합니다.,
naga_siren,나가 세이렌,Naga Siren,agi,naga_siren_rip_tide,역조,Rip Tide,ability,-,나가 세이렌과 그 환영이 적에게 보너스 피해를 주고 6회 공격할 때마다 4초 동안 방어력을 감소시킵니다.,,
naga_siren,나가 세이렌,Naga Siren,agi,naga_siren_eelskin,뱀장어껍질,Eelskin,innate,-,"나가 세이렌이 보너스 회피를 보유하며, 효과는 900 반경 내 다른 나가 세이렌 수에 따라 증가합니다.",,
naga_siren,나가 세이렌,Naga Siren,agi,naga_siren_song_of_the_siren,세이렌의 노래,Song of the Siren,ability,160/130/100,나가 세이렌에게서 일정 범위 안에 있는 모든 적이 마법의 정지장에 갇혀 행동하지도 공격받지도 못합니다. 다시 한 번 세이렌의 노래를 사용하면 효과가 끝나기 전에 풀 수 있습니다.,,세이렌의 노래 범위 안에 있는 아군은 매초 체력과 마나의 일정 비율을 회복합니다.
furion,자연의 예언자,Nature's Prophet,all,furion_sprout,발아,Sprout,ability,14/12/10/8,"대상 유닛을 둘러싸고 나무를 자라게 하여 대상을 가두고 피해를 주며, 400 반경에 시야를 얻습니다.",,
furion,자연의 예언자,Nature's Prophet,all,furion_teleportation,순간이동,Teleportation,ability,65/50/35/20,지도 위 어느 지점으로든 순간이동합니다. 목적지에 도착한 후 방어막을 얻습니다.,,
furion,자연의 예언자,Nature's Prophet,all,furion_force_of_nature,자연의 부름,Nature's Call,ability,45/40/35/30,범위 내 나무를 자연의 예언자가 부리는 나무정령으로 변환합니다.,,
furion,자연의 예언자,Nature's Prophet,all,furion_curse_of_the_forest,노생림의 저주,Curse of the Oldgrowth,shard,18,"900 범위 안의 모든 적 영웅에게 저주를 겁니다. 저주에 걸린 적은 안개에서 모습이 드러나고, 둔화하며, 반경 250 안에 있는 나무 수에 따라 지속 피해를 줍니다. 이때 나무정령은 나무로 간주합니다.",,
furion,자연의 예언자,Nature's Prophet,all,furion_spirit_of_the_forest,숲의 혼,Spirit of the Forest,innate,-,자연의 예언자가 근처에 있는 나무 한 그루당 보너스 공격력 2%를 얻습니다. 나무정령 또한 근접도에 상관없이 같은 보너스를 배가된 수치로 제공합니다. 나무정령 또한 이 능력을 보유합니다.,,
furion,자연의 예언자,Nature's Prophet,all,furion_wrath_of_nature,자연의 분노,Wrath of Nature,ability,85,"피해를 주는 기운이 지도 위에서 튕기며 시야에 보이는 적을 시전 지점에서 가까이에서부터 차례로 공격합니다. 최초 타격 이후 적을 하나 타격할 때마다 피해가 증가하며, 16명 타격 후 최대치가 됩니다.",타격하는 모든 적을 휘감습니다. 최대로 튕겼을 때 지속시간이 1.5초에서 최대 3초까지 증가합니다.,
necrolyte,강령사제,Necrophos,int,necrolyte_death_pulse,죽음의 파동,Death Pulse,ability,8/7/6/5,강령사제가 명계의 파동을 뿜어내어 적에게 피해를 주고 아군을 치료합니다.,,
necrolyte,강령사제,Necrophos,int,necrolyte_ghost_shroud,유령 수의,Ghost Shroud,ability,28/24/20/16,"강령사제가 죽은 자와 산 자를 분리하는 영역으로 모습을 감춥니다. 공격하지도 못하고, 공격받지도 않으면서 주위 적을 둔화하는 오라를 내뿜습니다. 이 형상을 취하고 있을 때는 추가 마법 피해를 받지만, 회복력이 증폭됩니다.",,
necrolyte,강령사제,Necrophos,int,necrolyte_heartstopper_aura,심장마비의 오라,Heartstopper Aura,ability,-,강령사제 때문에 주위 적의 심장이 마비되어 보유한 최대 체력의 일정 비율을 지속하여 잃습니다.,심장마비의 오라로 적용하는 체력 쇠약 효과가 강령사제가 보유한 현재 체력 재생의 50%만큼 증가합니다.,
necrolyte,강령사제,Necrophos,int,necrolyte_death_seeker,죽음 탐구자,Death Seeker,shard,19,"강령사제가 대형 죽음의 파동으로 변해 대상 유닛의 위치를 향해 갑니다. 위치에 도달하면, 근처에 있는 적과 아군에게 죽음의 파동을 퍼뜨립니다.",,
necrolyte,강령사제,Necrophos,int,necrolyte_sadist,가학자,Sadist,innate,-,강령사제가 유닛을 처치할 때마다 8초 동안 중첩되는 재생 효과를 얻습니다. 영웅을 처치하면 효과가 배가됩니다.,,
necrolyte,강령사제,Necrophos,int,necrolyte_reapers_scythe,사신의 낫,Reaper's Scythe,ability,100,"적 영웅을 기절시킨 후 대상이 현재 잃은 체력에 비례한 피해를 줍니다. 사신의 낫으로 적을 처치하면, 강령사제가 영구적으로 체력과 마나 재생 효과를 얻습니다. 사신의 낫 효과를 받고 있는 적이 죽으면 강령사제가 처치한 것으로 간주합니다.",,
night_stalker,밤의 추격자,Night Stalker,str,night_stalker_void,공허,Void,ability,11/10/9/8,"적 유닛을 둔화시키고 피해를 주는 공허를 생성합니다. 밤에는 공허가 적을 짧게 기절시키고, 정신 집중을 방해하며, 효과가 더 오래 유지됩니다.",,이제 공허가 대상 주위 일정 반경 안의 모든 유닛에게 영향을 미칩니다.
night_stalker,밤의 추격자,Night Stalker,str,night_stalker_crippling_fear,끔찍한 위협,Crippling Fear,ability,30/25/20/15,밤의 추격자가 근처에 있는 모든 적에게 공포를 불어넣어 주위에 있는 동안 지속하여 침묵에 빠지고 피해를 받게 합니다. 밤에는 효과가 더 오래 지속됩니다.,,
night_stalker,밤의 추격자,Night Stalker,str,night_stalker_midnight_feast,한밤중 향연,Midnight Feast,ability,39/36/33/30,밤의 추격자가 적 유닛을 공격할 때 자신을 치유합니다. 밤에는 능력을 활성화하여 일반 크립을 즉시 처치하고 밤의 추격자가 보유한 최대 체력과 마나의 일정 비율을 회복할 수 있습니다.,,
night_stalker,밤의 추격자,Night Stalker,str,night_stalker_hunter_in_the_night,밤의 사냥꾼,Hunter in the Night,innate,-,"밤의 추격자는 밤에 본질을 둔 존재로, 밤이 되면 공격과 이동이 매우 민첩해집니다.","보너스 이동 속도가 %bonus_bonus_movement_speed_pct_night%%, 공격 속도가 %bonus_bonus_attack_speed_night% 증가합니다. 적 영웅을 처치하면 모든 기본 능력 쿨다운이 초기화됩니다.",밤의 사냥꾼을 크립에게 시전하여 즉시 처치하고 최대 체력과 마나를 일정 부분 회복합니다. 낮에는 고대 크립을 대상으로 할 수 없습니다.
night_stalker,밤의 추격자,Night Stalker,str,night_stalker_darkness,어둠의 승천,Dark Ascension,ability,140/135/130,태양을 가리고 자신의 진정한 힘을 발휘할 수 있는 밤을 불러냅니다. 밤의 추격자는 이 시간에 비행 능력과 보너스 공격력을 얻습니다. 방해 없는 시야를 얻습니다.,,
nyx_assassin,닉스 암살자,Nyx Assassin,all,nyx_assassin_impale,바위 쐐기,Impale,ability,17/15/13/11,"땅에서 날카로운 바위를 일직선으로 솟구치게 합니다. 적 유닛은 피해를 받은 다음, 공중에 떠올랐다가 기절합니다.",,
nyx_assassin,닉스 암살자,Nyx Assassin,all,nyx_assassin_jolt,정신 섬광,Mind Flare,ability,11/9.5/8/6.5,대상이 보유한 최대 마나의 일정 비율에 해당하는 피해를 주고 최대 마나의 일부를 불태워버립니다. 대상이 지난 15초 동안 닉스 암살자로부터 받은 피해의 일정 비율만큼 추가 피해를 줍니다. 피해를 적용하기 전에 축적된 피해는 초기화됩니다.,,
nyx_assassin,닉스 암살자,Nyx Assassin,all,nyx_assassin_spiked_carapace,가시 등딱지,Spiked Carapace,ability,20/16/12/8,"지상에서 활성화하면 닉스 암살자에게 가해지는 피해를 반사하고 무효화하며 피해를 준 적을 기절시킵니다. 단, 공격한 적 영웅 하나당 한 번만 발동합니다. 가시 등딱지를 활성화해도 피의 복수 투명화 효과는 풀리지 않습니다. 파고들기 상태에서 가시 등딱지를 시전하면 즉시 주위 적들을 기절시킵니다.",,
nyx_assassin,닉스 암살자,Nyx Assassin,all,nyx_assassin_burrow,파고들기,Burrow,scepter,-,"닉스 암살자가 짧은 시간을 거쳐 지하로 파고들어 몸을 숨깁니다. 파고들기 상태에서 가시 등딱지를 사용하면 주위 적을 즉시 기절에 빠뜨리고 정신 섬광과 바위 쐐기의 범위가 증가하며 바위 쐐기의 쿨다운이 감소합니다. 파고들기 상태에서 닉스 암살자는 제자리에 머문 채로 공격할 수 없으며 투명화 상태가 됩니다. 또한, 모든 원인의 받는 피해가 감소합니다.",,
nyx_assassin,닉스 암살자,Nyx Assassin,all,nyx_assassin_neuro_sting,마나 불태우기,Mana Burn,innate,-,닉스 암살자가 피해를 주면 준 피해의 일정 비율만큼의 마나도 불태웁니다.,,
nyx_assassin,닉스 암살자,Nyx Assassin,all,nyx_assassin_vendetta,피의 복수,Vendetta,ability,80/70/60,"투명 상태가 되며 속도 보너스를 얻습니다. 공격하면 투명 상태가 풀리며, 공격 시 막대한 보너스 피해를 주고 대상에게 단절을 적용합니다. 닉스 암살자는 이 공격을 할 때 75의 추가 공격 범위를 얻고 공격 애니메이션이 70% 더 빨라집니다.",,"쿨다운이 %bonus_AbilityCooldown%초 감소합니다. 피의 복수가 시작되고 첫 15초 동안, 닉스 암살자가 빨라진 속도로 지형에 방해받지 않고 이동합니다."
ogre_magi,오거 마법사,Ogre Magi,str,ogre_magi_fireblast,화염 폭발,Fireblast,ability,11/10/9/8,대상 유닛에게 불덩이를 폭발시켜 피해를 주고 기절시킵니다.,화염 폭발이 정제되어 쿨다운이 %bonus_AbilityCooldown%초 감소하고 시전 속도가 25% 증가합니다.,
ogre_magi,오거 마법사,Ogre Magi,str,ogre_magi_ignite,불지르기,Ignite,ability,17,대상과 무작위 유닛 하나를 휘발성 약물로 적셔 불타오르게 합니다. 대상은 엄청난 고통을 느끼며 피해를 받고 느리게 이동합니다.,,
ogre_magi,오거 마법사,Ogre Magi,str,ogre_magi_bloodlust,피의 욕망,Bloodlust,ability,20/18/16/14,아군 유닛을 광란에 빠뜨려 이동 속도와 공격 속도를 증가시킵니다. 자신에게 시전하면 보너스 공격 속도를 얻습니다. 포탑에 시전할 수 있습니다.,,
ogre_magi,오거 마법사,Ogre Magi,str,ogre_magi_unrefined_fireblast,정제되지 않은 화염 폭발,Unrefined Fireblast,scepter,7,대상 유닛에게 불덩이를 폭발시켜 150 + 오거 힘의 1.5배에 해당하는 피해를 주고 기절시킵니다. 오거 마법사가 현재 지닌 마나의 35%를 사용합니다.,,
ogre_magi,오거 마법사,Ogre Magi,str,ogre_magi_smash,화염 보호막,Fire Shield,shard,15,"아군을 대상으로 지정하고 주위에 보호막을 생성하여 적 영웅의 다음 공격 3회로 받는 피해의 일정 비율을 흡수합니다. 피해를 흡수하면, 공격자에게 불덩이를 날려 보냅니다. 포탑에 시전할 수 있습니다.",,
ogre_magi,오거 마법사,Ogre Magi,str,ogre_magi_dumb_luck,뜻밖의 행운,Dumb Luck,innate,-,오거 마법사의 최대 지능은 0입니다. 힘에서 마나와 마나 재생을 얻습니다.,,
ogre_magi,오거 마법사,Ogre Magi,str,ogre_magi_multicast,다중 시전,Multicast,ability,-,오거 마법사가 능력과 아이템을 사용할 때마다 여러 번 시전될 수 있습니다. 힘 1포인트당 다중 시전 확률이 증가합니다. 힘 16당 1%가 추가됩니다.,,
omniknight,전능기사,Omniknight,str,omniknight_purification,정화,Purification,ability,15/14/13/12,즉시 아군 유닛을 치료하고 인근의 모든 적 유닛에게 피해를 줍니다.,,"3초 지연 후, 대상이 65%의 효율로 다시 정화됩니다."
omniknight,전능기사,Omniknight,str,omniknight_martyr,반발력,Repel,ability,40/35/30/25,약화 효과 면역 및 마법 저항력 60%와 더불어 보너스 체력 재생까지 부여합니다.,,
omniknight,전능기사,Omniknight,str,omniknight_hammer_of_purity,순수의 망치,Hammer of Purity,ability,13/10/7/4,"전능기사가 망치에 거룩한 힘을 불어넣어, 공격 시 범위가 증가하고, 기본 공격력의 일정 비율을 바탕으로 순수 피해를 주며, 짧은 지속시간 동안 대상을 둔화합니다. 전능기사는 4초에 걸쳐 가한 피해의 40%만큼 치유됩니다.",,
omniknight,전능기사,Omniknight,str,omniknight_degen_aura,약화의 오라,Degen Aura,innate,-,"가까이 다가오는 적 유닛의 이동 능력이 퇴화하여, 이동 속도가 느려집니다.",,
omniknight,전능기사,Omniknight,str,omniknight_guardian_angel,수호천사,Guardian Angel,ability,100/90/80,전능기사가 수호천사를 소환하여 자신 가까이에 있는 모든 아군 유닛에게 물리 피해 면역을 부여합니다.,"수호천사가 전역 반경에 적용되며, 건물에 영향을 미치고, 체력 회복을 증폭시킵니다.",
oracle,예지자,Oracle,int,oracle_fortunes_end,행운의 끝,Fortune's End,ability,18/14/10/6,집중 기술 - 예지자가 힘을 정제의 에너지 줄기로 모읍니다. 이 에너지를 내보내면 피해를 주고 묶은 다음 대상 주변에 있는 적의 강화 효과를 해제합니다. 대상이 아군이면 약화 효과만 해제합니다. 묶기 지속시간은 정신 집중 시간에 따라 증가합니다. 해제 유형: 기본 해제,,
oracle,예지자,Oracle,int,oracle_fates_edict,운명의 칙령,Fate's Edict,ability,17/14/11/8,"예지자가 대상 하나를 황홀경에 빠뜨려 무장 해제하고, 100%의 마법 저항력을 부여합니다.",,
oracle,예지자,Oracle,int,oracle_purifying_flames,정화의 불길,Purifying Flames,ability,2.5,부정함을 태워 대상에게 큰 마법 피해를 준 다음 시간이 지나면서 체력을 회복시킵니다. 지속시간 동안 재생되는 체력이 최초 받은 피해보다 많습니다. 아군과 적군에게 사용할 수 있습니다.,,
oracle,예지자,Oracle,int,oracle_rain_of_destiny,운명의 비,Rain of Destiny,shard,40,대상 지역에 비를 내립니다. 범위 안에 있는 적은 피해를 받고 치유 증폭 효과가 감소합니다. 범위 안에 있는 아군은 체력을 회복하고 받는 치유 증폭 효과가 증가합니다.,,
oracle,예지자,Oracle,int,oracle_false_promise,거짓 약속,False Promise,ability,110/85/60,아군 한 명의 운명을 일시적으로 바꿉니다. 거짓 약속 효과가 지속하는 동안 모든 치유와 받는 피해 효과가 지연됩니다. 거짓 약속으로 지연된 치유 효과는 증폭됩니다. 최초 시전 시 해로운 상태 효과와 무력화 상태를 대부분 제거합니다. 해제 유형: 강한 해제,,
oracle,예지자,Oracle,int,oracle_prognosticate,예견,Prognosticate,innate,-,예지자가 다음 강화 룬이 생성되는 위치(상부 또는 하부)는 물론 정확한 로샨 부활 시간을 예측하고 아군에게 알려줍니다.,,
obsidian_destroyer,외계 침략자,Outworld Destroyer,int,obsidian_destroyer_arcane_orb,비전 구체,Arcane Orb,ability,4.5/3/1.5,외계 침략자의 공격에 현재 남아 있는 마나의 양에 비례하는 순수 피해를 추가합니다.,비전 구체가 추가 대상에게 튕겨 %bounce_damage_reduction%% 적은 피해를 줍니다.,
obsidian_destroyer,외계 침략자,Outworld Destroyer,int,obsidian_destroyer_astral_imprisonment,이계 감옥,Astral Imprisonment,ability,18/16/14/12,"대상이 보유한 최대 마나의 일정 비율을 훔치고, 해당 대상을 이계 감옥에 가둡니다. 갇힌 유닛은 무적인 동시에 무력화 상태가 됩니다. 이계 감옥이 폭발하면, 대상에게 피해를 줍니다.",,"이계 감옥이 일정 범위에 피해를 가합니다. 또한, 아군이 이계 감옥 상태에서 70%의 이동 속도로 움직일 수 있습니다. (아군은 보이지만, 대상으로 지정되지 않고 그 외 다른 행동을 할 수 없음)"
obsidian_destroyer,외계 침략자,Outworld Destroyer,int,obsidian_destroyer_objurgation,책망,Objurgation,ability,36/33/30/27,"외계 침략자의 최대 마나가 증가합니다. 시전하면, 외계 침략자를 모든 피해 방어막으로 고정값에 최대 마나의 일정 비율을 더한 만큼 보호합니다.","방어막으로 적용되는 최대 마나 비율이 증가합니다. 외계 침략자의 체력이 20% 아래로 떨어지는 피해가 방지됩니다. 그런 피해를 받으면, 외계 침략자에게 강한 해제가 적용되며, 해제할 수 없는 책망을 얻습니다. 효과는 80초에 한 번까지만 발생할 수 있습니다.",
obsidian_destroyer,외계 침략자,Outworld Destroyer,int,obsidian_destroyer_equilibrium,정수 휘몰이,Essence Flux,innate,-,지속하여 일정 확률로 능력을 시전할 때마다 최대 마나의 일정 비율을 회복합니다. 공격이 변형되는 주문으로는 마나가 적게 회복됩니다.,,
obsidian_destroyer,외계 침략자,Outworld Destroyer,int,obsidian_destroyer_sanity_eclipse,이성 붕괴,Sanity's Eclipse,ability,140/130/120,초자연적 폭발을 일으켜 외계 침략자와 대상의 최대 마나 차이에 따라 적에게 피해를 줍니다. 이계 감옥에 갇힌 유닛도 이성 붕괴의 효과를 받습니다.,,
pangolier,천갑검사,Pangolier,all,pangolier_swashbuckle,칼부림,Swashbuckle,ability,19/16/13/10,천갑검사가 대상에 직선으로 돌진한 다음 빠르게 검을 몇 번 휘둘러 향하는 방향에 있는 적을 모두 베고 잠깐 느려지게 합니다. 이 피해로 행운의 적중이 발동할 수 있습니다.,,
pangolier,천갑검사,Pangolier,all,pangolier_shield_crash,수호 강타,Shield Crash,ability,15/12/9/6,공중으로 뛰어올랐다가 다시 현재 위치의 앞쪽 지면으로 떨어지며 해당 반경 안에 있는 적 모두에게 피해를 줍니다. 수호 강타로 적 영웅을 타격하면 짧은 시간 동안 천갑검사에게 모든 피해 방어막이 생성됩니다. 천둥 구르기가 활성화된 상태에서 수호 강타를 사용하면 전방으로 계속 이동하며 천둥 구르기로 벽이나 절벽을 뛰어넘을 수 있습니다.,수호 강타로 영웅 주위 90도마다 2번 공격 칼부림을 시전하여 75%의 피해를 줍니다.,
pangolier,천갑검사,Pangolier,all,pangolier_lucky_shot,행운의 적중,Lucky Shot,ability,-,주사위를 굴려 결과에 따라 적의 운명을 결정짓습니다. 일정 확률로 해당 적의 공격 속도가 급격히 느려지고 천갑검사의 공격이나 능력으로 주는 피해에 대해 방어력이 감소합니다.,,
pangolier,천갑검사,Pangolier,all,pangolier_rollup,돌돌 말기,Roll Up,shard,40,"몸을 공처럼 둥글게 말고 움직이지 않는 구체가 되어 보호를 받습니다. 약화 효과에 면역 상태가 되며, 마법 저항력 80%를 얻고, 방향을 바꿀 수 있습니다. 천둥 구르기 상태에서 시전하여 일시적으로 구르기를 멈출 수 있습니다. 돌돌 말기 상태에서 천둥 구르기와 수호 강타를 시전할 수 있습니다. 이 상태에서 적의 공격을 받으면, 몸을 굴려 공격자에게서 벗어납니다. 이동 경로에 적이 있으면 천둥 구르기 피해/기절 효과를 적용합니다.",,
pangolier,천갑검사,Pangolier,all,pangolier_gyroshell,천둥 구르기,Rolling Thunder,ability,100/90/80,"약화 효과에 면역인 공 모양으로 몸을 말고 마법 저항력 80%인 상태로 굴러갑니다. 구르는 동안은 증가한 속도로 나무를 뚫고 이동할 수 있지만, 방향을 바꾸는 능력은 저하됩니다. 부딪친 적은 뒤로 밀쳐지며, 천갑검사 공격력의 일정 비율에 해당하는 피해를 받고 착지 시 기절합니다. 벽이나 절벽에 부딪히면 순간 정지하며 이동 방향을 반대로 전환합니다. 해제 유형: 기본 해제",,
pangolier,천갑검사,Pangolier,all,pangolier_fortune_favors_the_bold,행운은 용자의 편,Fortune Favors the Bold,innate,-,근처에 있는 적의 무작위 아이템과 능력 효과가 천갑검사에게 영향을 미칠 확률이 감소합니다.,,
phantom_assassin,유령 자객,Phantom Assassin,agi,phantom_assassin_stifling_dagger,질식의 단검,Stifling Dagger,ability,6,단검을 던져 적 유닛의 이동 속도를 늦추고 유령 자객이 지닌 공격력의 65/70/75/80+30/45/60/75%를 물리 피해로 주며 아이템과 능력의 공격 효과도 함께 적용됩니다.,,
phantom_assassin,유령 자객,Phantom Assassin,agi,phantom_assassin_phantom_strike,유령 타격,Phantom Strike,ability,0.1,"적군 또는 아군 유닛의 위치로 순간이동합니다. 대상이 적이면, 해당 유닛을 공격하는 동안 보너스 공격 속도를 부여합니다.",,
phantom_assassin,유령 자객,Phantom Assassin,agi,phantom_assassin_blur,눈속임,Blur,innate,45,"유령 자객이 몸을 흐리게 하여 날아오는 투사체를 피하고, 이동 속도를 높이며, 적 영웅이나 포탑 근처로 갈 때까지 모습을 감출 수 있습니다.",,"쿨다운이 %bonus_AbilityCooldown%초 감소합니다. 언제든 유령 자객이 영웅을 처치하면, 능력의 쿨다운이 최대 쿨다운 수치의 60%만큼 진행됩니다."
phantom_assassin,유령 자객,Phantom Assassin,agi,phantom_assassin_fan_of_knives,칼날 부채,Fan of Knives,scepter,14,유령 자객이 주위에 날카로운 칼날을 흩뿌립니다. 타격 시 희생자가 보유한 최대 체력의 일정 비율만큼 피해를 주고 단절을 적용합니다.,,
phantom_assassin,유령 자객,Phantom Assassin,agi,phantom_assassin_immaterial,무형,Immaterial,ability,-,유령 자객이 내면에 집중하여 적의 공격을 회피하는 능력을 강화합니다. 다른 회피 효과와 중첩 시 효율이 점차 감소합니다.,,
phantom_assassin,유령 자객,Phantom Assassin,agi,phantom_assassin_coup_de_grace,최후의 일격,Coup de Grace,ability,-,"유령 자객이 전투 능력을 연마하여 매 공격 시 일정 확률로 치명적 집중 효과를 얻습니다. 치명적 집중 상태로 공격하면, 유령 자객이 강화 효과를 소모하고 확정 치명타를 적용합니다. 질식의 단검 시전 시 추가 확률로 치명적 집중 효과를 얻습니다.",,
phantom_lancer,환영 창기사,Phantom Lancer,agi,phantom_lancer_spirit_lance,영혼의 창,Spirit Lance,ability,10/9/8/7,마법이 깃든 영혼의 창을 대상에게 던져 피해를 주고 이동 둔화 효과를 겁니다. 동시에 실체 없는 환영 하나를 소환하여 적을 공격하게 합니다.,영혼의 창이 적에게 1번 튕깁니다. 영웅을 우선시합니다. 영혼의 창 환영이 주는 피해가 증가합니다.,
phantom_lancer,환영 창기사,Phantom Lancer,agi,phantom_lancer_doppelwalk,이중자아,Doppelganger,ability,22/18/14/10,"환영 창기사가 잠시 전장에서 모습을 감춥니다. 1초 후 환영 창기사와 모든 주위 환영이 대상 지역 내 무작위 위치에 다시 나타나며, 이중자아 둘이 추가로 소환됩니다. 모든 환영의 지속시간이 늘어납니다. 두 이중자아는 각기 다른 속성을 보유합니다. 하나는 100% 피해를 받고 0% 공격력을 지니며, 다른 하나는 500% 피해를 받고 -80% 감소한 공격력을 지닙니다. 해제 유형: 기본 해제",,
phantom_lancer,환영 창기사,Phantom Lancer,agi,phantom_lancer_phantom_edge,환영 돌격,Phantom Rush,ability,15/11/7/3,"환영 창기사가 공격할 적을 포착하면 즉시 덤벼들며, 이동 속도와 회피가 증가합니다.","범위가 늘어납니다. 환영 창기사가 적 사이로 돌격할 때마다 해당 적을 공격하는 병치술 환영을 생성합니다. 추가로, 600 유닛 거리를 돌격할 때마다 병치술 환영 하나가 생성되어 환영 창기사와 함께 대상에게 돌격합니다.",
phantom_lancer,환영 창기사,Phantom Lancer,agi,phantom_lancer_illusory_armaments,실체 없는 병기,Illusory Armaments,innate,-,"환영 창기사의 환영이 만들어질 때마다, 3초 동안 주는 피해가 고정값 아래로 내려가지 않습니다.",,
phantom_lancer,환영 창기사,Phantom Lancer,agi,phantom_lancer_juxtapose,병치술,Juxtapose,ability,-,환영 창기사가 공격 시 일정 확률로 자신의 기운을 나누어 자신과 닮은 환영을 만들어 냅니다. 환영도 일정 확률로 또 다른 환영을 만들어 냅니다. 환영 창기사가 만들어 낸 환영은 8초 동안 지속하며 환영이 만들어 낸 환영은 4초 동안 지속합니다.,,"병치술에 활성 능력이 추가됩니다. 환영 창기사가 최대 8초 동안 투명 상태가 되며, 복제 환영을 생성하여 적을 혼란스럽게 합니다. 투명 상태가 되어 있는 동안 이동 속도가 15% 증가합니다."
phoenix,불사조,Phoenix,str,phoenix_icarus_dive,이카루스의 날개,Icarus Dive,ability,40/35/30/25,"불사조가 대상 지역으로 정해진 거리만큼 포물선을 그리며 강하하여, 부딪히는 모든 적에게 피해를 주고 이동 둔화 효과를 준 다음 원래 위치로 돌아옵니다. 도중에 초신성 주문을 사용하면 그 자리에 머무릅니다.",,
phoenix,불사조,Phoenix,str,phoenix_fire_spirits,불의 영혼,Fire Spirits,ability,50/40/30/20,불사조 주위를 도는 불의 영혼 4개를 소환합니다. 영혼은 각각 대상 범위 지역에 따로따로 떨어집니다. 영향을 받은 적은 지속하여 피해를 받고 공격 속도가 상당히 감소합니다.,,불의 영혼이 지속하는 충전 기반 능력으로 바뀝니다. 보충 시간 7초가 적용됩니다.
phoenix,불사조,Phoenix,str,phoenix_sun_ray,태양 광선,Sun Ray,ability,30,불사조가 자신의 체력을 소모하여 거대한 빛줄기를 방출합니다. 빛줄기는 기본 수치에 최대 체력의 일정 비율을 더한 만큼 적에게 피해를 주고 아군의 체력을 회복합니다. 빛줄기가 지속하는 시간이 길어질수록 체력의 비율도 증가합니다.,,초신성 중에 태양 광선을 시전할 수 있습니다.
phoenix,불사조,Phoenix,str,phoenix_dying_light,꺼져가는 빛,Dying Light,innate,-,불사조가 반경 400 안의 모든 적에게 매초 자신이 잃은 체력의 3.5%에 해당하는 마법 피해를 줍니다.,,
phoenix,불사조,Phoenix,str,phoenix_supernova,초신성,Supernova,ability,120,"불사조가 스스로 생명을 버리고 부활을 준비합니다. 불사조는 타오르는 태양으로 모습을 바꾸고 넓은 범위에 걸쳐 적을 불태웁니다. 태양으로 모습을 바꾼 동안에도 적 영웅들의 공격을 받으면 죽을 수 있습니다. 태양은 6초 후 폭발하며 주위 적들을 기절시키고, 불사조는 체력과 마나를 모두 회복하여 모든 기술을 사용할 수 있는 상태로 부활합니다. 해제 유형: 강한 해제",초신성을 파괴할 때 필요한 공격 횟수가 증가하며 불사조가 아군에게 초신성을 시전하여 함께 태양으로 들어가 다시 태어납니다.,
primal_beast,원시 야수,Primal Beast,str,primal_beast_onslaught,맹공,Onslaught,ability,25/22/19/16,원시 야수가 힘을 충전한 다음 선택한 방향으로 달려가 적과 아군 모두를 뒤로 밀칩니다. 충격 시 적 유닛은 피해를 받고 기절합니다. 더 오래 충전할수록 원시 야수는 가속도로 더 멀리까지 돌진합니다. 중지 명령으로 언제든 취소할 수 있습니다.,,
primal_beast,원시 야수,Primal Beast,str,primal_beast_trample,짓밟기,Trample,ability,30/27/24/21,"원시 야수가 모든 것을 짓밟습니다. 140유닛을 지나칠 때마다, 야수 주위 모든 적이 피해를 받습니다. 기본 피해에 원시 야수 공격력의 일정 배수에 해당하는 피해가 더해집니다. 원시 야수는 능력의 지속시간 동안 무장 해제됩니다.",,
primal_beast,원시 야수,Primal Beast,str,primal_beast_uproar,난동,Uproar,ability,-,"야수의 성질 때문에 50 이상 영웅 피해를 적용할 때마다, 난동의 중첩을 부여합니다. 활성화하면, 원시 야수가 포효를 내질러 주위를 둘러싼 적을 둔화하고 7초 동안 현재 난동 중첩에 비례하여 추가 공격력과 방어력을 얻습니다.","난동을 활성화하면, 원시 야수가 주위 원 안에 있는 모두에게 난동 중첩당 투사체 2개씩을 3차례 방출합니다. 투사체는 타격한 적에게 피해를 주고 단절을 적용합니다. 짧은 지연 시간 후, 각각의 투사체는 두 개로 나뉩니다.",
primal_beast,원시 야수,Primal Beast,str,primal_beast_rock_throw,바위 던지기,Rock Throw,shard,20,원시 야수가 대상 위치에 바위를 던져 적에게 피해를 주고 기절시킵니다. 원시 야수 주위로 최소 범위 안에는 바위가 던져지지 않습니다. 떨어진 바위는 3조각으로 부서져 첫 번째 대상 위치 뒤에 추가로 떨어집니다. 바위 던지기로 타격한 영웅 한 명당 난동의 중첩이 증가합니다.,,
primal_beast,원시 야수,Primal Beast,str,primal_beast_pulverize,박살,Pulverize,ability,45/40/35,집중 기술 - 원시 야수가 분노를 쏟아내 대상 적을 움켜쥔 다음 반복하여 땅에 내리쳐서 효과 범위 안에 있는 적에게 피해를 주고 짧게 기절시킵니다. 연속으로 타격할 때마다 보너스 피해를 줍니다. 2.3초 동안 지속합니다.,,
primal_beast,원시 야수,Primal Beast,str,primal_beast_colossal,우람,Colossal,innate,-,"원시 야수는 기본 둔화 저항력 10%를 보유하고, 최대 체력 100마다 보너스 효과 범위 0.5% 및 둔화 저항력 1%를 얻습니다.",,
puck,퍽,Puck,int,puck_illusory_orb,신비로운 구슬,Illusory Orb,ability,12/11/10/9,"진로가 지정됩니다. 퍽이 경로를 따라 날아가며 닿는 적 유닛에게 피해를 주는 마법 구슬을 발사합니다. 구슬은 효과 범위 안에 0.5초마다 추가로 충격 피해의 3%에 해당하는 피해를 주지만, 최대 시전 범위를 벗어나면 파괴됩니다. 퍽은 언제라도 에테르 이동 능력을 사용해서 구슬의 위치로 순간이동할 수 있습니다. 교체 시전으로 구슬이 전방에 똑바로 날아가도록 설정할 수 있습니다.",,
puck,퍽,Puck,int,puck_waning_rift,균열 메우기,Waning Rift,ability,16/15/14/13,퍽이 대상 위치로 순간이동한 다음 요정의 가루를 뿌려 근처에 있는 적 유닛에게 피해를 주고 침묵에 빠뜨립니다.,,
puck,퍽,Puck,int,puck_phase_shift,위상 전이,Phase Shift,ability,8/7.5/7/6.5,집중 기술 - 퍽이 외부의 공격으로부터 어떤 피해도 받지 않는 다른 차원으로 잠시 몸을 숨깁니다.,,공격 시 보너스 마법 피해를 줍니다. 퍽이 위상 전이를 할 때마다 공격 범위 안에 있는 적 모두를 공격합니다.
puck,퍽,Puck,int,puck_puckish,퍽퍽함,Puckish,innate,-,"퍽이 공격을 피할 때마다, 최대 체력 및 마나의3%를 회복합니다. 대상 지정 주문 투사체를 피하면 해당 양의 3배를 회복합니다. 포탑 공격에는 적용되지 않습니다.",,
puck,퍽,Puck,int,puck_dream_coil,꿈의 고리,Dream Coil,ability,75,적 영웅을 붙드는 불안정한 마법의 고리를 만들어 내어 피해를 준 다음 풀어줍니다. 적 영웅이 꿈의 고리에서 일정 거리 이상 벗어나면 고리가 끊어지면서 기절하고 추가 피해를 받습니다.,꿈의 고리에 영향받은 적은 모두 퍽의 공격 빈도의 90%에 해당하는 빈도로 공격받습니다. 대상이 꿈의 고리를 끊고 기절한 동안에도 공격은 계속됩니다.,
pudge,퍼지,Pudge,str,pudge_meat_hook,고기 갈고리,Meat Hook,ability,18/16/14/12,"유닛 또는 특정 지점을 향해 피에 물든 갈고리를 날려 보냅니다. 갈고리에 걸린 첫 번째 유닛은 퍼지에게 끌려갑니다. 해당 유닛이 고대 크립이 아닌 중립 크립이면 죽고, 적이면 피해를 받습니다.",,"고기 갈고리로 적 한 명을 맞히면, 당긴 거리에 따라 보너스 피해를 줍니다. 고기 갈고리로 아군 한 명을 맞히면, 쿨다운이 50% 감소합니다."
pudge,퍼지,Pudge,str,pudge_rot,썩은 내,Rot,ability,-,강렬한 피해를 주고 이동 속도를 느리게 하는 독성 가스를 내뿜습니다. 적은 물론 퍼지 자신도 독의 피해를 받습니다.,"썩은 내 반경이 %bonus_rot_radius%, 피해가 %bonus_rot_damage% 증가하며, 썩은 내로 적의 체력 회복이 20% 감소합니다.",
pudge,퍼지,Pudge,str,pudge_flesh_heap,고기 방패,Meat Shield,ability,20/19/18/17,퍼지가 살점으로 자신을 뒤덮어 모든 요인에서 비롯한 모든 유형의 피해를 막습니다.,,
pudge,퍼지,Pudge,str,pudge_innate_graft_flesh,살점 무더기,Flesh Heap,innate,-,"퍼지는 적 영웅을 처치할 때마다 영구적으로 살가죽이 두꺼워지며, 중첩당 2의 보너스 힘을 얻습니다.",,
pudge,퍼지,Pudge,str,pudge_dismember,사지 절단,Dismember,ability,30/25/20,집중 기술 - 퍼지가 적 유닛 하나를 집중적으로 공격하여 무력화하고 지속 피해를 줍니다. 피해는 퍼지의 힘에 따라 증가하며 총피해량만큼 퍼지를 치유합니다. 퍼지는 해당 유닛을 75 유닛 거리의 속도로 125 범위 이상 끌어당깁니다.,,
pugna,퍼그나,Pugna,int,pugna_nether_blast,황천의 폭발,Nether Blast,ability,5,황천의 에너지를 폭발시켜 범위 내의 적 유닛과 건물에 피해를 줍니다. 건물은 65%의 피해를 받습니다.,,
pugna,퍼그나,Pugna,int,pugna_decrepify,무력화,Decrepify,ability,16/13/10/7,"대상 유닛의 속도를 느리게 하는 강력한 추방 주문을 시전합니다. 효과를 받은 대상은 공격할 수 없고 공격을 받지도 않습니다. 영향받은 아군에 대한 치유 효과는 증가하며, 영향받은 적은 추가 마법 피해를 받습니다.",,
pugna,퍼그나,Pugna,int,pugna_nether_ward,황천 와드,Nether Ward,ability,40,퍼그나가 대상 위치에 황천 와드를 설치합니다. 와드는 주문을 시전하는 적 영웅을 공격하고 기본 피해에 더불어 적 영웅이 소모한 마나에 비례하는 피해를 줍니다.,,시전 범위가 375까지 증가합니다.
pugna,퍼그나,Pugna,int,pugna_oblivion_savant,망각의 권위자,Oblivion Savant,innate,-,퍼그나가 정신을 집중하는 동안 주문을 시전하고 아이템을 사용할 수 있습니다. 파괴된 포탑 하나당 퍼그나가 주문 증폭 1.5%를 얻습니다.,,
pugna,퍼그나,Pugna,int,pugna_life_drain,체력 흡수,Life Drain,ability,7,집중 기술 - 적에게 시전하면 대상 적 유닛에게서 체력을 흡수하여 자신을 치유하고 대상 주위의 시야를 제공합니다. 아군에게 사용하면 퍼그나는 자신의 체력을 희생하여 아군을 치유합니다.,"쿨다운이 50초 감소합니다. 적 영웅을 대상으로 하면, 대상이 가하는 주문 피해가 매초 8%씩 최대 75%까지 감소하며 퍼그나의 주문 피해는 최대 100%까지 증가합니다. 파편을 보유하고 황천 와드를 통해 흡수하는 효과는 4%의 비율로 증가/감소합니다. 약화 효과는 8초 동안 지속합니다.",황천 와드를 대상으로 체력 흡수를 사용할 수 있습니다. 그러면 체력 흡수가 와드 주위 700 유닛 거리 안에 있는 적 영웅 모두에게 굴절되어 일반 수치의 75%에 해당하는 효력을 발휘합니다. 와드가 파괴되면 효과가 중단됩니다.
queenofpain,고통의 여왕,Queen of Pain,int,queenofpain_shadow_strike,그림자 일격,Shadow Strike,ability,11/9/7/5,"독이 묻은 단검을 던져 큰 피해를 주고, 추가로 지속 피해를 줍니다. 중독된 유닛은 16초 동안 이동 속도가 감소합니다. 그림자 일격에 당한 적은 3초마다 피해가 가해집니다.","그림자 일격이 300의 효과 범위에 적용하는 주문이 됩니다. 그림자 일격이 끝나거나 적 영웅에게 다시 적용되면, 대상이 고통의 울부짖음을 내뱉어 근처의 적을 타격합니다.",
queenofpain,고통의 여왕,Queen of Pain,int,queenofpain_blink,점멸,Blink,ability,12/10/8/6,고통의 여왕이 짧은 거리를 순간이동합니다. 신속하게 전투에 뛰어들고 빠져나올 수 있습니다.,,고통의 여왕이 점멸할 때 출발과 도착 두 위치에 초음속 폭음을 방출합니다. 300 효과 범위에 125의 피해를 주고 1.75초 동안 대상을 침묵시킵니다.
queenofpain,고통의 여왕,Queen of Pain,int,queenofpain_scream_of_pain,고통의 울부짖음,Scream Of Pain,ability,7.5/7/6.5/6,고통의 여왕이 날카로운 비명을 질러 인근의 적에게 피해를 줍니다. 영웅에게 준 피해의 25%가 다시 고통의 여왕에게 반사됩니다.,,
queenofpain,고통의 여왕,Queen of Pain,int,queenofpain_succubus,서큐버스,Succubus,innate,-,"모든 원인의 주문 흡혈이 순수 피해에도 적용됩니다. 고통의 여왕이 적과 가까워질수록 주문 흡혈 효과가 증가합니다. 흡혈 효과는 적이 150 유닛 거리에 있을 때 최대가 되며, 적이 고통의 여왕으로부터 800 유닛 거리 이상 멀어지면 최소가 됩니다.",,
queenofpain,고통의 여왕,Queen of Pain,int,queenofpain_sonic_wave,초음파 비명,Sonic Wave,ability,110/95/80,고통의 여왕이 전방에 엄청난 음파를 내보내어 범위 내 모든 적에게 큰 피해를 주고 뒤로 밀쳐냅니다.,,
razor,레이저,Razor,agi,razor_plasma_field,플라스마 장막,Plasma Field,ability,13/12/11/10,"커질수록 위력이 강해지는 강력한 플라스마 파동을 내뿜어 장막에 닿는 적 유닛을 둔화하고 피해를 줍니다. 장막이 수축할 때도 적에게 충격을 줍니다. 레이저에게서 멀어질수록 장막의 피해와 둔화 효과가 커집니다. 플라스마 장막은 모든 유닛을 각 방향으로 한 번씩, 총 두 번 타격합니다.",,
razor,레이저,Razor,agi,razor_static_link,정전기 연결,Static Link,ability,44/36/28/20,"레이저와 적 영웅을 전기로 연결하고, 영웅의 공격력을 훔쳐 레이저에게 더합니다. 레이저는 연결을 활성화한 상태로 이동하며 공격할 수 있습니다.",,시전 범위가 증가합니다. 레이저의 대상은 연결이 활성화되어 있는 동안 빼앗긴 공격력의 %move_speed_factor%배만큼 둔화합니다.
razor,레이저,Razor,agi,razor_storm_surge,폭풍 쇄도,Storm Surge,ability,-,"공격받았을 때는 일정 확률로, 주문의 대상이 되었을 때는 언제나, 갈라진 번개를 내뿜어 대상과 주위 다른 적을 타격합니다. 공격자와 같은 유닛 유형을 우선 대상으로 하며, 피해를 주고 이동 속도를 둔화합니다.",,"폭풍의 눈이 활성화되어 있는 동안, 타격 확률이 2배가 되고, 타격 쿨다운이 2초 감소하며, 번개가 폭풍의 눈 반경 안에 있는 모든 적을 타격합니다. 한 번 실행될 때 같은 적을 두 번 타격하지 않습니다."
razor,레이저,Razor,agi,razor_unstable_current,불안정한 전류,Unstable Current,innate,-,지속하여 이동 속도가 증가합니다.,,
razor,레이저,Razor,agi,razor_eye_of_the_storm,폭풍의 눈,Eye of the Storm,ability,80/70/60,강력한 번개 폭풍을 일으켜 체력이 가장 낮은 적 유닛을 공격합니다. 대상은 피해를 받고 방어력이 감소합니다.,"폭풍의 눈이 하나가 아닌 서로 다른 두 유닛을 타격하며 구조물에도 피해를 줍니다. 대상으로 할 수 있는 구조물은 포탑, 병영, 고대의 요새만 해당합니다.",
riki,리키,Riki,agi,riki_smoke_screen,연막,Smoke Screen,ability,15/14/13/12,연막탄을 던져 범위 내의 적을 침묵에 빠뜨리고 공격이 빗나가게 합니다.,,연막에 걸린 적은 방어력이 5 감소하고 같은 편이 대상으로 지정할 수 없습니다.
riki,리키,Riki,agi,riki_blink_strike,점멸 가격,Blink Strike,ability,13/10/7/4,대상 유닛의 뒤로 순간이동합니다. 대상이 적이면 순간 100% 느려지게 하며 공격하여 보너스 피해를 줍니다.,,
riki,리키,Riki,agi,riki_tricks_of_the_trade,암살 비법,Tricks of the Trade,ability,21/18/15/12,"집중 기술 - 리키가 위상을 바꾸어 세상 밖으로 사라진 다음, 주위 일정 범위에 있는 적 유닛 2명을 무작위로 뒤에서 타격합니다. 위상이 바뀐 상태에서는 공격력이 고정됩니다.","시전 범위가 500(으)로 증가합니다. 아군 유닛을 대상으로 하여, 지속시간 동안 해당 유닛 안에 숨을 수 있습니다. 아군 유닛 안에 숨어 있는 동안, 해당 유닛이 15%의 보너스 이동 속도를 얻으며, 암살 비법이 1초 더 오래 지속하고 추가 2회 공격합니다.",
riki,리키,Riki,agi,riki_innate_backstab,배후 공격,Backstab,innate,-,리키가 적을 뒤에서 공격할 때마다 추가로 민첩의 몇 배에 해당하는 보너스 피해를 줍니다.,,
riki,리키,Riki,agi,riki_backstab,숨어 찌르기,Cloak and Dagger,ability,-,리키가 그림자 속에 숨어들어 공격할 때까지 투명 상태가 됩니다. 영웅을 처치하거나 처치를 도우면 추가 경험치를 얻습니다.,,
ringmaster,곡예단장,Ringmaster,int,ringmaster_tame_the_beasts,야수 길들이기,Tame the Beasts,ability,16/14/12/10,"정신 집중 - 곡예단장이 1초 동안 채찍을 돌리다 철썩 내려칩니다. 채찍에 맞은 적들은 피해를 받고 공포에 휩싸여 곡예단장으로부터 달아납니다. 정신 집중 시간이 길어지면 피해가 기하급수적으로 증가하고 공포 지속시간이 늘어나지만, 반경이 감소합니다.",,
ringmaster,곡예단장,Ringmaster,int,ringmaster_the_box,탈출 묘기,Escape Act,ability,38/32/26/20,"곡예단장이 자신이나 아군 영웅 한 명을 움직이는 이차원 상자에 넣습니다. 상자에 들어간 유닛은 위상 이동, 둔화 저항력, 보너스 마법 저항력, 보너스 이동 속도를 얻습니다. 또한, 대상으로 지정되지 않으며, 무효가 되고, 침묵하고, 무장 해제됩니다. 효과가 만료되거나 최초 범위 밖으로 이동하면 상자가 열립니다.","탈출 묘기가 충전 2회를 보유합니다. 상자가 열리면, 칼 던지기 묘기의 단검이 모든 방향으로 날아가며 주위 모든 적에게 피해를 줍니다.",
ringmaster,곡예단장,Ringmaster,int,ringmaster_impalement,칼 던지기 묘기,Impalement Arts,ability,1,"곡예단장이 선택한 지점에 정확하게 단검을 던집니다. 적을 맞히면, 해당 적은 맞을 때 충격 피해를 받고, 짧게 둔화하며, 출혈이 일어납니다. 출혈로 영웅은 매초 최대 체력의 일정 비율에 해당하는 피해를 받고, 크립은 매초 고정 피해를 받습니다.",,
ringmaster,곡예단장,Ringmaster,int,ringmaster_spotlight,집중 조명,Spotlight,shard,30,"집중 조명 3개를 밝혀 일정 범위를 훑습니다. 빛을 받은 적은 일정 확률로 공격이 빗나가며, 투명 상태일 때는 모습이 드러납니다. 빛줄기에 맞은 환영은 매초 최대 체력의 일정 비율을 잃으면서 서서히 사라집니다. 빛을 벗어난 후 0.3초 동안 효과가 남습니다.",,
ringmaster,곡예단장,Ringmaster,int,ringmaster_wheel,경이의 수레바퀴,Wheel of Wonder,ability,90/80/70,"곡예단장이 대상 위치로 경이의 수레바퀴를 굴려, 가는 경로에 있는 적을 옆으로 밀쳐냅니다. 목표에 도달하면, 수레바퀴의 범위 안에 있는 적은 지속하여 피해를 받고 -50% 둔화합니다. 수레바퀴를 0.5초 이상 정면으로 마주한 적 영웅은 넋을 잃고 이끌려 갑니다. 첫 번째 적이 넋을 잃으면 바퀴가 폭발하는 타이머가 작동합니다. 타이머가 작동되지 않으면, 4초 후 자동으로 폭발합니다.",,
ringmaster,곡예단장,Ringmaster,int,ringmaster_dark_carnival_souvenirs,어둠의 카니발 호객꾼,Dark Carnival Barker,innate,-,"곡예단장은 주위 925 유닛 거리 안에서 적 영웅이 죽을 때마다 무작위로 1회용 어둠의 카니발 기념품 1개를 얻습니다. 기념품을 추가로 얻으면 충전으로 보관됩니다. 곡예단장이 죽을 때 기념품을 보유하지 않았다면, 하나를 받습니다.",,
ringmaster,곡예단장,Ringmaster,int,ringmaster_funhouse_mirror,유령의 집 거울,Funhouse Mirror,ability,3,사용: 비율 왜곡18초 동안 지속하는 영웅의 불완전한 상을 1개 만들어 냅니다. 환영은 100%의 피해를 주고 300%의 피해를 받습니다.,,
ringmaster,곡예단장,Ringmaster,int,ringmaster_strongman_tonic,차력사 강장제,Strongman Tonic,ability,3,사용: 강제적 흡수8초 동안 일시적으로 아군 영웅의 힘을 5 + 곡예단장 레벨당 1만큼 증가시킵니다. 효과는 4초 동안 유지되다 지속시간 동안 서서히 약해집니다.,,
ringmaster,곡예단장,Ringmaster,int,ringmaster_whoopee_cushion,뿡뿡 쿠션,Whoopee Cushion,ability,3,사용: 이크영웅을 전방 400 유닛 거리만큼 밀고 갑니다. 3초 동안 뒤로 250 반경에 냄새가 고약한 구름을 남겨 적을 -30% 둔화합니다.,,
ringmaster,곡예단장,Ringmaster,int,ringmaster_summon_unicycle,외발자전거,Unicycle,ability,3,"사용: 안장 얹기빠른 외발자전거를 소환하여 10초 동안 타고 주위를 돌아다닙니다. 외발자전거에 타고 1.5초 후에 적 영웅으로부터 20이(가) 넘는 피해를 받으면 자전거에서 내려옵니다. 나무에 부딪히면 나무가 파괴되며, 외발자전거 속도는 느려집니다. 공격하거나, 정신 집중 능력을 사용하거나, 유닛이나 다른 장애물에 부딪혀도 외발자전거에서 내려옵니다.",,
rubick,루빅,Rubick,int,rubick_telekinesis,염동력,Telekinesis,ability,22/19/16/13,루빅이 염동력으로 적을 공중에 들어 올렸다가 잠시 후 땅으로 떨어뜨립니다. 적 유닛이 땅에 떨어질 때 그 충격으로 주위에 있는 적이 기절합니다.,,자신이나 아군을 대상으로 염동력을 사용할 수 있습니다. 아군을 대상으로 하면 던지기 거리가 225(으)로 증가하고 던지기 지연 시간이 0.5초로 감소합니다.
rubick,루빅,Rubick,int,rubick_fade_bolt,음영 광선,Fade Bolt,ability,16/14/12/10,루빅이 강력한 비전 에너지 줄기를 방출합니다. 비전 줄기는 적 사이를 옮겨 다니며 피해를 주고 공격력과 주문 피해를 감소시킵니다. 대상을 옮겨갈 때마다 주는 피해가 감소합니다.,,
rubick,루빅,Rubick,int,rubick_arcane_supremacy,신비의 패권,Arcane Supremacy,ability,-,신비술에 통달한 루빅은 보너스 주문 증폭을 얻고 더 넓은 범위에 시전할 수 있습니다.,,
rubick,루빅,Rubick,int,rubick_spell_steal,주문 강탈,Spell Steal,ability,16/10/4,적 영웅이 지닌 마법 정수의 흔적을 연구하여 적이 마지막으로 사용한 주문의 비밀을 터득합니다. 루빅은 이 주문을 자기 자신의 무기로 삼아서 몇 분 동안 또는 죽을 때까지 사용할 수 있습니다.,"훔칠 수 있는 주문 수가 2개로 늘어납니다. 시전 범위가 증가하며, 강탈한 주문에 아가님의 홀 강화가 적용됩니다.",강탈한 주문에 아가님의 파편 강화가 적용됩니다.
rubick,루빅,Rubick,int,rubick_curiosity,호기심,Curiosity,innate,-,"루빅이 레벨당 호기심 1중첩을 획득하여 1의 기본 피해, 0.3% 강화 효과/약화 효과 지속시간, 2의 효과 범위 보너스를 부여받습니다. 루빅이 1200 거리 안에서 적 영웅이 능력을 시전하는 걸 보면, 20초 동안 2의 호기심을 얻습니다. 루빅이 호기심을 보유하고 마지막 3초 동안 피해를 준 상황에서 해당 영웅이 죽으면, 루빅이 1의 호기심을 영구적으로 얻습니다.",,
sand_king,모래 제왕,Sand King,all,sandking_burrowstrike,지하 습격,Burrowstrike,ability,14/13/12/11,모래 제왕이 땅속으로 파고들어 앞으로 돌진합니다. 지상으로 올라오면서 적 유닛에게 피해를 주고 기절시킵니다. 타격을 받은 영웅에게 부식성 독을 주입합니다. 교체 시전으로 설정하여 대상 위치로 걸어가지 않고도 즉시 원하는 방향으로 시전할 수 있습니다.,,
sand_king,모래 제왕,Sand King,all,sandking_sand_storm,모래 폭풍,Sand Storm,ability,40/34/28/22,모래 제왕이 무시무시한 모래 폭풍을 생성하여 적 유닛에게 피해를 줍니다. 모래 폭풍 안에 있는 모래 제왕은 투명 상태가 됩니다. 범위를 벗어나면 효과가 끝납니다.,,
sand_king,모래 제왕,Sand King,all,sandking_scorpion_strike,독침,Stinger,ability,15/12/9/6,모래 제왕이 일정 지역을 타격하여 효과 범위 안에 있는 모든 적을 공격하고 각자에게 추가 피해를 줍니다. 가장 안쪽 반경 125 안에 있는 적은 40% 추가 피해를 받습니다. 타격한 모든 적에게 부식성 독과 둔화를 적용합니다.,,독침의 가장 안쪽 반경에서 타격하는 모든 적 주위에 %caustic_damage_pct%%의 피해를 주는 부식성 독 폭발이 일어납니다. 아가님의 홀 강화로 생성된 타격은 적용되지 않습니다.
sand_king,모래 제왕,Sand King,all,sandking_caustic_finale,부식성 독,Caustic Finale,innate,-,"모래 제왕이 공격 시 독을 주입합니다. 해당 적 유닛은 죽을 때 격렬하게 폭발하며, 고정 피해 및 죽는 유닛의 최대 체력에 비례한 추가 피해를 줍니다.",,
sand_king,모래 제왕,Sand King,all,sandking_epicenter,땅울리기,Epicenter,ability,120/110/100,모래 제왕이 2초의 시전 시간을 가진 뒤 지면을 울려 주변에 강렬한 진동을 일으킵니다. 범위 내에 있는 모든 적은 피해를 받고 둔화 상태가 됩니다. 진동이 거듭될수록 피해 범위가 증가합니다.,"진동이 시작되면, 0.5초 마다 무작위 위치에 독침 공격 범위 3곳이 만들어집니다. 각 범위는 땅울리기 현재 반경의 35%에 해당하는 크기로 만들어지며, 타격한 적에게 독침 피해의 40%를 적용합니다. 파편 적용 시 진동으로 1회 공격합니다.",3초마다 모래 제왕 주위에 소규모로 단발성 땅울리기 진동이 일어납니다.
shadow_demon,그림자 악마,Shadow Demon,int,shadow_demon_disruption,분열,Disruption,ability,26/24/22/20,짧은 지속시간 동안 대상 유닛을 전장에서 추방합니다. 추방이 풀리면 추방되었던 유닛의 환영이 보너스 기본 공격력을 얻은 상태로 두 개 생성되어 그림자 악마의 조종을 받습니다.,,
shadow_demon,그림자 악마,Shadow Demon,int,shadow_demon_disseminate,퍼뜨리기,Disseminate,ability,26/22/18/14,대상이 피해를 받을 때마다 대상이 적이라면 그 해당 적도 포함하여 대상으로부터 675 범위 안에 있는 모든 적에게 해당 피해의 일정 비율이 적용됩니다. 적이나 아군 유닛을 대상으로 할 수 있습니다. 대상이 분열로 추방되면 효과가 일시 정지됩니다.,,
shadow_demon,그림자 악마,Shadow Demon,int,shadow_demon_shadow_poison,어둠의 독,Shadow Poison,ability,2.5,"일직선상에 있는 적에게 피해를 주고 적 유닛을 중독시킵니다. 독은 중첩 횟수에 따라 각각 1/2/4/8/16배의 피해를 줍니다. 최대 5번까지 중첩됩니다. 추가 중첩 시 각각 60의 피해를 줍니다. 어둠의 독 지속시간이 다하거나 연계 능력인 어둠의 독 방출이 사용되면, 쌓인 피해가 적용됩니다.",,
shadow_demon,그림자 악마,Shadow Demon,int,shadow_demon_demonic_cleanse,악마의 세정,Demonic Cleanse,shard,60,"대상 아군 유닛을 세정하여 지속시간 동안 해로운 효과를 없앱니다. 지속시간이 끝날 때, 유닛의 체력이 회복됩니다. 분열로 추방된 유닛도 악마의 세정 효과를 받을 수 있습니다. 해제 유형: 기본 해제",,
shadow_demon,그림자 악마,Shadow Demon,int,shadow_demon_demonic_purge,악마의 정화,Demonic Purge,ability,70/65/60,"대상 적 유닛을 정화하여 이로운 효과를 없애고 지속시간 동안 대상을 느려지게 합니다. 유닛은 지속시간이 끝날 때까지 서서히 속도를 회복하며, 마지막에 피해를 받습니다. 분열로 추방된 유닛도 악마의 정화 효과를 받을 수 있습니다. 해제 유형: 기본 해제",악마의 정화로 적을 단절시키며 충전 수 2회를 얻습니다.,
shadow_demon,그림자 악마,Shadow Demon,int,shadow_demon_menace,위협,Menace,innate,-,그림자 악마의 공격으로 적에게 8초 동안 중첩되는 약화 효과를 적용하여 받는 피해가 증가하게 합니다.,,
nevermore,그림자 마귀,Shadow Fiend,agi,nevermore_shadowraze1,그림자 휩쓸기,Shadowraze,ability,9,"그림자 마귀가 바로 앞의 지면을 휩쓸어 해당 범위 내의 적 유닛에게 피해를 주고, 현재 영혼 거두기 영혼 수에 비례하여 보너스 피해를 줍니다. 대상은 중첩 피해가 증폭되어 중첩당 그림자 휩쓸기 피해를 추가로 받습니다.",,쿨다운이 맞은 적 영웅마다 2초씩 감소합니다. 맞힌 적에게 중첩되는 12% 이동 속도 약화 효과를 적용합니다.
nevermore,그림자 마귀,Shadow Fiend,agi,nevermore_frenzy,영혼의 만찬,Feast of Souls,ability,21,"그림자 마귀가 8초 동안 이동 속도 및 공격 속도 보너스를 얻습니다. 효과의 지속시간 동안, 0.5초마다 600 반경에서 적 2명에게 영혼을 거둡니다. 효과가 끝난 후, 살아 있는 적의 영혼은 잃고 나머지는 8초 동안 유지합니다. 그 후에 영혼 거두기 최대 중첩 수를 넘는 영혼도 잃습니다. 각각의 적에게서 영혼을 한 번만 수집할 수 있습니다.",,
nevermore,그림자 마귀,Shadow Fiend,agi,nevermore_dark_lord,암흑 군주의 위용,Presence of the Dark Lord,ability,-,그림자 마귀의 존재만으로 주위 적의 방어력이 감소합니다.,,
nevermore,그림자 마귀,Shadow Fiend,agi,nevermore_requiem,영혼의 진혼곡,Requiem of Souls,ability,120/110/100,구속한 최대 20개의 영혼을 악마의 에너지와 함께 방사형으로 방출합니다. 영혼을 방출할 때 그림자 마귀 가까이에 있는 유닛은 다수의 공격파에 피해를 받습니다. 영혼의 진혼곡에 피해를 받은 유닛은 공포에 휩싸이며 공격파 타격마다 0.6초 동안 이동 속도와 마법 저항력이 최대 2.15까지 감소합니다. 영혼 거두기로 구속한 영혼 하나당 공격파를 내뿜습니다. 그림자 마귀가 사망하면 영혼의 진혼곡은 쿨다운 시간과 관계없이 즉시 시전됩니다.,쿨다운이 감소하고 영혼의 진혼곡이 그림자 마귀에게 되돌아옵니다. 되돌아온 공격파는 준 피해만큼 그림자 마귀를 치유합니다.,
nevermore,그림자 마귀,Shadow Fiend,agi,nevermore_necromastery,영혼 거두기,Necromastery,innate,-,"그림자 마귀가 처치한 유닛에게서 영혼을 훔치고, 영혼당 1의 보너스 공격력을 얻습니다. 영웅 처치 시 영혼 4개가 부여됩니다. 그림자 마귀가 죽으면, 결속된 영혼 30%가 해방됩니다.",최대 영혼 수가 증가합니다.,
shadow_shaman,그림자 주술사,Shadow Shaman,int,shadow_shaman_ether_shock,에테르 충격,Ether Shock,ability,14/12/10/8,전방에 원뿔 형태로 에테르 에너지를 방출하여 다수 적을 공격합니다.,,
shadow_shaman,그림자 주술사,Shadow Shaman,int,shadow_shaman_voodoo,주술,Hex,ability,24/20/16/12,적 유닛을 무해한 동물로 바꿔 놓습니다. 변이된 중에는 공격하거나 능력을 사용하지 못합니다.,,
shadow_shaman,그림자 주술사,Shadow Shaman,int,shadow_shaman_shackles,족쇄,Shackles,ability,14/13/12/11,"집중 기술 - 적 유닛을 마법으로 구속하여 이동하거나 공격하지 못하게 하고, 지속하여 생명의 기운을 빨아들입니다.","시전 범위가 증가합니다. 0.9초마다, 족쇄에 걸린 유닛이 방사형으로 에테르 충격을 발산해 대상으로부터 600 안에 있는 다른 유닛 모두를 타격하여 에테르 충격으로 주는 일반 피해의 100% 만큼 피해를 줍니다. 이제 족쇄를 그림자 주술사로부터 2000 유닛 거리 안에 머무는 아군과 대규모 뱀 와드에 시전할 수 있습니다. 아군 유닛은 족쇄로 무력화하지 않습니다.",
shadow_shaman,그림자 주술사,Shadow Shaman,int,shadow_shaman_fowl_play,닭장 대소동,Fowl Play,innate,120,"그림자 주술사가 치명 피해를 받으면, 강한 해제가 적용되면서 이동 속도가 증가한 체력 1의 닭으로 살아남습니다. 짧은 지속시간 동안 받는 피해가 0으로 감소하고 닭이 추가로 생성되어 적을 정신없게 합니다. 그림자 주술사가 부활하면 쿨다운이 초기화됩니다. 해제 유형: 강한 해제",,"받는 피해가 감소하는 시간이 1초로 늘어납니다. 닭장 대소동이 발동하면, 그림자 주술사가 0.1초 동안 무적 상태가 됩니다. 제어할 수 없으며 %ally_voodoo_duration%초 동안 지속하는 닭 %chicken_illusions%마리가 추가로 생성됩니다. 이제 그림자 주술사가 변신하고 있는 동안 아이템을 사용할 수 있습니다."
shadow_shaman,그림자 주술사,Shadow Shaman,int,shadow_shaman_urnaconda,항아리구렁이,Urnaconda,shard,50,"대상 위치에 뱀 항아리를 던져, 효과 범위 안의 모든 적에게 피해를 주고 대형 뱀 와드를 생성합니다. 생성된 대형 뱀 와드는 기본 뱀 와드 피해와 체력의 4배에 해당하는 피해와 체력을 보유하고, 15초 동안 지속합니다.",,
shadow_shaman,그림자 주술사,Shadow Shaman,int,shadow_shaman_mass_serpent_ward,대규모 뱀 와드,Mass Serpent Ward,ability,110/105/100,10마리 뱀 와드를 소환해 적 유닛과 구조물을 공격합니다. 소환된 뱀 와드는 마법에 면역입니다. 크립은 뱀 와드에 절반의 피해를 줍니다.,,항아리구렁이 능력으로 상급 와드를 생성할 수 있습니다.
silencer,침묵술사,Silencer,int,silencer_curse_of_the_silent,신비의 저주,Arcane Curse,ability,22/20/18/16,"대상 지역에 저주를 내려 적에게 피해를 주고, 이동 속도를 늦추며 지속 피해를 받게 합니다. 저주에 걸린 적이 주문을 시전할 때마다, 지속시간이 증가합니다. 대상이 침묵에 걸려 있는 동안은 지속시간이 진행되지 않습니다.",,
silencer,침묵술사,Silencer,int,silencer_glaives_of_wisdom,지혜의 날,Glaives of Wisdom,ability,-,"침묵술사가 무기에 자신의 지혜를 부여하여, 타격할 때마다 대상의 지능을 훔치고 지능에 비례하는 추가 피해를 줍니다.",,지혜의 날이 450 범위 안의 무작위 적에게 1번 튕기고 훔치는 지능이 증가합니다.
silencer,침묵술사,Silencer,int,silencer_last_word,최후의 한마디,Last Word,ability,22/18/14/10,대상에게 저주를 걸어 해당 대상에 대한 시야를 얻습니다. 대상이 주문을 시전하거나 효과의 지속시간이 다하면 피해를 주고 침묵에 빠뜨립니다. 침묵술사와 대상의 지능 차이에 비례하여 추가 피해를 줍니다.,,
silencer,침묵술사,Silencer,int,silencer_brain_drain,침묵 속 고통,Suffer In Silence,innate,-,"침묵술사가 침묵에 걸린 대상에게서 받는 피해가 감소하고 대상에게 주는 피해가 증가합니다. 적 영웅이 침묵술사로부터 925 범위 안에서 죽거나 죽는 시점에 침묵술사의 약화 효과에 걸려 있다면, 침묵술사가 영구적으로 지능을 1 훔칩니다. 희생자가 침묵 당한 상태라면, 1의 지능을 추가로 훔칩니다.",,처치당 훔치는 지능이 증가합니다.
silencer,침묵술사,Silencer,int,silencer_global_silence,광역 침묵,Global Silence,ability,120,침묵술사가 모든 소리를 막아 지도상의 모든 적 영웅과 유닛이 주문을 외지 못하게 합니다.,광역 침묵 시 지속시간 동안 영웅에게 신비의 저주가 적용됩니다.,
skywrath_mage,하늘분노 마법사,Skywrath Mage,int,skywrath_mage_arcane_bolt,신비의 광선,Arcane Bolt,ability,5/4/3/2,하늘분노 마법사가 느리게 움직이는 신비의 마법 광선을 날려 보내 적 유닛에게 자신의 지능에 비례한 피해를 줍니다.,,"하늘분노 마법사가 신비의 광선을 시전하면, 2줄기가 생성됩니다. 광선 한 줄기는 원래 대상을 겨냥하고, 다른 두 줄기는 원래 대상 주위 500의 범위에 있는 무작위 적을 대상으로 합니다. 영웅이 우선 대상이 됩니다."
skywrath_mage,하늘분노 마법사,Skywrath Mage,int,skywrath_mage_concussive_shot,충격탄,Concussive Shot,ability,15/14/13/12,주문의 범위 내에서 가장 가까이 있는 적을 원거리로 공격합니다. 타격 시 효과 범위 내에 피해를 주고 둔화를 적용합니다.,하늘분노 마법사가 충격탄을 시전하면 원 대상으로부터 500 범위 내의 다른 무작위 대상이 같은 능력의 타격을 받습니다. 영웅을 우선 공격합니다.,
skywrath_mage,하늘분노 마법사,Skywrath Mage,int,skywrath_mage_ancient_seal,고대 봉인,Ancient Seal,ability,14,하늘분노 마법사가 대상 유닛을 고대 룬으로 봉인합니다. 봉인된 대상은 침묵에 빠지고 마법 공격을 당하면 추가 피해를 받습니다.,"하늘분노 마법사가 고대 봉인을 시전할 때마다, 원 대상으로부터 500 범위 내의 다른 무작위 대상이 같은 능력으로 영향을 받습니다. 영웅을 우선 공격합니다.",
skywrath_mage,하늘분노 마법사,Skywrath Mage,int,skywrath_mage_shield_of_the_scion,하늘자손의 방패,Shield of the Scion,innate,-,"하늘분노 마법사가 능력으로 적 영웅에게 마법 피해를 줄 때마다, 소량의 마법 피해 방어막을 얻습니다. 각각의 강화 효과는 개별적으로 중첩됩니다.",,
skywrath_mage,하늘분노 마법사,Skywrath Mage,int,skywrath_mage_mystic_flare,비전 섬광,Mystic Flare,ability,55/35/15,궁극의 마법 능력을 사용하여 일정 범위 내의 적을 집중적으로 정밀 타격합니다. 범위 내에 있는 적 영웅에게 2초에 걸쳐 큰 피해를 줍니다. 전체 피해는 적 영웅의 수에 따라 균등하게 분배됩니다.,하늘분노 마법사가 비전 섬광을 시전하면 원 대상으로부터 500 범위 내의 다른 무작위 적 영웅의 위치에 또 다른 비전 섬광이 발사됩니다. 영웅을 우선 공격합니다.,
slardar,슬라다,Slardar,str,slardar_sprint,수호의 질주,Guardian Sprint,ability,33/28/23/18,슬라다가 미끄러지듯 움직여 상당히 빠른 속도로 이동하고 유닛을 통과합니다. 첫 2.5초 동안 둔화 저항력 100%를 얻습니다. 둔화 저항력은 남은 질주 지속시간 동안 서서히 사라집니다.,,
slardar,슬라다,Slardar,str,slardar_slithereen_crush,슬리더린 충격,Slithereen Crush,ability,8.5/8/7.5/7,바닥을 내려쳐 물웅덩이를 만들면서 근처에 있는 적 유닛에게 피해를 주고 기절시킵니다. 공격을 받은 적은 기절 직후 둔화 상태에 빠집니다.,슬리더린 충격으로 생기는 물웅덩이의 반경과 지속시간이 증가합니다.,슬리더린 충격이 영향받은 유닛에게 짧은 시간 동안 부식의 연무도 적용합니다.
slardar,슬라다,Slardar,str,slardar_bash,심해의 강타,Bash of the Deep,ability,-,"3회 공격 후, 다음 공격은 대상을 강타합니다.",,
slardar,슬라다,Slardar,str,slardar_seaborn_sentinel,해상 파수꾼,Seaborn Sentinel,innate,-,"슬라다가 웅덩이, 물길, 강에 있을 때 보너스 이동 속도, 체력 재생, 공격력, 방어력을 얻습니다.","웅덩이, 물길, 강에 있을 때 체력 재생, 방어력, 상태 저항력을 추가로 얻습니다. 웅덩이/물길 반경이 75%, 웅덩이/물길 지속시간이 5초 증가합니다.",
slardar,슬라다,Slardar,str,slardar_amplify_damage,부식의 연무,Corrosive Haze,ability,5,적의 방어력을 감소시켜 물리 피해가 증폭되게 하고 대상 유닛의 시야를 공유합니다. 공유된 시야는 진실의 시야 효과를 지니며 투명 유닛을 볼 수 있습니다. 적 유닛은 뒤로 물길을 남깁니다.,,
slark,슬라크,Slark,agi,slark_dark_pact,어둠의 서약,Dark Pact,ability,9/8/7/6,슬라크가 짧은 지연시간 후 자신의 피를 희생하여 약화 효과를 대부분 정화하고 주위 적 유닛과 자신에게 피해를 줍니다. 슬라크는 30% 피해만 받습니다. 해제 유형: 강한 해제,,
slark,슬라크,Slark,agi,slark_pounce,뛰어들기,Pounce,ability,24/20/16/12,슬라크가 전방으로 뛰어올랐다가 처음 마주치는 적 영웅을 구속하고 능력 전환 중첩을 적용합니다. 해당 유닛은 슬라크가 착지한 위치에서 제한된 거리만 움직일 수 있습니다.,충전 수를 얻고 범위가 늘어납니다.,
slark,슬라크,Slark,agi,slark_saltwater_shiv,소금물 조악칼,Saltwater Shiv,ability,12/10.5/9/7.5,"슬라크가 소금기 묻은 조악칼로 대상을 베어, 해당 대상의 이동 속도, 체력 재생, 체력 회복의 일정 부분을 훔칩니다. 효과는 개별적으로 중첩됩니다.",,
slark,슬라크,Slark,agi,slark_depth_shroud,심연의 장막,Depth Shroud,shard,75,대상 위치에 구름을 생성합니다. 반경 안에 있는 모든 아군이 감춰지며 어둠의 춤에 영향을 받습니다.,,
slark,슬라크,Slark,agi,slark_essence_shift,능력 전환,Essence Shift,innate,-,슬라크가 공격 시 적 영웅에게서 생명의 정수를 훔쳐내고 각 능력치를 1씩 흡수하여 자신에게 적용되는 3의 보너스 민첩으로 바꿉니다. 영향받는 적 영웅을 처치하면 영구적으로 1의 민첩을 훔칩니다.,,
slark,슬라크,Slark,agi,slark_shadow_dance,어둠의 춤,Shadow Dance,ability,50/40/30,"적 팀에 보이지 않을 때, 슬라크가 지속하여 보너스 이동 속도와 체력 재생 효과를 얻습니다. 중립 유닛에게 피해를 받으면 이동 속도 및 체력 재생 보너스 지속 효과가 2초 동안 사라집니다. 활성화하면, 그림자 장막에 몸을 숨기며 탐지에 면역이 됩니다. 공격, 주문 시전, 아이템 사용 시에도 모습이 드러나지 않지만, 적이 그림자 장막 자체를 볼 수 있습니다.",,
snapfire,스냅파이어,Snapfire,all,snapfire_scatterblast,산탄포격,Scatterblast,ability,17/14/11/8,"스냅파이어가 넓게 포를 발사하여 부채꼴 범위에 있는 적에게 피해를 주고 둔화합니다. 초근접 사격 범위 안에 있는 적은 받는 피해가 25% 증가하고, 이동 둔화, 공격 둔화, 둔화 지속시간이 50% 증가합니다.",,
snapfire,스냅파이어,Snapfire,all,snapfire_firesnap_cookie,딱딱불 과자,Firesnap Cookie,ability,18/17/16/15,스냅파이어가 효력이 있는 과자를 모티머나 아군에게 먹여 짧은 거리를 껑충 뛰게 합니다. 껑충 뛰어 오른 유닛이 내려 앉으면 해당 구역에 있는 적은 기절하고 피해를 받습니다.,,"딱딱불 과자의 효력이 더 강해져, 대상을 치유하고 모티머의 입맞춤을 발사하여 착지 지점에 40%의 충격 피해를 줍니다."
snapfire,스냅파이어,Snapfire,all,snapfire_lil_shredder,갈기갈기포,Lil' Shredder,ability,24/20/16/12,"스냅파이어가 탈것에 부착된 회전포를 예열한 다음 빠르게 발사하여 5회 공격하며, 고정 피해와 더불어 공격력의 일정 비율을 추가로 가합니다. 공격마다 적의 방어력이 감소합니다. 지속시간 동안 보너스 공격 범위를 얻습니다.",,
snapfire,스냅파이어,Snapfire,all,snapfire_gobble_up,꿀꺽 삼키기,Gobble Up,scepter,40,모티머가 크립 또는 아군 영웅을 꿀꺽 삼겼다가 적에게 내뱉습니다. 삼킨 유닛은 모티머의 뱃속에 최대 0초 동안 머뭅니다.,,
snapfire,스냅파이어,Snapfire,all,snapfire_spit_creep,내뱉기,Spit Out,scepter,-,모티머가 입안에 있던 유닛을 뱉어내며 넓은 지역에 충격 피해와 기절 효과를 줍니다. 방울은 현재 모티머의 입맞춤 레벨에 따른 불침 웅덩이가 되어 둔화 효과와 지속 피해를 줍니다. 내뱉기에는 최소 발사 범위가 적용되지 않습니다.,,
snapfire,스냅파이어,Snapfire,all,snapfire_mortimer_kisses,모티머의 입맞춤,Mortimer Kisses,ability,120/110/100,스냅파이어의 친구가 5.5초에 걸쳐 불침 방울을 일제히 퍼붓습니다. 방울은 충격 피해를 주며 불침 웅덩이를 생성하여 적을 둔화하고 지속하여 피해를 줍니다. 스냅파이어는 지속시간 동안 방향 전환율이 감소하며 600의 최소 발사 거리가 적용됩니다. 각각의 방울을 오른 클릭하여 대상으로 지정할 수 있습니다.,,
snapfire,스냅파이어,Snapfire,all,snapfire_boomstick,꽝꽝막대기,Boomstick,innate,-,스냅파이어가 근처에 있는 적에게 더 큰 피해를 줍니다.,,
sniper,저격수,Sniper,agi,sniper_shrapnel,유산탄,Shrapnel,ability,-,충전을 하나 소모하여 목표 지역에 폭발성 탄환을 퍼붓는 유산탄 덩어리를 발사합니다. 범위 내에 있는 적은 피해를 받고 이동 속도가 감소합니다. 목표 지역의 시야를 밝힙니다. 유산탄은 35초마다 재충전됩니다.,,
sniper,저격수,Sniper,agi,sniper_headshot,급소 사격,Headshot,ability,-,저격수가 정확도를 높여 공격 시 일정 확률로 적에게 20/50/80/110의 추가 피해를 주고 뒤로 밀칩니다. 적이 저격수와 가까이 있을수록 멀리 밀쳐집니다. 급소 사격으로 짧은 시간 동안 적의 이동 속도와 공격 속도가 -100% 둔화합니다.,,
sniper,저격수,Sniper,agi,sniper_take_aim,정조준,Take Aim,ability,20/18/16/14,"지속하여 저격수의 공격 범위가 160/240/320/400 늘어납니다. 시전 시 저격수의 시야, 급소 사격 확률, 공격 범위가 늘어납니다. 지속시간 동안 저격수가 65% 느려지고, 시야가 전방 원뿔 범위로 한정됩니다.",,
sniper,저격수,Sniper,agi,sniper_concussive_grenade,충격 수류탄,Concussive Grenade,shard,10,"대상 지역에 수류탄을 던져 적에게 피해를 주고 뒤로 밀치며, 저격수도 뒤로 밀려납니다. 영향받은 적은 무장 해제되고 뒤로 밀쳐진 후 이동이 느려집니다.",,"쿨다운이 감소하고, 피해가 증가하며, 밀치기가 저격수에게도 영향을 미칩니다."
sniper,저격수,Sniper,agi,sniper_keen_scope,단신족 조준경,Keen Scope,innate,-,저격수의 공격이 대상으로부터 떨어진 100 유닛 거리마다 보너스 피해를 줍니다.,,
sniper,저격수,Sniper,agi,sniper_assassinate,암살,Assassinate,ability,20/15/10,"저격수가 적 유닛을 목표로 지정하고, 짧은 시간 동안 조준한 후 먼 거리에서 탄환을 발사하여 대상에게 저격수의 공격력 및 보너스 피해를 주고 짧은 기절에 빠뜨립니다. 저격수가 적 영웅을 처치할 때마다, 암살이 초기화됩니다.","암살이 더 빠르게 발사되며, 대상인 적을 기절시킵니다.",
spectre,악령,Spectre,agi,spectre_spectral_dagger,악령의 단검,Spectral Dagger,ability,22/20/18/16,악령이 단검을 던져 그림자의 길을 만듭니다. 경로상에 있는 적은 피해를 받고 이동 속도가 감소합니다. 악령의 단검에 맞은 대상도 이동할 때 그림자의 길을 만듭니다. 악령은 그림자의 길 위에서 더 빠르게 이동하고 이동 불가능한 지형을 지나갈 수 있습니다.,,
spectre,악령,Spectre,agi,spectre_shadow_step,그림자 걸음,Shadow Step,ability,24/21/18/15,조종할 수 없고 대상을 따라다니며 공격하는 환영을 대상에게 보냅니다. 실체화 보조 능력을 사용하여 환영에게 순간이동하고 파괴할 수 있습니다.,,
spectre,악령,Spectre,agi,spectre_dispersion,분산,Dispersion,ability,-,"악령이 자신에게 가해진 피해 일부분을 분산시켜, 주위의 적 모두에게 반사합니다. 거리가 멀어질수록 효과가 약해집니다.",,분산을 활성화하면 5초 동안 흡수하는 양과 분산으로 반사하는 양이 기본값의 50%만큼 증가합니다. 쿨다운: 25. 소모 마나: 50
spectre,악령,Spectre,agi,spectre_desolate,고립감,Desolate,innate,-,"주위 350 반경에 같은 편 유닛이 없는 적을 공격하면, 악령과 환영이 보너스 순수 피해를 줍니다.",,
spectre,악령,Spectre,agi,spectre_haunt,악령 불러내기,Haunt,ability,160/150/140,실체 없는 혼령을 불러내어 모든 적 영웅을 공격합니다. 혼령은 조종할 수 없고 적 공격으로부터 추가 피해를 받으며 악령 본체보다 공격력이 낮습니다. 혼령은 지형을 무시합니다. 실체화 보조 능력을 사용하여 환영에게 순간이동하고 파괴할 수 있습니다.,"악령이 처음으로 악령 불러내기 환영에게 실체화를 사용할 때, 대상 주위 400 범위에 있는 적은 2초 동안 공포에 질려 악령에게서 달아나며, 이동 속도가 50% 감소합니다. 쿨다운이 20초 감소합니다.",
spirit_breaker,영혼 파괴자,Spirit Breaker,str,spirit_breaker_charge_of_darkness,어둠의 돌진,Charge of Darkness,ability,22/19/16/13,영혼 파괴자가 자신의 시야를 적에게 고정하고 모든 장애물을 무시하며 돌진합니다. 보너스 속도는 25%부터 시작하여 1.5초 후 최대 속도에 도달합니다. 돌진 경로의 모든 적 유닛과 대상 유닛은 혼신의 강타에 공격받습니다. 돌진 중 대상 유닛이 사망하면 영혼 파괴자가 목표 지점에서 가장 가까운 적으로 표적을 변경합니다.,,어둠의 돌진 보너스 속도가 %bonus_movement_speed% 증가합니다.
spirit_breaker,영혼 파괴자,Spirit Breaker,str,spirit_breaker_bulldoze,밀어붙이기,Bulldoze,ability,22/20/18/16,영혼 파괴자가 이동 속도와 상태 저항력을 얻고 적 사이를 돌파합니다. 돌진 중에 사용할 수 있습니다.,,
spirit_breaker,영혼 파괴자,Spirit Breaker,str,spirit_breaker_greater_bash,혼신의 강타,Greater Bash,ability,1.2,공격 시 일정 확률로 적 유닛을 기절시키고 밀쳐냅니다. 이동 속도의 일정 비율을 피해로 줍니다.,"밀치기 효과가 증가합니다. 밀쳐진 적이 다른 적과 충돌하면, 두 번째 적은 강타당하고(크립은 20%의 피해만 받음), 원 대상은 혼신의 강타 피해의 25%를 다시 받습니다.",
spirit_breaker,영혼 파괴자,Spirit Breaker,str,spirit_breaker_planar_pocket,평면 구멍,Planar Pocket,shard,30,"바라스룸이 마법 저항력을 얻고 선택한 영웅 주위 현실을 왜곡하여, 적 영웅이 시전한 유닛 대상 주문을 돌려 영혼 파괴자에게 향하게 합니다. 아군이나 적 영웅 모두에게 시전할 수 있지만, 영혼 파괴자의 적이 시전한 주문만 방향을 돌릴 수 있습니다.",,
spirit_breaker,영혼 파괴자,Spirit Breaker,str,spirit_breaker_bull_rush,신속의 권능,Empowering Haste,innate,-,"영혼 파괴자가 적을 기절시킬 때마다 지속시간 동안 보너스 이동 속도를 얻습니다. 여러 번 기절시킨 효과는 중첩되며, 각각 개별적인 지속시간으로 적용됩니다. 어둠의 돌진 중에는 지속시간이 일시 중지됩니다.",,
spirit_breaker,영혼 파괴자,Spirit Breaker,str,spirit_breaker_nether_strike,황천의 일격,Nether Strike,ability,75/55/35,영혼 파괴자가 황천계로 모습을 감춘 후 불운한 희생자의 옆에 나타납니다. 다시 나타날 때 대상에게 혼신의 강타를 현재 레벨로 시전하며 보너스 피해를 줍니다. 기본 거리의 두 배를 밀쳐냅니다.,밀치기 효과가 상당히 증가합니다.,
storm_spirit,폭풍령,Storm Spirit,int,storm_spirit_static_remnant,정전기 잔영,Static Remnant,ability,3.5,정전기를 충전하여 폭풍령의 형상을 생성합니다. 이 형상은 대상의 위치로 걸어가며 12초 동안 유지됩니다. 적 유닛이 다가오면 폭발하며 피해를 줍니다.,,
storm_spirit,폭풍령,Storm Spirit,int,storm_spirit_electric_vortex,전기 소용돌이,Electric Vortex,ability,20/18/16/14,폭풍령의 현재 위치로 적 유닛을 끌어오는 소용돌이를 생성합니다.,전기 소용돌이가 폭풍령 주위 일정 반경 안에 있는 모든 적에게 적용됩니다.,
storm_spirit,폭풍령,Storm Spirit,int,storm_spirit_overload,과부하,Overload,ability,-,주문 시전 시 전기가 충전되며 폭풍력의 다음 공격이 적중할 때 폭발을 일으킵니다. 이 폭발은 주위 적에게 피해를 주고 이동 및 공격 속도를 감소시킵니다.,,활성화하여 폭풍령과 주위 아군 영웅에게 과부하 충전 3회를 부여할 수 있습니다. 보너스 공격 속도를 제공합니다. 최대 12초 동안 또는 충전 수를 다 소진할 때까지 지속합니다.
storm_spirit,폭풍령,Storm Spirit,int,storm_spirit_ball_lightning,번개 구슬,Ball Lightning,ability,-,"폭풍령이 휘몰아치는 전류로 모습을 바꾸고, 마나를 모두 소진하거나 목표 지점에 도달할 때까지 돌진합니다. 시전에 필요한 마나는 폭풍령 전체 마나의 25+7.5%이며, 100의 이동 거리당 전체 마나의 10+0.65%가 소진됩니다. 피해는 100의 이동 거리를 기준으로 계산됩니다.",,
storm_spirit,폭풍령,Storm Spirit,int,storm_spirit_galvanized,짜릿한 자극,Galvanized,innate,-,"처치할 때마다 폭풍령이 마나 재생 충전을 0.2 얻고, 3레벨마다 충전 1회를 얻습니다. 죽으면 충전 2회를 잃습니다. 추가로, 폭풍령이 충전을 획득할 때마다 0.1의 마나 재생도 영구적으로 얻습니다.",,
sven,스벤,Sven,str,sven_storm_bolt,폭풍 망치,Storm Hammer,ability,21/18/15/12,스벤이 마법이 깃든 철장갑의 힘으로 대상 주위 작은 범위 안에 있는 적 유닛들에게 피해를 주고 기절시킵니다.,"시전 범위가 증가하고 대상에게 기본 해제를 적용합니다. 무적인 유닛에게 영향을 미칩니다. 교체 시전 시, 추가로 180의 피해를 주며, 스벤이 폭풍 망치와 함께 이동합니다.",
sven,스벤,Sven,str,sven_great_cleave,강력한 가르기,Great Cleave,ability,-,스벤이 강력한 힘으로 검을 휘둘러 주변의 모든 적을 베어냅니다.,,
sven,스벤,Sven,str,sven_warcry,전쟁 함성,Warcry,ability,36/32/28/24,스벤이 전쟁 함성을 내질러 아군 영웅의 용기를 북돋우며 방어력과 이동 속도를 증가시킵니다. 8초 동안 지속합니다.,,반경과 보너스 이동 속도가 증가합니다. 이제 전쟁 함성은 해제할 수 없으며 300의 물리 피해 방어막을 제공합니다.
sven,스벤,Sven,str,sven_gods_strength,신의 힘,God's Strength,ability,110/105/100,스벤이 온 힘을 집중하여 30초 동안 보너스 공격력과 둔화 저항력을 얻습니다.,,
sven,스벤,Sven,str,sven_wrath_of_god,신의 분노,Wrath of God,innate,-,스벤이 힘에서 공격력을 추가로 얻습니다.,,
techies,기술단,Techies,all,techies_sticky_bomb,끈끈이 폭탄,Sticky Bomb,ability,16/13/10/7,"대상 지역에 끈끈이 폭탄을 던집니다. 적 영웅 옆에 떨어지면, 폭탄이 해당 유닛에 달라붙어 이동 속도를 느려지게 합니다. 몇 초 후, 폭탄은 폭발하며 폭발 지점 주변 지역에 피해를 주고 3초 동안 2차로 둔화 효과를 적용합니다.",,
techies,기술단,Techies,all,techies_reactive_tazer,고반응성 충격기,Reactive Tazer,ability,26/22/18/14,"기술단이 대상 아군에게 전하를 발동하여 짧은 시간 동안 보너스 이동 속도를 제공합니다. 대상을 공격하는 적은 피해를 받고, 일시적으로 무장 해제되며, 기본 해제가 적용됩니다. 효과가 끝났을 때나 보조 능력으로 일찍 폭발하면, 전하가 폭발하며 반경 안에 있는 적이 모두 무장 해제되고 피해를 받습니다.",,
techies,기술단,Techies,all,techies_suicide,날려 버려!,Blast Off!,ability,40/35/30/25,"기술단이 적진 한가운데로 돌진하여, 충돌하면서 폭약을 터뜨려 아주 넓은 범위에서 적에게 피해를 주고 기절시킵니다. 착륙 시, 돌격 자체로 기술단은 현재 체력의 일정 비율에 해당하는 양으로 치명적이지 않은 피해를 받습니다.",,
techies,기술단,Techies,all,techies_mutually_assured_destruction,M.A.D.,M.A.D.,innate,-,"기술단이 마나 가용량의 일정 비율을 보너스 마나 재생으로 얻습니다. 기술단이 죽으면, 뒤에 통 하나를 남겨 놓습니다. 통은 1.5초 후 폭발하여, 주변 범위에 있는 적에게 피해를 줍니다. 피해는 기술단의 최대 마나를 기준으로 계산됩니다.",,M.A.D.가 활성 능력이 됩니다. 피해량으로 적용되는 최대 마나가 증가합니다. 기술단이 보조 능력으로 수동 폭파할 수 있는 M.A.D.를 설치합니다. 활성 능력에서 한 번에 M.A.D. 하나만 설치할 수 있습니다.
techies,기술단,Techies,all,techies_minefield_sign,지뢰밭 표지,Minefield Sign,scepter,60,"경고 표지를 설치합니다. 해당 반경 안에 있는 근접 지뢰는 무적 상태가 되고 피해를 15% 더 줍니다. 표지는 동시에 하나만 존재할 수 있습니다. 240초 동안 지속합니다. 적 영웅이 지뢰밭 표지의 200 유닛 거리 안으로 들어오면, 표지 주변 1000 유닛 범위가 10초 동안 지뢰밭이 되어 진입 즉시 피해를 받습니다. 효과가 끝난 후, 지뢰밭 표지는 파괴됩니다.",,
techies,기술단,Techies,all,techies_land_mines,근접 지뢰,Proximity Mines,ability,-,"투명 지뢰를 설치합니다. 지뢰는 진실의 시야로 감지되지는 않지만, 발동하는 500 효과 범위 안에 적이 들어오면 보입니다. 적이 1초 동안 발동 효과 범위 안에 서 있으면 지뢰가 폭발하며 피해를 주고 일시적으로 적의 마법 저항력을 감소시킵니다. 대상이 150 반경 안에 있으면 전체 피해량을 모두 적용하고, 가장자리에서는 50%까지 감소합니다. 건물에는 30%의 피해를 줍니다.",,
templar_assassin,암살 기사,Templar Assassin,agi,templar_assassin_refraction,굴절의 보호막,Refraction,ability,14,"암살 기사가 발견하기 몹시 어려운 상태가 되어, 작은 방어막과 공격력 보너스를 얻습니다. 피해와 회피는 각각 별개로 일정 횟수만큼 적용됩니다. 방어막이 소모될 때 충전 수가 남아 있다면 새로운 방어막이 생성됩니다. 적용되는 피해 1회가 남은 방어막보다 더 크면, 나머지 피해 흡수됩니다.",,보너스 피해가 증가합니다. 무력화 상태에서 굴절의 보호막을 시전할 수 있습니다.
templar_assassin,암살 기사,Templar Assassin,agi,templar_assassin_meld,숨어들기,Meld,ability,11/9/7/5,"암살 기사가 모습을 숨기고 움직이지 않는 동안 투명 상태가 됩니다. 만일 적을 공격하여 숨어들기의 투명화가 풀리면, 라나야의 공격으로 해당 적은 보너스 피해를 받고 6초 동안 방어력이 감소합니다. 사이오닉 검의 후속 타격 범위에 있는 모든 적에게 보너스 피해와 숨어들기의 약화 효과가 적용됩니다.",,
templar_assassin,암살 기사,Templar Assassin,agi,templar_assassin_psi_blades,사이오닉 검,Psi Blades,ability,-,"암살 기사의 사이오닉 검이 대상 유닛을 가르고 그 뒤에 있는 유닛에게 피해를 줍니다. 또한 공격 범위가 증가합니다. 피해를 가한 유닛 하나당, 후속 타격 피해가 일정 비율로 감소합니다.",,
templar_assassin,암살 기사,Templar Assassin,agi,templar_assassin_trap_teleport,사이오닉 투사,Psionic Projection,scepter,10,"집중 기술 - 암살 기사가 2초 동안 정신을 집중한 후 원하는 사이오닉 덫의 위치로 순간이동하고, 도착 시 해당 사이오닉 덫을 터뜨리며 즉시 400의 보너스 피해를 줍니다. 사이오닉 투사에 정신을 집중할 때 숨어들기 상태가 풀리지 않습니다.",,
templar_assassin,암살 기사,Templar Assassin,agi,templar_assassin_psionic_trap,사이오닉 덫,Psionic Trap,ability,11/8/5,암살 기사가 적의 움직임을 몰래 감시하는 신비로운 덫을 놓습니다. 암살 기사는 원하는 때에 덫을 작동시켜 400 반경 내에 20%의 둔화 효과를 일으킬 수 있습니다. 덫의 이동 둔화는 충전되어 3.5초 후 최대 50%의 효과를 줄 수 있습니다. 3.5초 후 피해를 줍니다.,"활성화하면, 이제 덫이 영향받은 적을 침묵시킵니다.",
templar_assassin,암살 기사,Templar Assassin,agi,templar_assassin_inner_peace,내면의 평안,Inner Peace,innate,-,"0.2초 동안 피해를 받지 않은 채로 움직이지 않고 있으면, 암살 기사가 명상을 시작하여 체력과 마나 재생 효과를 얻습니다. 명상한 지 1.85초 후에 최대 보너스에 도달합니다.",,
terrorblade,테러블레이드,Terrorblade,agi,terrorblade_reflection,투영,Reflection,ability,23/20/17/14,테러블레이드가 대상 지역에 있는 모든 적 영웅의 어두운 무적 투영을 만들어 냅니다. 영향을 받은 적 영웅은 이동 및 공격 속도가 느려지고 투영의 공격을 받습니다.,,
terrorblade,테러블레이드,Terrorblade,agi,terrorblade_conjure_image,환영 창조,Conjure Image,ability,16,테러블레이드가 자신의 환영을 소환하여 전투를 돕게 합니다.,,
terrorblade,테러블레이드,Terrorblade,agi,terrorblade_metamorphosis,탈바꿈,Metamorphosis,ability,145/140/135/130,테러블레이드가 강력한 악마로 변신하여 원거리 공격 능력을 갖춥니다. 1200 범위 내에 있는 테러블레이드의 환영도 함께 탈바꿈합니다.,,
terrorblade,테러블레이드,Terrorblade,agi,terrorblade_demon_zeal,악마의 열의,Demon Zeal,shard,45,"테러블레이드가 현재 체력의 일부를 소모하여 시전하면, 자신과 주위 환영이 보너스 이동, 체력 재생, 공격 속도를 얻습니다. 투영 환영에게는 영향을 미치지 않습니다. 탈바꿈 상태일 때는 시전할 수 없으며, 탈바꿈을 시전하면 악마의 열의가 제거됩니다.",,
terrorblade,테러블레이드,Terrorblade,agi,terrorblade_terror_wave,공포의 물결,Terror Wave,scepter,90,"모든 방향으로 뻗어 나가는 파동을 내뿜습니다. 적 영웅은 닿는 순간 공포에 질리며 피해를 받고, 테러블레이드는 짧은 시간 동안 탈바꿈 상태가 됩니다.",,
terrorblade,테러블레이드,Terrorblade,agi,terrorblade_sunder,분리,Sunder,ability,110/75/40,자신과 대상 영웅에게서 생명을 분리해 내고 현재 체력의 일정 비율을 서로 교환합니다. 영혼은 영웅의 체력을 백분율로 지닌 채 전달됩니다. 최소한의 체력은 꼭 남습니다.,,
terrorblade,테러블레이드,Terrorblade,agi,terrorblade_dark_unity,어둠의 통합,Dark Unity,innate,-,근처에 테러블레이드가 생성한 환영은 보너스 공격력을 보유합니다.,,
tidehunter,파도사냥꾼,Tidehunter,str,tidehunter_gush,분출,Gush,ability,12,적 유닛에게 거친 물살을 뿜어내어 피해를 주고 이동 속도와 방어력을 감소시킵니다.,분출이 대상 지면으로 파도를 내보내는 능력으로 변경되어 일직선상의 적 유닛에게 영향을 미칩니다. 쿨다운이 감소합니다.,
tidehunter,파도사냥꾼,Tidehunter,str,tidehunter_kraken_shell,크라켄 껍질,Kraken Shell,ability,30,"파도사냥꾼의 가죽이 두꺼워져 받는 물리 공격 피해의 일정 비율을 지속해서 막아냅니다. 크립을 상대로는 막아내는 양이 감소합니다. 또한, 받는 피해가 임계점을 넘으면 해로운 상태 효과를 제거합니다. 활성화하면 이동 속도 40%를 희생하여 막아내는 양을 두 배로 늘릴 수 있습니다. 4초 동안 지속합니다. 해제 유형: 강한 해제",,
tidehunter,파도사냥꾼,Tidehunter,str,tidehunter_anchor_smash,닻 강타,Anchor Smash,ability,7/6/5/4,파도사냥꾼이 거대한 닻을 휘둘러 주위 적을 공격하여 보너스 피해를 주고 공격력을 감소시킵니다. 닻 강타의 반경은 파도사냥꾼의 공격 범위 + 225 유닛 거리입니다.,,
tidehunter,파도사냥꾼,Tidehunter,str,tidehunter_dead_in_the_water,닻으로 꽁꽁,Dead in the Water,shard,35,파도사냥꾼이 육중한 닻을 적 영웅에게 묶습니다. 닻이 묶여 있는 동안은 해당 영웅이 구속 상태가 됩니다. 닻에서 350 유닛 거리 이상 벗어나려 하면 뒤로 닻이 끌려오면서 100의 이동 속도로밖에 움직이지 못합니다. 닻은 영웅이 4회 공격하면 파괴됩니다.,,
tidehunter,파도사냥꾼,Tidehunter,str,tidehunter_ravage,재해,Ravage,ability,150/145/140,바닥을 내려쳐 사방으로 뻗어나오는 촉수를 불러냅니다. 주위 적 유닛에게 피해를 주고 기절시킵니다.,,
tidehunter,파도사냥꾼,Tidehunter,str,tidehunter_leviathans_catch,레비아탄의 어획물,Leviathan's Catch,innate,-,"적 영웅을 파도사냥꾼이 처치하거나, 파도사냥꾼의 약화 효과를 받는 상태에서 죽으면, 해당 적 위치에 물고기 한 마리가 나타납니다. 파도사냥꾼이 그 물고기를 먹으면 영구적으로 체력 3, 공격 범위 2, 1의 보너스 피해 방어를 얻습니다. 파도사냥꾼은 짝수 레벨이 될 때마다 물고기 한 마리를 공짜로 먹습니다.",,
shredder,벌목꾼,Timbersaw,str,shredder_whirling_death,죽음의 회전날,Whirling Death,ability,7.5/7/6.5/6,극도로 날카로운 톱날을 회전시켜 일정 범위 안의 주위 적에게 피해를 주고 나무를 쓰러뜨립니다. 공격을 받은 적 영웅은 짧은 시간 동안 주 능력치 일부를 잃습니다. 죽음의 회전날은 쓰러트린 나무마다 보너스 피해를 가합니다.,,
shredder,벌목꾼,Timbersaw,str,shredder_timber_chain,사슬 던지기,Timber Chain,ability,4,사슬을 던져 경로상에서 처음으로 사슬에 맞는 나무를 붙들고 그 나무의 위치로 이동합니다. 경로에 있는 적은 모두 피해를 받습니다.,,
shredder,벌목꾼,Timbersaw,str,shredder_reactive_armor,고반응성 기계갑옷,Reactive Armor,ability,-,벌목꾼이 공격받을 때마다 체력 재생 및 방어력이 증가합니다. 영웅의 공격은 횟수의 4배로 간주합니다.,"고반응성 기계갑옷을 활성화하여 최대 중첩과 150의 피해 방어막을 얻습니다. 벌목꾼에게 450 반경 안에 있는 적 영웅 1명당 매초 100 + 75의 방어막을 최대 800까지 부여합니다. 8초 후, 벌목꾼이 450 반경 안의 모든 영웅에게 200 + 남은 방어막의 흡수력에 해당하는 피해를 주고 방어막을 모두 잃습니다.",
shredder,벌목꾼,Timbersaw,str,shredder_flamethrower,화염방사기,Flamethrower,shard,20,벌목꾼이 향한 방향으로 화염을 내뿜습니다. 약화 효과를 적용하여 매초 피해를 주고 적의 이동 속도를 느려지게 합니다. 건물에는 감소한 피해를 적용합니다.,,
shredder,벌목꾼,Timbersaw,str,shredder_chakram,차크람,Chakram,ability,8/8/8,대상 지점에 대형 톱날을 날려 보냅니다. 날아간 톱날은 목표 지점에서 회전하면서 적에게 피해를 줍니다. 톱날에 갇힌 적의 체력이 5%씩 감소할 때마다 둔화 효과가 더해집니다. 톱날은 발사 및 회수 시 경로상에 있는 적에게 피해를 주고 나무를 베어냅니다. 톱날을 던져 보낸 동안에는 공격할 수 없으며 마나를 지속해서 소모합니다.,,
shredder,벌목꾼,Timbersaw,str,shredder_exposure_therapy,노출 요법,Exposure Therapy,innate,-,"벌목꾼이 나무를 파괴할 때마다, 마나를 얻습니다.",,
tinker,땜장이,Tinker,int,tinker_laser,레이저,Laser,ability,19/18/17/16,압축된 에너지 광선을 발사하여 대상에게 피해를 주고 실명에 빠뜨립니다. 실명한 대상운 모든 물리 공격이 빗나갑니다.,"땜장이의 레이저를 축소 광선으로 업그레이드하여, 주 대상의 크기, 현재 체력, 최대 체력을 13%(중첩됨) 줄입니다. 약화 효과 면역을 관통하지 않습니다.",
tinker,땜장이,Tinker,int,tinker_march_of_the_machines,기계 행진,March of the Machines,ability,35/33/31/29,주위의 적 유닛을 파괴해버리는 소형 로봇 군단을 소집합니다.,기계 행진이 아군 영웅을 지나갈 때 중첩되지 않는 치유 효과를 지속하여 적용합니다.,
tinker,땜장이,Tinker,int,tinker_deploy_turrets,포탑 배치,Deploy Turrets,ability,24/22/20/18,"대상 위치에 제어할 수 없는 포탑 3기를 배치합니다. 충격에 맞은 적은 피해를 받고 착륙 지점에서 멀리 밀려납니다. 땜장이가 맞으면, 역시 충격으로 밀려납니다. 포탑은 배치되고 나면 가장 가까이 있는 적 영웅 방향으로 미사일을 발사합니다.",포탑이 미사일을 20% 더 빠르게 발사합니다.,
tinker,땜장이,Tinker,int,tinker_warp_grenade,왜곡 섬광탄,Warp Flare,shard,15,"적 하나에게 섬광탄을 던져 피해를 주고, 해당 대상을 떨어진 곳으로 순간이동시키며, 제자리에 묶고, 2초 동안 시전 및 공격 범위를 감소시킵니다. 땜장이에게 더 가까이 있는 대상일수록 더 멀리 순간이동됩니다.",,
tinker,땜장이,Tinker,int,tinker_rearm,재무장,Rearm,ability,5.5/5/4.5,집중 기술 - 능력의 쿨다운을 초기화합니다.,,
tinker,땜장이,Tinker,int,tinker_eureka,유레카!,Eureka!,innate,-,"땜장이가 지능 3당 아이템 쿨다운 감소 효과를 1%씩, 최대 60%까지 얻습니다.",,
tiny,타이니,Tiny,str,tiny_avalanche,산사태,Avalanche,ability,23/20/17/14,일정 범위에 바위를 퍼부어 지속하여 피해를 짧은 간격으로 주고 적 유닛을 기절시킵니다.,,
tiny,타이니,Tiny,str,tiny_toss,던지기,Toss,ability,20/17/14/11,타이니가 주위 300 범위 내에서 가장 가까운 아군 또는 적군 유닛을 집어들고 대상 유닛 또는 룬에 던져 피해를 줍니다.,,
tiny,타이니,Tiny,str,tiny_tree_grab,나무 잡기,Tree Grab,ability,16/13/10/7,"타이니가 나무 한 그루를 집어 들고 정해진 횟수의 공격에 보너스 범위, 공격력, 범위 공격 효과를 얻습니다. 나무를 던져 멀리 있는 유닛을 공격할 수 있습니다.",,
tiny,타이니,Tiny,str,tiny_tree_channel,나무 퍼붓기,Tree Volley,scepter,17,집중 기술 - 타이니가 정신을 집중한 다음 범위 안에 있는 나무를 무작위로 뽑아 대상 범위에 던집니다. 타이니의 공격력에 나무 던지기 보너스가 추가된 피해를 줍니다.,,
tiny,타이니,Tiny,str,tiny_insurmountable,산 넘어 산,Insurmountable,innate,-,타이니가 힘에서 상태 및 둔화 저항력을 얻습니다. 둔화 저항력으로 공격 속도 둔화의 영향도 감소합니다.,,
tiny,타이니,Tiny,str,tiny_grow,성장,Grow,ability,-,"타이니가 바윗덩어리를 끌어모아 공격력, 이동 속도, 방어력, 던지기 위력을 키웁니다. 한편, 공격 속도가 감소합니다.",,던지기로 던진 유닛이나 나무 던지기 또는 나무 퍼붓기로 던진 나무가 떨어지는 지점에서 더 넓은 효과 범위에 추가 피해를 주고 둔화를 적용합니다.
tiny,타이니,Tiny,str,tiny_toss_tree,나무 던지기,Tree Throw,ability,-,"대상 유닛에게 나무를 던지면, 해당 대상에게 공격이 가해지며 주변에 범위 피해를 줍니다.",,
treant,나무정령 수호자,Treant Protector,str,treant_natures_grasp,자연의 손아귀,Nature's Grasp,ability,23/21/19/17,대상 위치를 향해 덩굴을 생성합니다. 덩굴을 지나가는 적은 둔화하며 피해를 받습니다. 크립에게는 피해를 35% 적게 줍니다.,,
treant,나무정령 수호자,Treant Protector,str,treant_leech_seed,씨 뿌리기,Leech Seed,ability,15/12/9/6,"나무정령이 공격할 때 적 유닛에게 생명을 흡수하는 씨앗을 심습니다. 해당 유닛은 추가 마법 피해를 받고, 짧은 지속시간 동안 제자리에 묶이고 무장 해제되며, 치유 진동을 2회 방출하여 나무정령 수호자 주위 아군 최대 5명을 공격으로 준 피해에 기반하여 치유합니다.",,
treant,나무정령 수호자,Treant Protector,str,treant_living_armor,생명의 갑옷,Living Armor,ability,24/21/18/15,"아군 영웅이나 구조물을 대상으로 지정하여 보호의 기운을 불어넣어, 대상을 치유하고 플레이어가 조종하는 개체로부터의 피해를 차단합니다. 이 주문으로 피해를 막아낼 때마다, 막아내는 양이 감소합니다. 피해 방어가 0으로 감소하면, 강화 효과가 조기에 사라집니다.",,"생명의 갑옷으로 막아내는 피해가 증가합니다. 이제 나무정령이 지속하여 생명의 갑옷 혜택도 받으며, 0초 동안 피해를 받지 않으면 피해 방어가 초기화됩니다."
treant,나무정령 수호자,Treant Protector,str,treant_eyes_in_the_forest,숲의 눈,Eyes In The Forest,shard,-,"나무정령 수호자가 나무에 마력을 주입하여 해당 지역에서 방해 없는 시야를 획득합니다. 눈은 360초 동안 지속하고 보이지 않지만, 눈이 달린 나무가 파괴되거나 직접 공격받으면 파괴됩니다.",,
treant,나무정령 수호자,Treant Protector,str,treant_natures_guise,자연의 눈속임,Nature's Guise,innate,36,나무 근처에 있을 때 보너스 이동 속도를 부여합니다. 나무정령 수호자가 2.75초 동안 피해를 받지 않으면 추가로 수목 보행 능력을 보유합니다. 수목 보행 중에는 자연의 눈속임이 활성화되어 투명 상태가 됩니다. 이 투명 상태는 공격하거나 나무 근처에서 벗어나면 풀립니다.,,
treant,나무정령 수호자,Treant Protector,str,treant_overgrowth,과대 성장,Overgrowth,ability,110/100/90,"나무정령 수호자가 줄기와 가지를 크게 뻗어 적에게 피해를 주고 이동, 점멸, 투명화, 공격을 방해합니다.","쿨다운이 25초로 감소합니다. 과대 성장을 시전할 때, 나무정령 수호자가 땅에서 힘을 끌어내 16초 동안 크기가 엄청나게 커집니다. 커진 상태에서는 345의 고정된 속도로 위상 이동하고, 보너스 힘 100%를 얻으며, 300 유닛 반경에 공격력의 60%에 해당하는 범위 공격을 합니다.",
troll_warlord,트롤 전쟁군주,Troll Warlord,agi,troll_warlord_switch_stance,전투 자세,Battle Stance,innate,-,"트롤 전쟁군주가 원거리 공격에서 근접 공격으로 전환합니다. 근접 공격 시, 트롤 전쟁군주의 기본 공격 시간이 1.4(으)로 향상됩니다. 트롤 전쟁군주가 보너스 공격 속도30당 1의 방어력을 얻습니다.",,
troll_warlord,트롤 전쟁군주,Troll Warlord,agi,troll_warlord_whirling_axes_ranged,춤추는 도끼 (원거리),Whirling Axes (Ranged),ability,9,트롤 전쟁군주가 전방 950 범위에 부채꼴 형태로 다섯 자루의 도끼를 날려 보내 적 유닛을 공격하고 움직임을 둔화합니다.,춤추는 도끼(원거리)로 적에게 해제를 적용합니다. 쿨다운과 마나 소모가 감소합니다. 해제 유형: 기본 해제,
troll_warlord,트롤 전쟁군주,Troll Warlord,agi,troll_warlord_whirling_axes_melee,춤추는 도끼 (근접),Whirling Axes (Melee),ability,9,트롤 전쟁군주가 두 자루의 도끼를 근접 범위 내로 날려 보내어 적 유닛에게 피해를 주고 공격이 빗나가게 합니다.,춤추는 도끼(근접)로 트롤 전쟁군주에게 해제를 적용합니다. 쿨다운과 마나 소모가 감소합니다. 해제 유형: 기본 해제,
troll_warlord,트롤 전쟁군주,Troll Warlord,agi,troll_warlord_fervor,열정,Fervor,ability,-,같은 대상을 반복 공격할 때마다 공격 속도가 증가합니다. 대상을 변경하면 효과의 중첩 수는 0으로 초기화됩니다.,,트롤 전쟁군주가 적 유닛을 공격할 때 16% + 열정 중첩당 3%의 확률로 원거리 공격 범위 + 175 내에 있는 유닛에게 추가 원거리 공격을 합니다.
troll_warlord,트롤 전쟁군주,Troll Warlord,agi,troll_warlord_berserkers_rage,광전사의 분노,Berserker's Rage,ability,-,"근접 공격 상태일 때, 트롤 전쟁군주는 공격 시 일정 확률에 따라 대상을 올가미로 묶어 움직이거나 이동 주문을 사용하지 못하게 합니다. 또한, 이동 속도를 추가로 얻습니다. 원거리 공격 상태일 때, 트롤 전쟁군주는 일정 확률로 대상에게 상해를 입혀 보너스 피해를 주고 이동 및 공격 속도가 느려지게 합니다.",,
troll_warlord,트롤 전쟁군주,Troll Warlord,agi,troll_warlord_battle_trance,전투 결의,Battle Trance,ability,90/80/70,"트롤 전쟁군주가 강력한 전투 결의를 발산하여 900범위 안에서 가장 가까이 있는 적 유닛을 계속 공격합니다. 영웅을 우선 공격합니다. 이 상태에서는 피해를 받아도 죽지 않습니다. 흡혈, 공격 속도, 둔화 저항력, 이동 속도를 보너스로 얻습니다. 기본 해제가 적용됩니다. 해제 유형: 기본 해제",,
tusk,얼음폭군,Tusk,str,tusk_ice_shards,얼음 파편,Ice Shards,ability,23/20/17/14,얼음폭군이 얼음 조각을 압축하여 얼어붙은 에너지 뭉치를 던집니다. 뭉치에 맞은 적 모두 피해를 받습니다. 뭉치가 대상 지점에 도착하면 얼음 조각이 터지고 4/5/6/7초 동안 장벽을 생성합니다.,,
tusk,얼음폭군,Tusk,str,tusk_snowball,눈덩이,Snowball,ability,21/19/17/15,얼음폭군이 눈덩이에 타고 굴러갑니다. 눈덩이가 구르는 동안에도 325 반경 내에 있는 아군을 오른 클릭하면 함께 태울 수 있습니다. 눈덩이에 부딪힌 적은 피해를 받고 기절합니다. 눈덩이에 들어간 아군이 많을수록 피해와 기절 지속시간이 증가합니다.,,
tusk,얼음폭군,Tusk,str,tusk_tag_team,또 다른 한편,Tag Team,ability,24/21/18/15,활성화하면 일시적으로 주변에 해로운 약화 효과 오라를 뿜어냅니다. 오라의 영향을 받는 상태에서 공격받는 적은 보너스 물리 피해를 받고 이동 속도가 감소합니다. 6초 동안 지속합니다.,,
tusk,얼음폭군,Tusk,str,tusk_drinking_buddies,술친구,Drinking Buddies,shard,14,"얼음폭군이 아군 유닛 하나에게 손을 뻗어 마주치고 가까이 끌어당깁니다. 손을 마주치고 나면, 얼음폭군과 해당 아군이 이동 속도와 방어력을 얻습니다.",,
tusk,얼음폭군,Tusk,str,tusk_walrus_kick,바다코끼리 차기,Walrus Kick,scepter,12,당긴 방향에서 가장 가까이 있는 적을 대상 방향으로 발로 차 기절시키고 피해를 주며 둔화합니다. 차인 적이 떨어진 곳에서 250 반경 안에 있는 모든 영웅에게도 피해를 줍니다. 크립을 차면 쿨다운이 50% 감소합니다.,,
tusk,얼음폭군,Tusk,str,tusk_walrus_punch,바다코끼리 펀치!,Walrus PUNCH!,ability,16/13/10,얼음폭군이 강력한 바다코끼리 펀치와 연결되어 아주 강력한 치명타로 보너스 피해를 주고 대상을 공중으로 날려 보냅니다.,,
tusk,얼음폭군,Tusk,str,tusk_bitter_chill,살을 에는 한기,Bitter Chill,innate,-,350 유닛 반경 안에 있는 모든 적 영웅의 공격 속도를 지속하여 둔화합니다.,,
abyssal_underlord,지하군주,Underlord,str,abyssal_underlord_firestorm,화염폭풍,Firestorm,ability,16/15/14/13,하늘에서 불을 떨어뜨려 대상 지역에 있는 적에게 피해를 주고 화상을 입혀 추가로 지속 피해를 줍니다.,,"아군을 대상으로 화염폭풍을 사용할 수 있습니다. 아군에게 시전 시, 화염폭풍이 해당 영웅 주위를 따라다닙니다. 폭풍 수가 증가하며, 발동 빈도와 지속시간의 적용이 더 빠르게 이뤄집니다."
abyssal_underlord,지하군주,Underlord,str,abyssal_underlord_pit_of_malice,악의 구덩이,Pit of Malice,ability,30/25/20/15,대상 지역에 무시무시한 구덩이를 만들어 냅니다. 적이 구덩이에 들어오면 피해를 받고 제자리에 묶입니다. 구덩이 안에 있는 모든 유닛은 오직 3.6초마다 묶기의 영향을 받습니다.,,
abyssal_underlord,지하군주,Underlord,str,abyssal_underlord_atrophy_aura,위축의 오라,Atrophy Aura,ability,-,"주위의 적 유닛이 힘을 잃고 일정 비율만큼 기본 공격력이 감소합니다. 적이 이 효과를 받은 상태로 죽으면, 지하군주가 일시적으로 보너스 공격력을 얻습니다.",,
abyssal_underlord,지하군주,Underlord,str,abyssal_underlord_raid_boss,침략군,Invading Force,innate,-,"아군 영웅이 순간 이동한 후, 일시적으로 피해 감소 효과 및 이동 속도를 얻습니다. 마귀의 관문으로 순간이동하면 보너스를 2배로 받습니다.",,
abyssal_underlord,지하군주,Underlord,str,abyssal_underlord_dark_portal,마귀의 관문,Fiend's Gate,ability,110/105/100,"차원문 2개를 엽니다. 하나는 지하군주의 옆에, 다른 하나는 대상 위치에 엽니다. 영웅은 차원문에 3.5초간 정신을 집중하면 반대쪽으로 순간이동할 수 있습니다. 두 차원문은 서로 1500 이상 떨어져 있어야 합니다.",각각의 차원문 부근에 악의 구덩이를 소환합니다. 쿨다운이 감소합니다.,
undying,언다잉,Undying,str,undying_decay,부패,Decay,ability,13/10/7/4,언다잉이 범위 안의 모든 적 영웅에게서 힘을 훔쳐내어 자기 것으로 삼고 기본 피해를 줍니다. 크립에게는 2배의 피해를 줍니다.,훔치는 힘이 증가합니다.,
undying,언다잉,Undying,str,undying_soul_rip,영혼 찢기,Soul Rip,ability,15/12/9/6,언다잉이 근처에 있는 모든 유닛에게서 체력을 빼앗아 아군 한 명을 치유하거나 적 한 명에게 피해를 줍니다. 영혼 찢기로 묘비 체력도 회복할 수 있습니다.,,
undying,언다잉,Undying,str,undying_tombstone,묘비,Tombstone,ability,80,대상 지점에 묘비를 소환합니다. 묘비 주변 범위 내 적 유닛 수만큼 좀비가 소환되어 가까이 있는 적 유닛을 공격합니다. 좀비는 죽음의 갈망 능력으로 공격하는 대상의 속도를 감소시키고 대상 체력이 일정 수치 이하로 떨어지면 공격 속도와 이동 속도가 증가합니다.,,"아군 영웅에게 시전하여 묘비 안에 피신시킬 수 있습니다. 묘비에 들어간 영웅은 2초 동안 나올 수 없으며, 나온 뒤 다시 들어갈 수 없습니다. 영웅이 안에 있는 상태에서 묘비가 파괴되면, 해당 영웅은 2초 동안 기절합니다."
undying,언다잉,Undying,str,undying_ceaseless_dirge,그치지 않는 장송곡,Ceaseless Dirge,innate,480,언다잉이 죽으면 분수에서 즉시 부활합니다. 게임 시작 시 쿨다운 상태입니다. 초기화할 수 없습니다.,,
undying,언다잉,Undying,str,undying_flesh_golem,살덩이 골렘,Flesh Golem,ability,140,"언다잉이 끔찍한 살덩이 골렘으로 변신합니다. 이 상태에서는, 일정 비율로 힘과 이동 속도가 증가하며, 공격 시 대상을 둔화하고 피해 증폭 효과를 적용하며, 묘비 좀비를 생성합니다.",,
ursa,우르사,Ursa,agi,ursa_earthshock,대지 충격,Earthshock,ability,15/13/11/9,우르사가 250 유닛 거리만큼 앞으로 도약한 다음 지면을 내려쳐 강력한 충격파를 일으킵니다. 근처에 있는 모든 적 유닛은 피해를 받고 4초 동안 둔화합니다.,,대지 충격이 타격한 적에게 분노의 발톱 3회를 적용합니다.
ursa,우르사,Ursa,agi,ursa_overpower,제압,Overpower,ability,12/11/10/9,우르사가 숙련된 싸움 기술을 발휘하여 일정한 횟수 만큼 연속하여 공격하는 동안 공격 속도와 둔화 저항력을 높입니다.,,
ursa,우르사,Ursa,agi,ursa_fury_swipes,분노의 발톱,Fury Swipes,ability,-,우르사가 적에게 깊은 상처를 남겨 같은 적에게 연속 공격을 할 때 더 큰 피해를 줍니다. 8/12/16/20초 동안 공격이 이어지지 않으면 보너스 피해 효과가 사라집니다.,,
ursa,우르사,Ursa,agi,ursa_maul,난폭,Maul,innate,-,우르사가 현재 체력의 일정 비율에 해당하는 보너스 공격력을 얻습니다.,,
ursa,우르사,Ursa,agi,ursa_enrage,격분,Enrage,ability,60/45/30,우르사가 광란에 빠져들며 피해 감소 효과 및 상태 저항력을 얻습니다. 현재 걸려 있는 약화 효과를 모두 제거합니다. 해제 유형: 강한 해제,쿨다운이 감소하며 우르사가 무력화 상태에서도 격분을 사용할 수 있습니다.,
vengefulspirit,복수 혼령,Vengeful Spirit,agi,vengefulspirit_magic_missile,마법의 화살,Magic Missile,ability,14/13/12/11,적 유닛에게 마법의 화살을 발사하여 기절시키고 피해를 줍니다.,,"첫 번째 대상으로부터 현재 마법의 화살 시전 범위 75% 안에 있는 적에게 한 번 튕기며, 영웅을 우선 대상으로 합니다."
vengefulspirit,복수 혼령,Vengeful Spirit,agi,vengefulspirit_wave_of_terror,공포의 파동,Wave of Terror,ability,16/14/12/10,복수 혼령이 기묘한 비명을 내질러 적의 전체 공격력과 방어력을 약화하고 전방의 시야를 확보합니다.,,
vengefulspirit,복수 혼령,Vengeful Spirit,agi,vengefulspirit_command_aura,복수의 오라,Vengeance Aura,ability,-,복수 혼령이 있으면 주위 아군 영웅의 공격력이 증가합니다. 복수 혼령 자신은 25% 추가 보너스를 받습니다.,"자신에게 적용되는 배수가 증가합니다. 죽을 때 복수 혼령의 강력한 환영 하나를 생성합니다. 환영은 전체 피해를 주며, 복수 혼령의 모든 주문을 시전할 수 있습니다. 복수 혼령이 부활하면 살아 있는 환영을 대체합니다. 환영이 획득한 경험치는 복수 혼령에게 적용됩니다. 강력한 환영은 주문으로 즉시 처치되지 않습니다.",
vengefulspirit,복수 혼령,Vengeful Spirit,agi,vengefulspirit_retribution,징벌,Retribution,innate,-,"복수 혼령이 원거리 및 근접 공격자 두 가지 모두로 간주되어 해당하는 보너스를 받습니다. 적 영웅에게 죽으면, 복수 혼령은 다음 사망 시까지 해당 영웅에게 20% 보너스 피해를 줍니다. 약화 효과는 한 번에 하나만 존재할 수 있습니다.",,
vengefulspirit,복수 혼령,Vengeful Spirit,agi,vengefulspirit_nether_swap,황천의 이동술,Nether Swap,ability,46/38/30,대상 영웅이나 아군 또는 적과 순간적으로 위치를 맞바꿉니다. 황천의 이동술은 대상이 집중하여 시전하던 능력을 방해합니다. 위치를 맞바꾼 적 유닛은 피해를 받습니다. 복수 혼령 및 위치를 맞바꾼 아군 유닛은 가한 피해만큼 방어막을 얻습니다.,,
venomancer,맹독사,Venomancer,all,venomancer_venomous_gale,맹독 숨결,Venomous Gale,ability,21/20/19/18,직선상으로 맹독의 덩어리를 발사하여 적을 중독시킵니다. 독에 맞은 적은 타격 시 피해를 받은 다음 지속적인 중독 피해를 받으며 이동 속도가 감소합니다. 맹독 숨결에 중독된 적은 효과가 지속하는 동안 3초마다 피해를 받습니다.,,"시전 범위와 투사체 속도가 25% 증가합니다. 맹독 숨결이 적 영웅에게 맞으면, 해당 영웅 주위에 역병 와드 2개가 생성됩니다."
venomancer,맹독사,Venomancer,all,venomancer_snakebite,뱀물림,Snakebite,ability,20/18/16/14,"맹독사가 아크토크의 자손 하나를 소환합니다. 자손은 대상에게 이빨을 깊이 박아 넣고 마법 피해를 주며 매초 피해를 주는 독을 주입합니다. 대상이 감염된 상태에서 공격하면, 최초 피해를 다시 받습니다.",,
venomancer,맹독사,Venomancer,all,venomancer_plague_ward,역병 와드,Plague Ward,ability,5,"역병 와드를 소환해 적 유닛과 건물을 공격합니다. 역병 와드는 마법에 면역입니다. 역병 와드는 맹독사의 독침 레벨을 따르며, 독침 피해의 50%를 줍니다.",,
venomancer,맹독사,Venomancer,all,venomancer_poison_sting,독침,Poison Sting,innate,-,맹독사의 공격이 적을 둔화하고 지속하여 피해를 줍니다.,,"독침이 적용될 때마다, 맹독사 또는 맹독사가 조종하는 유닛이 적에게 건 약화 효과 하나당 공격자가 보유한 기본 공격력의 %debuff_dmg%%에 해당하는 피해를 추가로 줍니다."
venomancer,맹독사,Venomancer,all,venomancer_noxious_plague,유독성 역병,Noxious Plague,ability,100/90/80,"역병으로 적을 감염시킵니다. 적용 시 대상에게 피해를 준 다음 느려지게 하고, 다시 최대 체력에 비례하여 지속 피해를 줍니다. 어떤 원인으로든 약화 효과가 끝나면, 맹독사가 최초 대상에게 건 모든 약화 효과와 역병이 주위 대상에게 전파됩니다. 최초 피해 이후 추가 전파는 충격 피해를 주지 않습니다.",쿨다운이 %bonus_AbilityCooldown%초 감소합니다. 감염된 유닛은 마법 저항력이 감소합니다. 영웅 대상에게서 시작된 추가 전파는 전체 충격 피해를 전부 줍니다.,
viper,바이퍼,Viper,agi,viper_poison_attack,맹독 공격,Poison Attack,ability,-,바이퍼의 독을 한층 강화하여 일반 공격 시 이동 속도와 마법 저항력을 감소시키는 중첩 효과를 적용하고 지속하여 피해를 줍니다. 최대 6회 중첩됩니다.,,"최대 중첩 수가 늘어나고, 맹독 공격으로 중첩당 방어력을 낮추며 건물에 감소한 피해를 줍니다."
viper,바이퍼,Viper,agi,viper_nethertoxin,황천극독,Nethertoxin,ability,14,바이퍼가 대상 지역에 황천극독을 내뿜습니다. 해당 지역에 있는 유닛은 그 안에 머무른 시간에 따라 점점 증가하는 지속 피해를 받습니다. 안에 있는 유닛은 공격 속도가 느려집니다.,,
viper,바이퍼,Viper,agi,viper_corrosive_skin,독성 피부,Corrosive Skin,ability,-,바이퍼가 1200 반경에 감염성 독극물을 내뿜어 자신을 공격하는 적 유닛에게 피해를 주고 공격 속도를 둔화합니다. 뿜어져 나오는 산성 독극물로 바이퍼의 마법 저항력이 상승합니다.,"바이퍼로부터 500 거리 안에서 독성 피부에 영향받은 적은 공격 속도가 4배로 느려집니다. 바이퍼가 황천극독 안에 있을 때 독성 피부 마법 저항력과 초당 피해는 점차 증가하며, 4초 후 최대 50%까지 효과가 증가합니다.",
viper,바이퍼,Viper,agi,viper_nose_dive,수직 강하,Nosedive,scepter,25,바이퍼가 지면으로 내려꽂히듯 하강하여 황천극독을 방출하고 4초 동안 효과 범위 500 안에 있는 모든 적에게 독성 피부 효과를 뿌립니다.,,
viper,바이퍼,Viper,agi,viper_predator,포식자,Predator,innate,-,바이퍼가 공격 시 대상 영웅이 잃어버린 체력 비율당 물리 피해를 추가로 적용합니다.,,
viper,바이퍼,Viper,agi,viper_viper_strike,바이퍼의 공습,Viper Strike,ability,50/40/30,바이퍼가 대상 적 유닛의 이동 및 공격 속도를 감소시키며 지속 효과를 무력화시키고 지속하여 독 피해를 줍니다. 둔화 효과는 지속시간 동안 점차 약해집니다.,,
visage,비사지,Visage,all,visage_grave_chill,무덤의 냉기,Grave Chill,ability,17/15/13/11,비사지가 대상 유닛의 이동 속도와 공격 속도를 흡수합니다. 흡수한 속도는 비사지 자신과 근처에 있는 하수인이 획득합니다.,,
visage,비사지,Visage,all,visage_soul_assumption,영혼 흡수,Soul Assumption,ability,4,"주위에 있는 영웅이 100 이상의 피해를 받을 때마다 영혼 정수를 충전합니다. 정수를 방출할 때, 기본 피해와 영혼 충전 수에 따른 피해를 같이 줍니다.",,
visage,비사지,Visage,all,visage_gravekeepers_cloak,무덤지기의 망토,Gravekeeper's Cloak,ability,-,"비사지가 여러 겹의 보호막을 생성하여 피해로부터 자신을 보호합니다. 플레이어에게 피해를 받으면 보호막 한 겹이 사라지며, 시간이 흐른 후에 보호막이 복구됩니다. 하수인들은 비사지로부터 900 범위 안에 있을 때, 비사지가 보유한 보호막 겹 수에 따라 망토로 보호받습니다.",,"활성화 요소를 획득하여, 비사지가 석화를 사용하고, 주위 375 지역에서 적을 0.8 / 1.0 / 1.2초 동안 기절시키며, 피해를 60 / 100 / 140 주고, 6초 동안 무적 상태가 될 수 있습니다. 체력의 25%까지 회복합니다."
visage,비사지,Visage,all,visage_silent_as_the_grave,무덤의 침묵,Silent as the Grave,innate,45.75,"비사지가 비행 이동 능력과 보너스 이동 속도를 얻습니다. 공격하거나 시전할 때, 속도와 비행 이동 능력을 잃고 비사지와 하수인들이 2초 동안 추가 피해를 줍니다.","이동 속도, 피해, 지속시간이 증가합니다. 비행 이동 능력을 잃을 때까지 비사지와 하수인들이 지속시간 동안 투명 상태가 됩니다.",
visage,비사지,Visage,all,visage_summon_familiars,하수인 소환,Summon Familiars,ability,120/110/100,"충성스러운 하수인 2마리를 불러내어 비사지를 위해 싸우게 합니다. 하수인은 석화 능력이 있어 돌로 변해 땅에 떨어질 때 적을 기절시킬 수 있습니다. 석화 상태의 하수인은 무적이며, 빠르게 체력을 회복합니다. 하수인을 죽이는 적 영웅은 많은 보상금을 얻습니다. 능력을 교체 시전 상태에서 시전하면 4초 후 비사지의 하수인들을 불러들일 수 있으며, 그동안 하수인은 공격하거나 행동할 수 없습니다.",,
void_spirit,공허령,Void Spirit,all,void_spirit_aether_remnant,에테르 잔영,Aether Remnant,ability,17/15/13/11,공허령이 잔영을 대상 위치로 내보냅니다. 잔영은 진로 방향을 향해 서서 구역을 지켜봅니다. 유닛이 그 시야에 들어오면 잔영이 해당 유닛을 끌어당겨 피해를 줍니다.,,"잔영을 중심으로 회전하는 감시자 경로를 추가로 생성합니다. 잔영이 진실의 시야를 제공하며, 더는 크립에 발동하지 않으며, 대신 양쪽 경로에서 매초 50%의 피해를 줍니다. 와드는 드러내지 않습니다."
void_spirit,공허령,Void Spirit,all,void_spirit_dissimilate,이화,Dissimilate,ability,20/17/14/11,"공허령이 일시적으로 에테르 속으로 사라지면서 자신을 다시 짜 맞출 수 있는 차원문 여러 개를 생성합니다. 차원문에서 빠져나올 때, 해당 지역에 있는 모든 적에게 피해를 줍니다.",,
void_spirit,공허령,Void Spirit,all,void_spirit_resonant_pulse,공명의 진동,Resonant Pulse,ability,18,공허령이 보호막으로 자신을 감쌉니다. 보호막은 물리 피해를 흡수하고 단일 개체에 피해를 주는 진동을 내뿜습니다. 진동에 맞은 적 영웅마다 흡수하는 피해량이 증가합니다.,공명의 진동이 적을 침묵시키며 충전 수 2회가 적용됩니다.,
void_spirit,공허령,Void Spirit,all,void_spirit_intrinsic_edge,내재된 우위,Intrinsic Edge,innate,-,"공허령이 각 능력치 1당 공격력을 15% 더 얻고, 힘에서 체력 재생을, 민첩에서 공격 속도를, 지능에서 마나 재생을 30% 더 얻습니다.",,
void_spirit,공허령,Void Spirit,all,void_spirit_astral_step,이계의 발걸음,Astral Step,ability,-,공허령이 이계로 통하는 균열을 낸 다음 대상 위치에서 나타나 이동 경로에 있는 모든 적을 공격합니다. 공격 시 1.25초 동안 느려지게 한 후 폭발하는 공허의 표식을 남깁니다.,,
warlock,흑마법사,Warlock,int,warlock_fatal_bonds,죽음의 결속,Fatal Bonds,ability,42/34/26/18,보이는 적 여럿을 서로 연결하여 그중 한 명이 받는 피해의 일정 비율을 함께 받게 합니다.,,
warlock,흑마법사,Warlock,int,warlock_shadow_word,어둠의 주문,Shadow Word,ability,15/14/13/12,"흑마법사가 주문을 읊조리며, 유닛에게 주문을 시전하여 해당 유닛이 주위 적 유닛에게는 피해를 주고, 주위 아군 유닛은 치유하도록 합니다. 대상 유닛도 아군인지 적인지에 따라 치유되거나 피해를 받습니다.",효과 반경이 증가합니다. 어둠의 주문이 이제 %cast_aoe% 반경에서 추가로 %additional_targets% 유닛에게 적용됩니다. 영웅을 우선시합니다. 추가 대상에 가해지는 치유 및 피해가 %secondary_reduction%% 감소합니다.,
warlock,흑마법사,Warlock,int,warlock_upheaval,어둠의 봉기,Upheaval,ability,45/40/35/30,집중 기술 - 오랫동안 정신을 집중할수록 위력이 강해지는 둔화와 피해의 기류를 생성합니다. 둔화 효과는 최대 10/12/14/16초 동안 지속합니다. 적이 주문의 범위를 벗어나거나 주문이 끝나도 둔화 효과는 1초 동안 계속됩니다.,,"정신을 집중하는 동안, 흑마법사가 2초마다 하급 임프를 소환합니다. 임프는 15초 동안 지속하며 죽을 때 폭발하여 주위 모든 적에게 피해를 줍니다."
warlock,흑마법사,Warlock,int,warlock_eldritch_summoning,섬뜩한 소환,Eldritch Summoning,innate,-,"적 유닛이 흑마법사의 능력 한 가지 이상이 걸린 상태로 죽을 때마다, 하급 임프 하나가 소환됩니다. 해당 임프는 15초 동안 지속하며 죽을 때 폭발합니다. 임프는 자동으로 근처에 있는 유닛을 찾는데, 죽음의 결속에 걸린 영웅을 선호하며, 먹잇감에 도달하면 폭발합니다.",,하급 임프의 체력과 폭발 피해가 증가합니다.
warlock,흑마법사,Warlock,int,warlock_rain_of_chaos,혼돈의 제물,Chaotic Offering,ability,165,"심연에서 골렘을 소환하여 적을 0.8초 동안 기절시킵니다. 골렘은 60초 동안 유지되며, 주문 피해를 덜 받고, 증가한 둔화 저항력을 보유하고, 공격 시 영구 연소 및 화염 주먹 효과를 지닙니다.",골렘 2마리를 불러냅니다.,
weaver,길쌈꾼,Weaver,agi,weaver_the_swarm,벌레 무리,The Swarm,ability,44/36/28/20,길쌈꾼이 어린 길쌈꾼 12마리를 내보냅니다. 벌레 무리는 경로상에 있는 적 유닛에게 달라붙어 적이 처치할 때까지 피해를 주고 방어력을 감소시킵니다.,,
weaver,길쌈꾼,Weaver,agi,weaver_shukuchi,축지술,Shukuchi,ability,15/12/9/6,길쌈꾼이 시야에서 사라진 다음 최대 이동 속도를 얻고 통과하는 적에게 피해를 줍니다.,,축지술로 피해를 받은 적에게 4.6초 동안 지속하는 표식을 남깁니다. 길쌈꾼이 축지술 상태에서 벗어난 다음 0.2초 후에 1200 범위 안에서 표식이 있는 적은 2차 이중 공격을 받습니다.
weaver,길쌈꾼,Weaver,agi,weaver_geminate_attack,이중 공격,Geminate Attack,ability,9/7/5/3,길쌈꾼이 동시에 두 무리의 벌레를 내보내어 공격합니다.,,이중 공격으로 벌레 무리의 벌레가 달라붙은 원 대상의 1200 범위 안에 있는 유닛도 타격합니다.
weaver,길쌈꾼,Weaver,agi,weaver_time_lapse,시간 거스르기,Time Lapse,ability,70/55/40,"길쌈꾼이 시간을 거슬러 5초 전에 있었던 위치로 되돌아갑니다. 체력과 마나는 해당 시간과 동일하게 복구되지만, 쿨다운이나 골드, 경험치는 유지됩니다. 해제 유형: 강한 해제",시간 거스르기를 500의 시전 범위로 아군 영웅을 대상으로 사용할 수 있습니다.,
weaver,길쌈꾼,Weaver,agi,weaver_threads_of_fate,운명의 실타래,Threads of Fate,innate,-,"길쌈꾼이 공격이나 능력으로 적 영웅에게 피해를 줄 때마다, 대상으로부터 700 범위 안에 1.5초 동안 머문다면, 운명의 실타래를 엮어 짧게 적을 둔화하고, 길쌈꾼과 해당 적을 하나로 묶습니다. 엮은 운명의 실타래 하나마다 길쌈꾼에게 보너스 피해를 부여합니다.",,
windrunner,바람순찰자,Windranger,all,windrunner_shackleshot,올가미 투척,Shackleshot,ability,16/14/12/10,대상을 일직선상에서 뒤에 있는 적 유닛 또는 나무에 묶습니다. 뒤에 유닛이나 나무가 없으면 기절의 지속시간이 0.6초로 줄어듭니다.,,
windrunner,바람순찰자,Windranger,all,windrunner_powershot,강화사격,Powershot,ability,12/11/10/9,집중 기술 - 바람순찰자가 최대 1초 동안 힘을 집중하여 강력한 일격을 날립니다. 오래 집중하여 힘을 충전할수록 더 큰 피해를 줍니다. 강화사격으로 발사한 화살은 경로상에 있는 적에게 피해를 주고 이동 속도가 느려지게 합니다. 강화사격으로 쓰러뜨린 적 하나당 피해 및 둔화가 감소합니다.,,
windrunner,바람순찰자,Windranger,all,windrunner_windrun,바람질주,Windrun,ability,14/13/12/11,이동 속도가 증가하고 모든 물리 공격에 대한 회피가 추가됩니다.,,
windrunner,바람순찰자,Windranger,all,windrunner_gale_force,큰바람,Gale Force,shard,25,진로가 지정됩니다. 강력한 바람을 불러내어 대상 지역에 있는 모든 적을 지정 방향으로 밉니다.,,
windrunner,바람순찰자,Windranger,all,windrunner_focusfire,집중 사격,Focus Fire,ability,50/40/30,"바람순찰자가 바람과 동화하여 단일 적 유닛이나 구조물을 공격할 때 350/425/500의 추가 공격 속도를 얻습니다. 주는 피해는 감소하지만, 보조 아이템 효과로 주는 추가 피해는 감소하지 않습니다.",,
windrunner,바람순찰자,Windranger,all,windrunner_tailwind,순풍,Tailwind,innate,-,능력을 사용하면 중첩되는 순풍을 창조합니다. 순풍으로 바람순찰자는 짧은 순간 폭발적인 이동 속도를 얻습니다. 이동 속도 보너스는 순풍 지속시간이 절반 지났을 때부터 서서히 사라지기 시작합니다. 지속하여 바람순찰자의 최대 이동 속도가 증가합니다.,공격 시 순풍을 부여합니다. 순풍이 더 오래 지속하며 해제할 수 없는 상태가 됩니다.,
winter_wyvern,겨울 비룡,Winter Wyvern,int,winter_wyvern_arctic_burn,극지 불태우기,Arctic Burn,ability,29/26/23/20,"겨울 비룡이 극지의 바람을 타고 날아오릅니다. 움직임이 지형에 방해받지 않으며 매 공격 시 얼음처럼 차가운 숨결을 내뿜습니다. 더 높이 솟아오른 동안 겨울 비룡은 더 빠르게, 더 멀리까지 공격하고 마법의 냉기로 적을 둔화 상태에 빠뜨리며 매초 현재 체력의 4/6/8/10%를 제거합니다.",극지 불태우기를 켜고 끌 수 있습니다. 활성화 상태에서 매초 마나를 흡수합니다. 겨울 비룡의 이동 속도가 증가합니다.,
winter_wyvern,겨울 비룡,Winter Wyvern,int,winter_wyvern_splinter_blast,얼음가시 폭발,Splinter Blast,ability,6,"유닛 하나에게 얼음가시로 만들어진 구체를 발사합니다. 얼음은 타격 시 부서지고 주 대상에게는 아무런 영향을 주지 않으나, 파편이 튀어나오며 기본 반경 500 안의 인접한 적들에게 피해를 줍니다. 파편에 맞은 적은 이동 속도가 27/30/33/36% 감소합니다.",,
winter_wyvern,겨울 비룡,Winter Wyvern,int,winter_wyvern_cold_embrace,냉기의 은총,Cold Embrace,ability,24/21/18/15,아군을 차가운 얼음에 가두고 단단히 얼려 일정 체력을 회복시키고 추가로 매초 최대 체력의 일정 비율을 회복시킵니다. 얼음에 갇힌 대상은 모든 물리 피해에 면역이 됩니다.,,쿨다운이 4초 감소합니다. 아군 유닛은 얼음 고치에서 빠져나올 때 보너스 공격력을 얻습니다.
winter_wyvern,겨울 비룡,Winter Wyvern,int,winter_wyvern_eldwurms_edda,장로고룡의 시가집,Eldwurm's Edda,innate,-,겨울 비룡에게 장로고룡의 시가집을 부여합니다. 해당 아이템을 소모하면 기본 능력의 현재 및 최대 레벨이 1레벨 오르고 겨울 비룡의 기본 지능이 소모 시점 수치의 25%만큼 증가합니다.,,
winter_wyvern,겨울 비룡,Winter Wyvern,int,winter_wyvern_winters_curse,겨울의 저주,Winter's Curse,ability,100/90/80,"겨울 비룡이 해제를 적용한 다음 적을 제자리에 얼리고 주위에 광기에 찬 저주를 내려 얼어붙은 상태의 같은 편을 공격하게 합니다. 얼어붙은 대상과 저주에 걸려 같은 편을 공격하는 적들은 겨울 비룡의 아군으로부터 받는 모든 피해에 면역입니다. 예외로, 겨울 비룡과 겨울 비룡이 제어하는 유닛이 가하는 피해는 적용됩니다. 시전 후 저주 범위에 적 영웅이 들어오면 저주의 지속시간이 추가됩니다.",,
witch_doctor,저주술사,Witch Doctor,int,witch_doctor_paralyzing_cask,마비 약통,Paralyzing Cask,ability,20/18/16/14,몸을 마비시키는 가루가 담긴 약통을 던집니다. 약통은 적 사이를 튕겨 다니며 맞힌 상대를 기절시키고 피해를 줍니다. 튕길 때마다 피해가 증가합니다.,,
witch_doctor,저주술사,Witch Doctor,int,witch_doctor_voodoo_restoration,치유 부두술,Voodoo Restoration,ability,-,저주술사가 마법을 집중하여 주위 아군을 치유합니다. 치유 부두술이 활성화되어 있을 때는 저주술사의 마나가 매초 소모됩니다.,,
witch_doctor,저주술사,Witch Doctor,int,witch_doctor_maledict,저주의 마법진,Maledict,ability,30/26/22/18,작은 범위 내에 있는 모든 적 영웅과 플레이어가 제어하는 대상에게 저주를 내려 매초 정해진 양의 피해를 줍니다. 저주에 걸린 적 영웅과 유닛은 잃은 체력에 비례하여 4초마다 순간 피해도 받습니다.,,
witch_doctor,저주술사,Witch Doctor,int,witch_doctor_voodoo_switcheroo,급변 부두술,Voodoo Switcheroo,shard,50,저주술사가 잠시 죽음의 와드로 변신합니다. 이때는 공격 속도가 감소합니다. 저주술사는 변신해 있는 동안 숨겨진 상태가 됩니다.,,
witch_doctor,저주술사,Witch Doctor,int,witch_doctor_gris_gris,부두 부적,Gris-Gris,innate,-,"저주술사가 부두 부적 하나를 얻습니다. 땅에 떨구거나 배낭에 넣을 수 없습니다. 소유자가 죽으면 사망으로 잃은 골드의 100%가 부적에 더해지며, 부적을 소모하면 해당 금액을 되돌려받습니다. 부두 부적의 가치는 3초에 1씩 증가합니다. 부적을 오른 클릭하여 소모하면 영구적으로 제거됩니다.",,
witch_doctor,저주술사,Witch Doctor,int,witch_doctor_death_ward,죽음의 와드,Death Ward,ability,100/90/80,집중 기술 - 치명적인 와드를 소환해 공격 범위 내 적 영웅을 공격합니다. 최대 8초 동안 유지됩니다. 죽음의 와드에 50% 보너스 명중률이 적용됩니다.,죽음의 와드 공격이 주위 적 사이로 튕깁니다.,
skeleton_king,망령 제왕,Wraith King,str,skeleton_king_hellfire_blast,망령의 불꽃,Wraithfire Blast,ability,14/12/10/8,망령 제왕이 적 유닛에게 유령 불꽃을 발사하여 피해를 주고 기절시킵니다. 대상은 지속해서 피해를 받고 둔화합니다.,,
skeleton_king,망령 제왕,Wraith King,str,skeleton_king_bone_guard,백골 수호병,Bone Guard,ability,42,"크립 둘을 처치할 때마다 충전 1회, 영웅 하나를 처치할 때마다 충전 2회를 얻습니다. 활성화하면 모든 충전을 소모하여 해골을 소환합니다. 해골은 죽으면 한 번 부활합니다. 해골은 흡혈 혼령의 흡혈 효과를 받습니다.",,
skeleton_king,망령 제왕,Wraith King,str,skeleton_king_mortal_strike,필사의 일격,Mortal Strike,ability,5,망령 제왕이 지속하여 쿨다운이 있는 공격을 할 때 보너스 피해를 줍니다.,,필사의 일격으로 타격하면 대상에게 저주를 걸어 3초 지연 후 최초 공격 피해의 75%를 순수 피해로 받게 합니다. 흡혈 혼령의 흡혈이 저주 피해에 적용됩니다.
skeleton_king,망령 제왕,Wraith King,str,skeleton_king_vampiric_spirit,흡혈 혼령,Vampiric Spirit,innate,-,"망령 제왕에게 흡혈 효과를 부여합니다. 망령 제왕을 처치하면, 죽음이 지연되면서 자유 경로로 움직이는 망령으로 변합니다. 망령은 짧은 지속시간 동안 보너스 공격 속도 및 이동 속도를 얻습니다. 망령 제왕은 망령이 된 후에는 부활할 수 없습니다.","흡혈 혼령을 오라로 바뀌어, 아군 영웅이 죽을 때 망령으로 바꿀 수 있습니다. 망령의 지속시간이 늘어납니다.",
skeleton_king,망령 제왕,Wraith King,str,skeleton_king_reincarnation,부활,Reincarnation,ability,180/150/120,"전투 중 쓰러지면 몸이 다시 합쳐지면서 부활합니다. 망령 제왕이 죽는 순간, 반경 600 안에 있는 적 유닛은 둔화합니다. 해골이 생성되어 주위 적 영웅을 모두 공격합니다. 자신에게 시전하면 망령 제왕이 즉시 죽을 수 있습니다.",쿨다운이 감소합니다.,
zuus,제우스,Zeus,int,zuus_arc_lightning,연쇄 번개,Arc Lightning,ability,1.6,대상 유닛과 그 주위의 적을 연쇄적으로 타격하며 피해를 주는 번갯불을 날려 보냅니다.,,
zuus,제우스,Zeus,int,zuus_lightning_bolt,번갯불,Lightning Bolt,ability,6/6/6/6,하늘에서 번개를 내려 적 유닛에게 피해를 주고 짧은 시간 동안 기절시킵니다. 번갯불은 짧은 시간 동안 대상 주위 반경 600 안에 방해 없는 시야와 진실의 시야를 제공합니다. 지상에 시전하면 325 범위 내에서 가장 가까운 적 영웅에게 피해를 줍니다.,,
zuus,제우스,Zeus,int,zuus_heavenly_jump,천상의 뜀뛰기,Heavenly Jump,ability,26/22/18/14,"천상의 뜀뛰기를 실행하여 앞으로 도약하며 보이는 적 중 가장 가까이 있는 대상(영웅 우선)에게 충격을 주고, 피해를 주며, 이동 및 공격 속도를 느려지게 합니다. 3초 동안 자신 주변 900 범위에 방해 없는 시야를 얻습니다.",,
zuus,제우스,Zeus,int,zuus_cloud,비구름,Nimbus,scepter,45,근처의 적에게 자동으로 번갯불을 시전하는 폭풍 구름을 지도상의 원하는 곳에 생성합니다.,,
zuus,제우스,Zeus,int,zuus_lightning_hands,번개의 손놀림,Lightning Hands,shard,-,보너스 공격 속도를 얻습니다. 공격 시 연쇄 번개가 생성되어 능력 피해의 일정 비율만큼 피해를 줍니다. 끄면 효과를 중단할 수 있습니다.,,
zuus,제우스,Zeus,int,zuus_thundergods_wrath,천둥신의 분노,Thundergod's Wrath,ability,130,지도상의 모든 적 영웅을 번개로 내려쳐 피해를 줍니다. 번개에 맞기 전에 각 영웅 주변에 진실의 시야가 밝혀집니다.,,
zuus,제우스,Zeus,int,zuus_static_field,전기장,Static Field,innate,-,제우스가 공격하거나 능력으로 타격한 적에게 충격을 가해 현재 적 체력의 일정 비율에 해당하는 피해를 줍니다.,,
