champion_id,champion_kr,champion_en,title_kr,tags,slot,skill_kr,skill_en,cooldown,desc_kr
Aatrox,아트록스,Aatrox,다르킨의 검,Fighter,P,사신 태세,Deathbringer Stance,-,주기적으로 아트록스의 기본 공격이 대상 최대 체력에 비례하여 추가 마법 피해를 입히고 자신의 체력을 회복합니다.
Aatrox,아트록스,Aatrox,다르킨의 검,Fighter,Q,다르킨의 검,The Darkin Blade,14/12/10/8/6,아트록스가 대검을 내리쳐 물리 피해를 줍니다. 세 번까지 휘두를 수 있으며 각 공격은 피해 범위가 다릅니다.
Aatrox,아트록스,Aatrox,다르킨의 검,Fighter,W,지옥사슬,Infernal Chains,20/18/16/14/12,아트록스가 지면을 내리쳐 처음 맞힌 적에게 피해를 줍니다. 대상이 챔피언 또는 대형 몬스터인 경우 일정 시간 안에 해당 지역을 벗어나지 않으면 중앙으로 끌려가 다시 피해를 받습니다.
Aatrox,아트록스,Aatrox,다르킨의 검,Fighter,E,파멸의 돌진,Umbral Dash,9/8/7/6/5,"기본 지속 효과로 아트록스가 적 챔피언에게 피해를 입히면 체력을 회복합니다. 사용 시, 아트록스가 지정한 방향으로 돌진합니다."
Aatrox,아트록스,Aatrox,다르킨의 검,Fighter,R,세계의 종결자,World Ender,120/100/80,"아트록스가 악마의 힘을 해방하여 근처 적 미니언에게 공포를 주고 자신의 공격력과 체력 회복량, 이동 속도가 증가합니다. 아트록스가 챔피언 처치에 관여하면 이 효과의 지속시간이 연장됩니다."
Ahri,아리,Ahri,구미호,Mage|Assassin,P,정기 흡수,Essence Theft,-,아리가 미니언 또는 몬스터를 9마리 처치하면 체력을 회복합니다. 아리가 적 챔피언 처치에 관여하면 더 많은 체력을 회복합니다.
Ahri,아리,Ahri,구미호,Mage|Assassin,Q,현혹의 구슬,Orb of Deception,7,아리가 구슬을 던지고 다시 받습니다. 던질 때는 마법 피해를 주며 돌아올 때는 고정 피해를 줍니다.
Ahri,아리,Ahri,구미호,Mage|Assassin,W,여우불,Fox-Fire,9/8/7/6/5,"아리의 이동 속도가 잠시 동안 크게 증가하며 아리가 여우불 세 개를 생성하면, 각각 자동으로 적을 찾아 공격합니다."
Ahri,아리,Ahri,구미호,Mage|Assassin,E,매혹,Charm,12,아리가 입맞춤을 날려 피해를 주며 맞은 적을 홀립니다. 홀린 적은 즉시 이동 스킬을 멈추고 아리 쪽으로 무작정 다가갑니다.
Ahri,아리,Ahri,구미호,Mage|Assassin,R,혼령 질주,Spirit Rush,140/120/100,"아리가 전방으로 질주하며 근처 적 챔피언들에게 혼령의 정기를 쏘아냅니다. 재사용 대기시간이 적용되기 전에 최대 세 번까지 사용할 수 있으며, 적 챔피언 처치 관여 시 재사용 가능 횟수가 늘어납니다."
Akali,아칼리,Akali,섬기는 이 없는 암살자,Assassin,P,암살자의 표식,Assassin's Mark,-,스킬 공격으로 챔피언에게 피해를 입히면 해당 챔피언의 주변에 원이 생깁니다. 이 원의 경계를 넘어가면 다음 기본 공격의 사거리가 길어지고 추가 피해를 입힙니다.
Akali,아칼리,Akali,섬기는 이 없는 암살자,Assassin,Q,오연투척검,Five Point Strike,1.5,아칼리가 단검 다섯 개를 던져 추가 공격력과 주문력에 비례하여 피해를 입히고 둔화시킵니다.
Akali,아칼리,Akali,섬기는 이 없는 암살자,Assassin,W,황혼의 장막,Twilight Shroud,20/19/18/17/16,아칼리가 연막을 퍼뜨린 후 이동 속도가 잠시 상승합니다. 연막 안에 있는 동안 아칼리는 투명 상태가 되어 적이 스킬이나 공격 대상으로 지정할 수 없습니다. 아칼리가 공격하거나 스킬을 사용하면 순간적으로 아칼리의 모습이 드러납니다.
Akali,아칼리,Akali,섬기는 이 없는 암살자,Assassin,E,표창곡예,Shuriken Flip,16/14.5/13/11.5/10,뒤로 공중제비를 돌며 전방으로 표창을 던져 마법 피해를 입힙니다. 처음으로 적중한 적이나 연막에 표식을 남깁니다. 스킬을 다시 사용하면 표식을 남긴 대상에게 돌진해 추가 피해를 입힙니다.
Akali,아칼리,Akali,섬기는 이 없는 암살자,Assassin,R,무결처형,Perfect Execution,120/90/60,아칼리가 지정한 방향으로 도약해 공격이 적중한 적들에게 피해를 입힙니다. 재사용 시: 아칼리가 지정한 방향으로 돌진해 공격이 적중한 모든 적들에게 피해를 입힙니다.
Akshan,아크샨,Akshan,떠도는 감시자,Marksman|Assassin,P,비열한 싸움,Dirty Fighting,-,아크샨의 기본 공격 및 스킬이 세 번 적중할 때마다 추가 물리 피해를 입힙니다. 대상이 챔피언인 경우 아크샨이 보호막을 얻습니다. 아크샨이 기본 공격 후 피해량이 감소한 두 번째 공격을 발사합니다. 추가 공격을 도중에 취소하면 대신 이동 속도가 증가합니다.
Akshan,아크샨,Akshan,떠도는 감시자,Marksman|Assassin,Q,복수의 부메랑,Avengerang,9/8/7/6/5,아크샨이 날아가고 돌아오며 피해를 입히는 부메랑을 던집니다. 적에게 적중할 때마다 부메랑의 사거리가 증가합니다.
Akshan,아크샨,Akshan,떠도는 감시자,Marksman|Assassin,W,악당 처단,Going Rogue,18/14/10/6/2,아크샨이 아군 챔피언을 처치한 적 챔피언에게 악당 표식을 남깁니다. 아크샨이 악당을 처치하면 해당 적이 처치한 아군들을 부활시키고 추가 골드를 얻으며 모든 악당 표식을 없앱니다. 활성화 시 아크샨이 위장 상태에 들어가며 악당에게 다가갈 때 이동 속도와 마나 재생량이 증가합니다. 아크샨이 지형 근처나 수풀 안에 있지 않으면 위장 상태가 금방 풀립니다.
Akshan,아크샨,Akshan,떠도는 감시자,Marksman|Assassin,E,영웅의 비상,Heroic Swing,18/16.5/15/13.5/12,"아크샨이 갈고리총을 발사해 지형에 고정시킨 후, 갈고리에 매달린 채 가장 가까운 적을 연속으로 공격하며 이동합니다. 기동 중 챔피언이나 지형에 충돌하면 땅으로 떨어지며, 도중에 스스로 뛰어내릴 수도 있습니다."
Akshan,아크샨,Akshan,떠도는 감시자,Marksman|Assassin,R,인과응보,Comeuppance,100/85/70,아크샨이 적 챔피언을 조준하고 탄환을 저장합니다. 사격을 개시하면 저장한 탄환을 모두 발사해 처음으로 적중하는 챔피언이나 미니언이나 구조물에 잃은 체력에 비례하는 피해를 입힙니다.
Alistar,알리스타,Alistar,미노타우로스,Tank|Support,P,승리의 포효,Triumphant Roar,-,"근처에서 적이 죽거나, 알리스타가 적 챔피언을 기절 혹은 이동시킬 때마다 포효를 중첩시킵니다. 최대치까지 중첩되면 근처의 모든 아군 챔피언과 자신의 체력을 회복시킵니다."
Alistar,알리스타,Alistar,미노타우로스,Tank|Support,Q,분쇄,Pulverize,14/13/12/11/10,알리스타가 땅을 내리쳐 주변의 적에게 피해를 입히고 공중에 띄웁니다.
Alistar,알리스타,Alistar,미노타우로스,Tank|Support,W,박치기,Headbutt,14/13/12/11/10,알리스타가 적에게 박치기를 하여 피해를 입히고 적을 밀어냅니다.
Alistar,알리스타,Alistar,미노타우로스,Tank|Support,E,짓밟기,Trample,12/11.5/11/10.5/10,"알리스타가 근처의 적 유닛을 짓밟아 적 챔피언에게 피해를 입힐 경우 중첩을 얻고, 유닛을 통과해서 다닐 수 있게 됩니다. 최대치까지 중첩되면 알리스타의 적 챔피언에 대한 다음 기본 공격이 강화되어 추가 마법 피해를 입히고 기절시킵니다."
Alistar,알리스타,Alistar,미노타우로스,Tank|Support,R,꺾을 수 없는 의지,Unbreakable Will,120/100/80,알리스타가 거친 함성을 지르며 자신에게 걸린 모든 방해 효과를 제거하고 일정 시간 동안 적의 물리 및 마법 피해를 감소시킵니다.
Ambessa,암베사,Ambessa,전장의 우두머리,Fighter|Assassin,P,용사냥개의 발걸음,Drakehound's Step,-,"스킬을 사용하는 동안 기본 공격 또는 이동 명령을 하면 암베사가 스킬을 사용한 후 짧은 거리를 돌진하며 다음 기본 공격의 사거리, 피해량, 공격 속도가 증가하고 기력을 돌려받습니다."
Ambessa,암베사,Ambessa,전장의 우두머리,Fighter|Assassin,Q,교활한 휩쓸기 / 파멸의 일격,Cunning Sweep / Sundering Slam,14/13/12/11/10,암베사가 쌍둥이 용사냥개로 전방 반원을 휩쓸어 날에 적중한 적에게 추가 피해를 입힙니다. 적을 타격하면 다음에 이 스킬을 사용할 때 짧은 시간 동안 스킬이 변하며 암베사가 전방에 일직선상으로 쌍둥이 용사냥개를 내리쳐 처음 적중한 적에게 추가 피해를 입힙니다.
Ambessa,암베사,Ambessa,전장의 우두머리,Fighter|Assassin,W,배척,Repudiation,18/17/16/15/14,암베사가 보호막을 얻고 짧게 준비한 후 지면을 내리쳐 주변 적에게 피해를 입힙니다. 준비하는 동안 미니언이 아닌 대상으로부터 피해를 막았다면 이 스킬로 입히는 피해량이 증가합니다.
Ambessa,암베사,Ambessa,전장의 우두머리,Fighter|Assassin,E,찢어 가르기,Lacerate,13/12/11/10/9,암베사가 주변으로 쌍둥이 용사냥개를 휘둘러 피해를 입히고 주변 적을 둔화시킵니다. 이 스킬로 용사냥개의 발걸음이 개시되면 돌진이 끝나고 암베사가 한 번 더 일격을 가합니다.
Ambessa,암베사,Ambessa,전장의 우두머리,Fighter|Assassin,R,공개 처형,Public Execution,130/115/100,암베사가 선택한 일직선상에서 가장 멀리 있는 적 챔피언에게 순간 이동한 후 제압합니다. 이후 해당 적 챔피언을 지면에 내리쳐 피해를 입히고 기절시킵니다.
Amumu,아무무,Amumu,슬픈 미라,Tank|Support,P,저주의 손길,Cursed Touch,-,아무무의 기본 공격을 받은 대상은 저주에 걸려 마법 피해를 입을 때마다 추가 고정 피해를 받습니다.
Amumu,아무무,Amumu,슬픈 미라,Tank|Support,Q,붕대 던지기,Bandage Toss,3,아무무가 끈적끈적한 붕대를 던져 적을 기절시키고 피해를 입히며 가까이 이동합니다.
Amumu,아무무,Amumu,슬픈 미라,Tank|Support,W,절망,Despair,1,적이 절망으로 인해 매 초마다 최대 체력에 비례한 피해를 입고 저주가 초기화됩니다.
Amumu,아무무,Amumu,슬픈 미라,Tank|Support,E,짜증내기,Tantrum,9/8/7/6/5,아무무가 받는 물리 피해를 영구적으로 감소시킵니다. 활성화 시 아무무가 주변 적에게 분노를 방출합니다. 아무무가 공격당할 때마다 짜증내기의 재사용 대기시간이 감소합니다.
Amumu,아무무,Amumu,슬픈 미라,Tank|Support,R,슬픈 미라의 저주,Curse of the Sad Mummy,150/125/100,아무무가 붕대로 주변 유닛을 휘감아 저주를 내리고 피해를 입히며 기절시킵니다.
Anivia,애니비아,Anivia,얼음불사조,Mage,P,환생,Rebirth,-,애니비아는 치명적인 피해를 입으면 알 형태로 돌아가 체력을 완전히 회복한 후 환생합니다.
Anivia,애니비아,Anivia,얼음불사조,Mage,Q,냉기 폭발,Flash Frost,11/10/9/8/7,애니비아가 날개를 모아 얼음 구체를 소환한 뒤 발사하여 명중 당한 적들을 냉각에 빠뜨리고 피해를 입힙니다. 폭발 시 일정 반경 안에 있는 적에게 피해를 입히고 기절시킵니다.
Anivia,애니비아,Anivia,얼음불사조,Mage,W,결정화,Crystallize,17,애니비아가 공기 중의 수분을 빙결시켜 지나갈 수 없는 얼음 벽을 만듭니다. 벽은 얼마 지나지 않아 녹아버립니다.
Anivia,애니비아,Anivia,얼음불사조,Mage,E,동상,Frostbite,4,애니비아가 날개를 퍼덕이며 적에게 얼음 바람을 일으켜 피해를 입힙니다. 최근 냉기 폭발이나 최대 크기에 도달한 얼음 폭풍에 적중당한 대상이 입는 피해는 2배로 증가합니다.
Anivia,애니비아,Anivia,얼음불사조,Mage,R,얼음 폭풍,Glacial Storm,4/3/2,애니비아가 얼음의 비와 폭풍우를 소환하여 적에게 피해를 입히고 이동 속도를 늦춥니다.
Annie,애니,Annie,어둠의 아이,Mage|Support,P,방화광,Pyromania,-,애니가 스킬을 4번 사용한 후 다음 공격 스킬에 맞은 적은 기절합니다. 애니가 게임을 시작하고 방화광을 사용할 수 있는 상태로 재생성됩니다.
Annie,애니,Annie,어둠의 아이,Mage|Support,Q,붕괴,Disintegrate,4,애니가 마나로 가득 찬 화염구를 던져 피해를 입히고 결정타를 냈을 때 사용한 마나를 되돌려 받습니다.
Annie,애니,Annie,어둠의 아이,Mage|Support,W,소각,Incinerate,7,애니가 원뿔 형태의 화염을 내뿜어 해당 지역에 있는 모든 적에게 피해를 입힙니다.
Annie,애니,Annie,어둠의 아이,Mage|Support,E,용암 방패,Molten Shield,10,"애니나 아군에게 보호막을 부여하고 이동 속도가 증가하며, 기본 공격이나 스킬로 공격하는 적에게 피해를 입힙니다."
Annie,애니,Annie,어둠의 아이,Mage|Support,R,소환: 티버,Summon: Tibbers,130/115/100,애니가 자신의 곰 티버를 되살려 지정 구역에 있는 유닛에게 피해를 입힙니다. 티버는 주변의 적을 공격하거나 불태울 수도 있습니다.
Aphelios,아펠리오스,Aphelios,신념의 무기,Marksman,P,암살자와 예언자,The Hitman and the Seer,-,"아펠리오스는 쌍둥이 누이 알룬이 만든 다섯 가지의 루나리 무기를 사용합니다. 한 번에 주 무기와 보조 무기 등 총 두 가지 무기를 사용할 수 있습니다. 각 무기는 고유의 기본 공격과 스킬을 가지고 있습니다. 기본 공격과 스킬 사용 시 탄약을 소모하며, 탄약을 모두 소모하면 사용 중인 주 무기를 5개의 무기 중 다음 무기로 교체합니다."
Aphelios,아펠리오스,Aphelios,신념의 무기,Marksman,Q,무기 스킬,Weapon Abilites,9,아펠리오스는 주 무기에 따라 5개의 스킬을 사용할 수 있습니다. 만월총(소총): 원거리 공격으로 대상에게 표식을 남깁니다. 표식을 소모해 추가로 원거리 공격을 가할 수 있습니다. 절단검(낫 모양 권총): 빠르게 이동하며 주 무기와 보조 무기로 주위 적들을 공격합니다. 중력포(대포): 이 무기로 둔화된 모든 적을 속박합니다. 화염포(화염 방사기): 원뿔 형태로 적에게 화염을 발사한 후 보조 무기로 공격합니다. 반월검(투척 무기): 보조 무기와 동일한 무기를 사용하는 파수탑을 배치합니다.
Aphelios,아펠리오스,Aphelios,신념의 무기,Marksman,W,위상 변화,Phase,0.8,아펠리오스가 주 무기와 보조 무기를 서로 교체해 기본 공격과 스킬을 변경합니다.
Aphelios,아펠리오스,Aphelios,신념의 무기,Marksman,E,무기 교체 시스템,Weapon Queue System,0,"아펠리오스는 세 번째 스킬이 없습니다. 이 칸은 알룬이 부여할 다음 무기를 보여 줍니다. 무기는 정해진 순서로 시작하지만, 게임이 진행되는 동안 바뀔 수 있습니다. 무기는 탄약이 떨어지면 마지막 순서로 돌아갑니다."
Aphelios,아펠리오스,Aphelios,신념의 무기,Marksman,R,월광포화,Moonlight Vigil,120/110/100,적 챔피언에게 적중 시 폭발하는 달빛 에너지를 발사합니다. 아펠리오스가 장착한 주 무기의 고유 효과를 적용합니다.
Ashe,애쉬,Ashe,서리 궁수,Marksman|Support,P,서리 화살,Frost Shot,-,"애쉬의 공격을 받은 대상이 느려지며, 이 대상에 대한 애쉬의 공격력이 상승합니다. 애쉬의 치명타는 추가 피해를 가하지 않는 대신, 대상에게 더 강력한 둔화를 적용합니다."
Ashe,애쉬,Ashe,서리 궁수,Marksman|Support,Q,궁사의 집중,Ranger's Focus,0,"애쉬는 공격을 계속하면 집중이 오릅니다. 집중 중첩이 최대치에 이르면 이를 모두 소모해 애쉬가 궁사의 집중을 사용할 수 있으며, 이 때 애쉬의 공격 속도가 잠시 동안 증가하고 그 동안 기본 공격이 강력한 다발 공격으로 변합니다."
Ashe,애쉬,Ashe,서리 궁수,Marksman|Support,W,일제 사격,Volley,18/14.5/11/7.5/4,애쉬가 화살을 원뿔 모양으로 발사하여 더 큰 피해를 입힙니다. 이때 서리 화살의 효과도 적용됩니다.
Ashe,애쉬,Ashe,서리 궁수,Marksman|Support,E,매 날리기,Hawkshot,5,애쉬가 매의 혼을 맵 어느 위치든 날려보내 정찰을 시킵니다.
Ashe,애쉬,Ashe,서리 궁수,Marksman|Support,R,마법의 수정화살,Enchanted Crystal Arrow,100/80/60,애쉬가 얼음으로 된 화살을 발사합니다. 화살이 적 챔피언에 맞을 경우 피해를 입히고 화살 발사 거리에 따라 더 오랜 시간 기절시킵니다. 또한 주변 적 유닛 역시 피해를 받고 속도가 느려집니다.
AurelionSol,아우렐리온 솔,Aurelion Sol,별의 창조자,Mage,P,우주의 창조자,Cosmic Creator,-,아우렐리온 솔이 스킬로 피해를 입히면 각 스킬을 영구히 강화하는 별가루를 획득합니다.
AurelionSol,아우렐리온 솔,Aurelion Sol,별의 창조자,Mage,Q,빛의 숨결,Breath of Light,3,아우렐리온 솔이 몇 초 동안 용의 숨결을 내뿜어 처음 적중하는 적에게 피해를 입히고 주변 적에게는 그보다 적은 광역 피해를 입힙니다. 숨결이 적에게 적중할 때마다 매초 추가 피해를 입힙니다. 추가 피해량은 획득한 별가루 양만큼 증가합니다. 대상이 챔피언이면 별가루를 획득합니다.
AurelionSol,아우렐리온 솔,Aurelion Sol,별의 창조자,Mage,W,별의 비행,Astral Flight,22/20/18/16/14,아우렐리온 솔이 지정한 방향으로 날아갑니다. 이 상태에서 다른 스킬을 사용할 수 있습니다. 비행 중 빛의 숨결은 재사용 대기시간이나 최대 정신 집중 시간이 없으며 피해가 증가합니다. 아우렐리온 솔이 피해를 입힌 지 얼마 되지 않은 적 챔피언이 죽을 때마다 별의 비행의 남은 재사용 대기시간이 감소합니다. 별가루는 별의 비행 최대 사거리를 늘립니다.
AurelionSol,아우렐리온 솔,Aurelion Sol,별의 창조자,Mage,E,특이점,Singularity,12,아우렐리온 솔이 적에게 피해를 입히며 적을 천천히 중심으로 끌어당기는 블랙홀을 소환합니다. 이 스킬은 블랙홀에 있는 적 챔피언 한 명당 매초 별가루를 부여하며 안에 있는 적이 죽을 때도 별가루를 부여합니다. 블랙홀의 중심에 있는 적은 체력이 최대 체력의 일정 비율 밑으로 떨어질 경우 처형됩니다. 별가루는 특이점의 크기와 처형 기준값을 늘립니다.
AurelionSol,아우렐리온 솔,Aurelion Sol,별의 창조자,Mage,R,유성 / 천상 강림,Falling Star / The Skies Descend,120/110/100,유성: 아우렐리온 솔이 땅으로 별을 떨어뜨립니다. 이 충격으로 마법 피해를 입히고 적을 기절시키며 적중한 적 챔피언 한 명당 별가루를 획득합니다. 별가루가 어느 정도 모이면 아우렐리온 솔의 다음 유성이 천상 강림으로 변합니다. 천상 강림: 아우렐리온 솔이 하늘에서 충돌 범위와 피해가 커진 거대한 별을 끌어내 적을 기절시키는 대신 공중에 띄웁니다. 이후 충돌 범위 가장자리에서 충격파가 퍼지며 적중한 적에게 피해를 입히고 둔화시킵니다. 별가루는 유성과 천상 강림의 충돌 범위를 넓힙니다.
Aurora,오로라,Aurora,세계의 경계에 선 마녀,Mage|Assassin,P,영혼 방호술,Spirit Abjuration,-,오로라가 스킬 또는 공격으로 피해를 입힌 적의 영혼을 제령합니다. 제령된 영혼은 오로라 주위를 따라다니며 체력을 회복시킵니다.
Aurora,오로라,Aurora,세계의 경계에 선 마녀,Mage|Assassin,Q,이중 저주,Twofold Hex,9/8.5/8/7.5/7,오로라가 적중한 적에게 저주를 내리는 에너지를 발사합니다. 재사용하면 내린 저주를 다시 불러들이며 이때 저주에 적중한 경로상의 적에게 피해를 입힙니다.
Aurora,오로라,Aurora,세계의 경계에 선 마녀,Mage|Assassin,W,장막 너머로,Across the Veil,22/21/20/19/18,오로라가 지정한 방향으로 뛰어올라 착지 시 영혼 세계에 진입하고 짧은 시간 동안 투명 상태가 되며 이동 속도가 증가합니다.
Aurora,오로라,Aurora,세계의 경계에 선 마녀,Mage|Assassin,E,마법의 문,The Weirding,15/14/13/12/11,오로라가 세계를 합치고 영혼 마법을 발사해 적에게 피해를 입히며 둔화시킨 다음 안전한 뒤쪽으로 깡충 뜁니다.
Aurora,오로라,Aurora,세계의 경계에 선 마녀,Mage|Assassin,R,세계의 경계,Between Worlds,140/120/100,오로라가 지정한 방향으로 뛰어올라 적중한 적에게 피해를 입히고 둔화시키는 충격파를 방출합니다. 이후 안에 있는 적을 둔화시키고 오로라가 한쪽에서 반대편으로 이동할 수 있는 영역을 생성합니다.
Azir,아지르,Azir,사막의 황제,Mage|Marksman,P,슈리마의 유산,Shurima's Legacy,-,아지르는 무너진 아군 포탑이나 적 포탑 위에 태양 포탑을 소환할 수 있습니다.
Azir,아지르,Azir,사막의 황제,Mage|Marksman,Q,사막의 맹습,Conquering Sands,14/12/10/8/6,"아지르가 모든 모래 병사를 특정 위치로 보냅니다. 모래 병사들은 통과하는 적에게 마법 피해를 입히고, 1초 둔화 효과를 적용합니다."
Azir,아지르,Azir,사막의 황제,Mage|Marksman,W,일어나라!,Arise!,1.5,아지르가 모래 병사를 소환하여 근처에 있는 대상을 공격합니다. 아지르의 기본 공격은 모래 병사의 공격 범위 내에 있는 대상에게 가해집니다. 아지르와 모래 병사의 공격은 일직선 상의 적들에게 마법 피해를 입힙니다.
Azir,아지르,Azir,사막의 황제,Mage|Marksman,E,신기루,Shifting Sands,22/20.5/19/17.5/16,아지르에게 잠시 보호막이 생성되고 아지르가 모래 병사 중 하나에게 질주하여 적에게 피해를 입힙니다. 적 챔피언에게 부딪친 경우에는 배치 가능한 새로운 모래 병사를 즉시 준비하고 질주를 멈춥니다.
Azir,아지르,Azir,사막의 황제,Mage|Marksman,R,황제의 진영,Emperor's Divide,120/105/90,아지르가 일렬 횡대의 병사들을 앞으로 돌진시켜 적들을 밀어내고 피해를 입힙니다.
Bard,바드,Bard,영겁의 수호자,Support|Mage,P,방랑자의 부름,Traveler's Call,-,"정령: 바드에게 이끌려 모여든 정령들이 바드의 기본 공격을 도와 추가 마법 피해를 입힙니다. 바드가 고대의 종을 충분히 모으면 정령이 일정 영역에 피해를 입히며 적중당한 적을 둔화시킵니다. 고대의 종: 맵상의 무작위 장소에 바드가 모을 수 있는 고대의 종이 나타납니다. 고대의 종을 획득하면 경험치, 마나 회복 효과, 비전투 시 이동 속도를 얻습니다."
Bard,바드,Bard,영겁의 수호자,Support|Mage,Q,우주의 결속,Cosmic Binding,11/10/9/8/7,"바드가 투사체를 발사하여, 처음 적중하는 적을 둔화시키고 관통합니다. 관통한 후 벽을 맞히면 처음 적중한 적을 기절시킵니다. 관통 후 다른 적에게 적중하면 두 대상을 모두 기절시킵니다."
Bard,바드,Bard,영겁의 수호자,Support|Mage,W,수호자의 성소,Caretaker's Shrine,0,짧은 시간 동안 치유력이 증가하는 체력 회복 성소를 드러냅니다. 성소는 처음 발을 들이는 아군을 치유하고 속도를 높인 후 사라집니다.
Bard,바드,Bard,영겁의 수호자,Support|Mage,E,신비한 차원문,Magical Journey,22/20.5/19/17.5/16,바드가 근처 지형지물에 차원문을 엽니다. 아군과 적 챔피언이 모두 이 차원문을 이용해 정해진 방향으로 해당 지형지물을 통과할 수 있습니다.
Bard,바드,Bard,영겁의 수호자,Support|Mage,R,운명의 소용돌이,Tempered Fate,110/95/80,바드가 목표 지점에 영적 에너지를 발사하여 잠시 동안 모든 유닛과 포탑을 정지시킵니다.
Belveth,벨베스,Bel'Veth,공허의 여제,Fighter,P,연보랏빛 죽음 ,Death in Lavender ,-,벨베스가 대형 미니언과 몬스터 및 챔피언 처치에 관여한 후 공격 속도 영구 중첩을 얻습니다. 또한 스킬을 사용한 후 일시적인 추가 공격 속도를 얻습니다.
Belveth,벨베스,Bel'Veth,공허의 여제,Fighter,Q,공허 쇄도,Void Surge,4/3.25/2.5/1.75/1,벨베스가 선택한 방향으로 돌진해 경로상의 모든 적에게 피해를 입힙니다.
Belveth,벨베스,Bel'Veth,공허의 여제,Fighter,W,위와 아래,Above and Below,12/11/10/9/8,벨베스가 지면에 꼬리를 내리쳐 적에게 피해를 입히며 공중으로 띄워 올리고 둔화시킵니다.
Belveth,벨베스,Bel'Veth,공허의 여제,Fighter,E,여제의 소용돌이,Royal Maelstrom,24/21/18/15/12,벨베스가 제자리에 가만히 서서 정신을 집중하며 가장 체력이 낮은 적을 노리고 생명력 흡수와 피해량 감소 효과를 부여하는 칼바람 소용돌이를 일으킵니다.
Belveth,벨베스,Bel'Veth,공허의 여제,Fighter,R,끝없는 연회,Endless Banquet,1,"벨베스가 공허 산호 잔해를 소모해 본모습으로 변신하며 최대 체력, 공격 사거리, 공격 속도가 증가합니다. 공허 에픽 몬스터의 공허 산호 잔해를 소모하면 공허 빨판상어를 소환할 힘이 생깁니다."
Blitzcrank,블리츠크랭크,Blitzcrank,거대 증기 골렘,Tank|Support,P,마나 보호막,Mana Barrier,-,체력이 낮아지면 블리츠크랭크가 마나에 비례하여 보호막을 얻습니다.
Blitzcrank,블리츠크랭크,Blitzcrank,거대 증기 골렘,Tank|Support,Q,로켓 손,Rocket Grab,20/19/18/17/16,블리츠크랭크가 오른손을 발사하여 앞에 있는 적을 붙잡아 당기면서 피해를 입힙니다.
Blitzcrank,블리츠크랭크,Blitzcrank,거대 증기 골렘,Tank|Support,W,폭주,Overdrive,15,블리츠크랭크가 힘을 충전하여 이동 및 공격 속도를 크게 향상시킵니다. 이 효과가 끝나면 일시적으로 이동 속도가 느려집니다.
Blitzcrank,블리츠크랭크,Blitzcrank,거대 증기 골렘,Tank|Support,E,강철 주먹,Power Fist,7/6.5/6/5.5/5,블리츠크랭크가 주먹에 힘을 모아 다음 공격 시 적에게 두 배의 피해를 입히고 적을 공중으로 띄웁니다.
Blitzcrank,블리츠크랭크,Blitzcrank,거대 증기 골렘,Tank|Support,R,정전기장,Static Field,60/40/20,블리츠크랭크의 공격을 받은 적에게 표식을 남기고 1초 후 번개 피해를 입힙니다. 스킬 사용 시 주변 적의 보호막을 제거하고 피해를 입히며 잠시 침묵에 걸리게 합니다.
Brand,브랜드,Brand,타오르는 복수,Mage|Support,P,불길,Blaze,-,"브랜드의 스킬이 적을 불길로 휘감아, 4초 동안 피해를 줍니다. 불길은 세 번까지 중첩되며, 적이 불타는 동안 브랜드가 적을 처치하면 마나를 회복합니다. 챔피언이나 대형 몬스터에 불길이 세 번 중첩되면 불안정해져 2초 후 폭발하고, 근처 적에게 스킬 효과를 적용하며 막대한 피해를 입힙니다."
Brand,브랜드,Brand,타오르는 복수,Mage|Support,Q,불태우기,Sear,8/7.5/7/6.5/6,"브랜드가 불덩이를 발사하여 마법 피해를 입힙니다. 대상이 불타는 상태라면, 불태우기에 맞은 대상은 기절합니다."
Brand,브랜드,Brand,타오르는 복수,Mage|Support,W,화염 기둥,Pillar of Flame,10/9.5/9/8.5/8,잠시 후 목표 지점에 화염 기둥을 생성하여 해당 지역에 있는 적 유닛에게 마법 피해를 입힙니다. 불이 붙은 적은 25%의 추가 피해를 받습니다.
Brand,브랜드,Brand,타오르는 복수,Mage|Support,E,발화,Conflagration,13/12/11/10/9,브랜드가 목표에 강력한 폭발을 일으켜 마법 피해를 입힙니다. 폭발은 주변 적들에게 퍼집니다. 대상이 불타는 상태라면 발화의 전파 범위가 두 배가 됩니다.
Brand,브랜드,Brand,타오르는 복수,Mage|Support,R,파멸의 불덩이,Pyroclasm,100/90/80,"브랜드가 파괴적인 화염을 발사합니다. 화염은 브랜드와 주변 적들에게 최대 5번 튕기며, 튕길 때마다 마법 피해를 입힙니다. 화염은 불길 중첩이 적은 챔피언에게 우선적으로 튕깁니다. 불타고 있는 적이 파멸의 불덩이를 맞으면 잠깐 동안 이동 속도가 느려집니다."
Braum,브라움,Braum,프렐요드의 심장,Tank|Support,P,뇌진탕 펀치,Concussive Blows,-,브라움의 기본 공격은 뇌진탕 펀치를 적용시킵니다. 첫 번째 중첩이 적용된 후에는 아군의 기본 공격 역시 뇌진탕 펀치 중첩을 적용합니다. 중첩이 4번 쌓이면 대상은 기절하며 마법 피해를 입습니다. 다음 몇 초 동안은 중첩이 새로 쌓이지 않는 대신 브라움의 공격으로부터 추가 마법 피해를 입습니다.
Braum,브라움,Braum,프렐요드의 심장,Tank|Support,Q,동상,Winter's Bite,8/7.5/7/6.5/6,브라움이 방패에서 빙결을 뿜어내 둔화를 적용하고 마법 피해를 입힙니다. 뇌진탕 펀치 중첩이 1회 쌓입니다.
Braum,브라움,Braum,프렐요드의 심장,Tank|Support,W,내가 지킨다,Stand Behind Me,12/11/10/9/8,브라움이 대상 아군 챔피언이나 미니언에게 도약합니다. 대상에게 다다르면 브라움과 아군은 몇 초 동안 방어력과 마법 저항력이 오릅니다.
Braum,브라움,Braum,프렐요드의 심장,Tank|Support,E,불굴,Unbreakable,16/14/12/10/8,"브라움이 몇 초 동안 한 방향으로 방패를 들어 올려, 날아오는 투사체를 대신 맞고 파괴합니다. 첫 번째 공격은 아무 피해도 주지 않고, 이후 해당 방향에서 오는 공격은 피해량이 줄어듭니다."
Braum,브라움,Braum,프렐요드의 심장,Tank|Support,R,빙하 균열,Glacial Fissure,130/115/100,브라움이 지면을 내리쳐 부근과 전방 직선상의 적들을 띄워올립니다. 이 직선을 따라 균열이 가며 적들을 둔화시킵니다.
Briar,브라이어,Briar,억눌린 허기,Fighter|Assassin,P,진홍빛 저주,Crimson Curse,-,"브라이어는 기본 공격과 스킬로 중첩 가능한 출혈 효과를 적용하며, 출혈 피해의 일정 비율만큼 체력을 회복합니다. 늘 허기진 브라이어는 잃은 체력에 비례해 체력 회복량이 증가하는 대신 기본 체력 재생이 없습니다."
Briar,브라이어,Briar,억눌린 허기,Fighter|Assassin,Q,짜릿한 돌격,Head Rush,13/12/11/10/9,브라이어가 대상에게 도약 후 (고통의) 뒤꿈치로 적을 가격해 기절시키고 방어구를 깨부숩니다.
Briar,브라이어,Briar,억눌린 허기,Fighter|Assassin,W,핏빛 광분 / 식욕 폭발,Blood Frenzy / Snack Attack,14/13/12/11/10,브라이어가 앞으로 도약해 족쇄를 깨부수고 핏빛 광분 상태에 들어가 가장 가까운 적을 가차 없이 추격합니다. (챔피언 우선) 핏빛 광분 상태에서 공격 속도와 이동 속도가 상승하며 기본 공격으로 대상 주변에 피해를 입힙니다. 이 스킬을 핏빛 광분 상태에서 재사용하면 다음 기본 공격 시 적을 베어 먹어 대상이 잃은 체력에 비례해 추가 피해를 입히고 피해량에 비례해 체력을 회복합니다.
Briar,브라이어,Briar,억눌린 허기,Fighter|Assassin,E,오싹한 비명,Chilling Scream,16,"브라이어가 마음을 다잡아 핏빛 광분 상태에서 벗어나고, 힘을 모아 강력한 비명을 내질러 적에게 피해를 입히고 둔화시킵니다. 충전 중에는 받는 피해가 감소하고 최대 체력의 일정 비율만큼 회복합니다. 완전히 충전된 비명은 적을 뒤로 밀치고, 벽에 부딪히는 적에게 추가 피해를 입히며 기절시킵니다."
Briar,브라이어,Briar,억눌린 허기,Fighter|Assassin,R,불가항력적 죽음,Certain Death,120/100/80,"브라이어가 족쇄의 혈석을 발로 찬 다음, 혈석이 첫 번째로 적중한 챔피언을 먹잇감으로 지정하고 대상을 향해 날아갑니다. 착지 시 다른 주변 적을 공포에 빠트리고 피의 갈증에 완전히 사로잡힙니다. 이후 먹잇감을 죽을 때까지 쫓으며, 핏빛 광분 효과와 방어력, 마법 저항력, 생명력 흡수, 이동 속도를 추가로 얻습니다."
Caitlyn,케이틀린,Caitlyn,필트오버의 보안관,Marksman,P,헤드샷,Headshot,-,케이틀린은 덫 또는 투망에 걸린 대상을 공격할 때나 일정 횟수 이상의 기본 공격을 했을 때 헤드샷을 발사하여 치명타 확률에 비례한 추가 피해를 입힙니다. 덫에 걸리거나 투망에 맞은 대상에게는 케이틀린의 헤드샷 공격 사거리가 두 배가 됩니다.
Caitlyn,케이틀린,Caitlyn,필트오버의 보안관,Marksman,Q,필트오버 피스메이커,Piltover Peacemaker,10/9/8/7/6,케이틀린이 소총을 1초 동안 조준한 후 관통하는 탄환을 발사하여 물리 피해를 입힙니다. (다음 명중하는 대상에게는 더 낮은 피해가 들어갑니다.)
Caitlyn,케이틀린,Caitlyn,필트오버의 보안관,Marksman,W,요들잡이 덫,Yordle Snap Trap,0.5,"케이틀린이 함정을 설치합니다. 함정이 발동하면 함정에 걸린 적 챔피언은 1.5초간 모습이 드러나며 이동할 수 없게 되고, 케이틀린의 헤드샷이 강화됩니다."
Caitlyn,케이틀린,Caitlyn,필트오버의 보안관,Marksman,E,90구경 투망,90 Caliber Net,16/14/12/10/8,케이틀린이 무거운 그물을 발사하여 적을 느리게 합니다. 그 반동으로 케이틀린은 뒤로 밀려납니다.
Caitlyn,케이틀린,Caitlyn,필트오버의 보안관,Marksman,R,비장의 한 발,Ace in the Hole,90,케이틀린이 공을 들인 완벽한 사격을 하여 먼 거리에서 하나의 대상에게 큰 피해를 입힙니다. 적 챔피언이 자신의 아군을 위해 총알을 막아낼 수 있습니다.
Camille,카밀,Camille,강철의 그림자,Fighter|Assassin,P,적응형 방어 체계,Adaptive Defenses,-,챔피언에게 기본 공격 시 잠시 동안 카밀 최대 체력의 일부에 해당하는 피해를 흡수하는 보호막이 생깁니다. 적 챔피언이 어떤 피해를 주는지에 따라 물리 혹은 마법 보호막 중 하나만 생성됩니다.
Camille,카밀,Camille,강철의 그림자,Fighter|Assassin,Q,정확성 프로토콜,Precision Protocol,9/8/7/6/5,"카밀이 다음 기본 공격 시 추가 피해를 입히고 이동 속도가 증가합니다. 이 스킬은 사용 후 일정 시간 동안 재사용할 수 있으며, 잠시 기다렸다가 재사용하면 추가 피해량이 크게 증가합니다."
Camille,카밀,Camille,강철의 그림자,Fighter|Assassin,W,전술적 휩쓸기,Tactical Sweep,12/11.5/11/10.5/10,"카밀이 잠시 후 전방을 원뿔형으로 휩쓸어 피해를 입힙니다. 원뿔의 바깥쪽 절반에 있는 적은 이동 속도가 느려지고 추가 피해를 입으며, 카밀의 체력을 회복시킵니다."
Camille,카밀,Camille,강철의 그림자,Fighter|Assassin,E,갈고리 발사,Hookshot,16/15/14/13/12,카밀이 벽으로 자신을 끌어당겼다가 다시 도약해 착지 시 적 챔피언들을 기절시킵니다.
Camille,카밀,Camille,강철의 그림자,Fighter|Assassin,R,마법공학 최후통첩,The Hextech Ultimatum,140/115/90,카밀이 대상 챔피언에게 돌진해 일정 지역 내에 가둡니다. 대상에게 기본 공격 시 추가 마법 피해를 입힙니다.
Cassiopeia,카시오페아,Cassiopeia,독사의 포옹,Mage,P,독사의 품격,Serpentine Grace,-,카시오페아의 모든 이동 속도 추가 효과가 증가합니다.
Cassiopeia,카시오페아,Cassiopeia,독사의 포옹,Mage,Q,맹독 폭발,Noxious Blast,3.5,카시오페아가 잠시 후 대상 지역에 독을 폭발시킵니다. 적 챔피언이 독에 맞을 경우 카시오페아의 이동 속도가 증가합니다.
Cassiopeia,카시오페아,Cassiopeia,독사의 포옹,Mage,W,독기의 늪,Miasma,24/22/20/18/16,카시오페아가 독구름을 일으킵니다. 독구름을 통과하는 적은 약간의 피해를 입고 이동 속도가 느려지며 늪에 빠져 이동 스킬을 사용할 수 없게 됩니다.
Cassiopeia,카시오페아,Cassiopeia,독사의 포옹,Mage,E,쌍독니,Twin Fang,0.75,카시오페아가 대상에게 강력한 공격을 가하고 그 피해량에 비례해 자신의 체력을 회복합니다. 적이 독에 중독되면 피해량이 상승하며 적이 처치될 경우 카시오페아의 마나가 회복됩니다.
Cassiopeia,카시오페아,Cassiopeia,독사의 포옹,Mage,R,석화의 응시,Petrifying Gaze,120/100/80,"카시오페아가 눈에서 마법의 에너지를 발사하여 정면에서 자신을 바라보는 적을 기절시키고, 등지고 있는 적의 속도를 늦춥니다."
Chogath,초가스,Cho'Gath,공허의 공포,Tank|Mage,P,육식,Carnivore,-,초가스는 유닛을 죽이면 체력과 마나를 회복합니다. 회복량은 초가스의 레벨이 높아질수록 증가합니다.
Chogath,초가스,Cho'Gath,공허의 공포,Tank|Mage,Q,파열,Rupture,6,선택한 지역의 지면을 파열시켜 해당 지역에 있는 적을 공중으로 띄워 피해를 입히고 이동 속도를 늦춥니다.
Chogath,초가스,Cho'Gath,공허의 공포,Tank|Mage,W,흉포한 울부짖음,Feral Scream,11/10.5/10/9.5/9,초가스가 원뿔 형태의 지역에 무시무시한 비명을 질러 마법 피해를 입히고 몇 초 동안 적을 침묵시킵니다.
Chogath,초가스,Cho'Gath,공허의 공포,Tank|Mage,E,날카로운 가시,Vorpal Spikes,8/7/6/5/4,초가스가 공격할 때마다 치명적인 가시가 발사되어 정면에 있는 모든 적에게 피해를 입히고 둔화시킵니다.
Chogath,초가스,Cho'Gath,공허의 공포,Tank|Mage,R,포식,Feast,80/70/60,적 유닛을 먹어치워 적의 방어력을 무시하고 큰 고정 피해를 입힙니다. 대상을 처치하면 초가스가 성장하며 최대 체력이 증가합니다.
Corki,코르키,Corki,대담한 폭격수,Marksman|Mage,P,마법공학 탄약,Hextech Munitions,-,코르키의 기본 공격 피해량의 일부가 추가 고정 피해로 전환됩니다.
Corki,코르키,Corki,대담한 폭격수,Marksman|Mage,Q,인광탄,Phosphorus Bomb,9/8.5/8/7.5/7,"코르키가 지정한 위치에 인광탄을 던져, 해당 지역 안의 적들에게 마법 피해를 입힙니다. 또한, 이 공격은 지속시간 동안 해당 지역의 유닛들을 드러내 줍니다."
Corki,코르키,Corki,대담한 폭격수,Marksman|Mage,W,발키리,Valkyrie,20/18/16/14/12,"코르키가 목표 위치로 비행하며 폭탄을 투하하여 불타는 흔적을 남겨, 그 안에 있는 적에게 피해를 입힙니다."
Corki,코르키,Corki,대담한 폭격수,Marksman|Mage,E,개틀링 건,Gatling Gun,12,코르키가 정면에 원뿔 형태로 개틀링 건을 발사하여 적의 방어력과 마법 저항력을 낮추고 피해를 입힙니다.
Corki,코르키,Corki,대담한 폭격수,Marksman|Mage,R,미사일 폭격,Missile Barrage,2,"코르키가 목표 지점에 충돌 시 폭발하는 미사일을 발사하여 해당 지역에 있는 적들에게 피해를 입힙니다. 코르키는 시간이 지날수록 미사일을 저장하여 최대치까지 장전해 둘 수 있습니다. 3번째 발사하는 미사일은 '큰 놈'으로, 추가 피해를 입힙니다."
Darius,다리우스,Darius,녹서스의 실력자,Fighter|Tank,P,과다출혈,Hemorrhage,-,다리우스의 기본 공격과 스킬 공격은 적에게 출혈을 일으켜 5초 동안 물리 피해를 입힙니다. 최대 5회까지 중첩됩니다. 최대 중첩 시 다리우스가 분노하며 공격력이 크게 증가합니다.
Darius,다리우스,Darius,녹서스의 실력자,Fighter|Tank,Q,학살,Decimate,9/8/7/6/5,다리우스가 도끼를 큰 원의 형태로 휘두릅니다. 도끼날에 맞은 적들은 도끼자루에 맞은 적들보다 더 큰 피해를 입습니다. 다리우스는 도끼날에 맞은 적 챔피언과 대형 몬스터의 수에 비례하여 체력이 회복됩니다.
Darius,다리우스,Darius,녹서스의 실력자,Fighter|Tank,W,마비의 일격,Crippling Strike,5,다리우스의 다음 공격은 적의 대동맥을 가격합니다. 적들이 출혈을 일으키면서 이동 속도가 감소합니다.
Darius,다리우스,Darius,녹서스의 실력자,Fighter|Tank,E,포획,Apprehend,26/23.5/21/18.5/16,"다리우스가 도끼날을 날카롭게 세워, 물리 피해를 가할 때 대상의 방어력 중 일정 비율을 무시합니다. 스킬을 사용하면 다리우스가 도끼의 갈고리 부분으로 적들을 휘감아 자기 쪽으로 끌어당깁니다."
Darius,다리우스,Darius,녹서스의 실력자,Fighter|Tank,R,녹서스의 단두대,Noxian Guillotine,120/100/80,"다리우스가 적 챔피언에게 뛰어올라 치명적 타격을 가해 고정 피해를 입힙니다. 대상에 중첩된 과다출혈에 비례하여 피해량이 증가합니다. 녹서스의 단두대로 적을 처치하는 경우, 잠시 동안 재사용 대기시간이 초기화됩니다."
Diana,다이애나,Diana,차가운 달의 분노,Fighter|Assassin,P,서늘한 달빛 검,Moonsilver Blade,-,3번째 공격마다 근처 적들을 베어 추가 마법 피해를 입힙니다. 스킬 사용 후 5초 동안 공격 속도가 증가합니다.
Diana,다이애나,Diana,차가운 달의 분노,Fighter|Assassin,Q,초승달 검기,Crescent Strike,8/7.5/7/6.5/6,달 에너지를 휘어지게 발사하여 마법 피해를 입힙니다. 적중당한 적들은 은신 상태가 아닐 경우 달빛을 받아 3초 동안 위치가 노출됩니다.
Diana,다이애나,Diana,차가운 달의 분노,Fighter|Assassin,W,은빛 가호,Pale Cascade,15/13.5/12/10.5/9,다이애나가 주위를 돌면서 적에게 접촉하면 폭발하여 해당 지역에 피해를 주는 세 개의 구체를 생성합니다. 또한 잠시 동안 피해를 흡수하는 보호막을 얻습니다. 보호막은 세 번째 구체가 폭발하면 위력이 더 커집니다.
Diana,다이애나,Diana,차가운 달의 분노,Fighter|Assassin,E,월광 쇄도,Lunar Rush,22/20/18/16/14,"복수심에 불타는 달의 화신이 되어, 적에게 돌진하여 마법 피해를 입힙니다. 달빛 효과를 받고 있는 대상에게 돌진한 경우, 월광 쇄도를 즉시 한 번 더 사용할 수 있습니다. 이 때, 다른 모든 적들은 월광 쇄도의 대상이 아니었더라도 달빛 효과가 사라집니다."
Diana,다이애나,Diana,차가운 달의 분노,Fighter|Assassin,R,달빛 낙하,Moonfall,100/90/80,다이애나가 주위 모든 적을 드러내 끌어당긴 다음 이동 속도를 늦춥니다. 다이애나가 한 명 이상의 적 챔피언을 끌어당기면 잠시 후 달빛을 받아 자신의 주변 지역에 마법 피해를 입힙니다. 이 효과는 적 한 명을 추가로 끌어당길 때마다 피해량이 증가합니다.
DrMundo,문도 박사,Dr. Mundo,자운의 광인,Tank|Fighter,P,가고 싶은 데로 간다,Goes Where He Pleases,-,"문도 박사가 처음으로 적중하는 이동 불가 효과에 저항하며, 체력을 잃고 근처에 화학 물질이 든 통을 떨어뜨립니다. 통 위로 이동하면 통을 주워 체력을 회복하고 이 스킬의 재사용 대기시간을 줄입니다. 또한 문도 박사의 체력 재생이 크게 증가합니다."
DrMundo,문도 박사,Dr. Mundo,자운의 광인,Tank|Fighter,Q,오염된 뼈톱,Infected Bonesaw,4,문도 박사가 오염된 뼈톱을 던져 처음 맞는 적에게 적 현재 체력에 비례한 피해를 입히고 둔화 효과를 적용합니다.
DrMundo,문도 박사,Dr. Mundo,자운의 광인,Tank|Fighter,W,심장 전기 충격,Heart Zapper,17/16.5/16/15.5/15,문도 박사가 스스로를 감전시켜 주변 적에게 지속 피해를 입히고 자신이 입는 피해의 일부를 저장합니다. 지속시간이 끝나거나 다시 사용하면 주변 적에게 큰 피해를 입힙니다. 적에게 적중 시 저장한 피해의 일부를 체력으로 회복합니다.
DrMundo,문도 박사,Dr. Mundo,자운의 광인,Tank|Fighter,E,둔기에 의한 외상,Blunt Force Trauma,9/8.25/7.5/6.75/6,기본 지속 효과 - 문도 박사가 최대 체력에 비례하여 추가 공격력을 얻습니다. 사용 시 - 문도 박사가 적에게 왕진 가방을 내리쳐 자신이 잃은 체력에 비례한 추가 피해를 입힙니다. 이때 처치된 적은 밀려나며 지나치는 적에게 피해를 입힙니다.
DrMundo,문도 박사,Dr. Mundo,자운의 광인,Tank|Fighter,R,최대 투여량,Maximum Dosage,120,"문도 박사가 화학 물질을 투여하여 잃은 체력의 일부를 즉시 회복합니다. 이후 이동 속도를 얻고, 긴 지속시간에 걸쳐 최대 체력의 일부만큼 체력을 회복합니다."
Draven,드레이븐,Draven,화려한 처형자,Marksman,P,드레이븐의 리그,League of Draven,-,드레이븐이 회전 도끼를 받아내거나 미니언 또는 몬스터를 처치하고 포탑을 철거하면 팬들의 환호를 받습니다. 적 챔피언을 처치하면 지금까지 얻은 팬들의 환호에 비례해 추가 골드를 획득합니다.
Draven,드레이븐,Draven,화려한 처형자,Marksman,Q,회전 도끼,Spinning Axe,12/11/10/9/8,드레이븐의 다음 공격이 추가 물리 피해를 입힙니다. 이 도끼는 대상에게 맞고 튕겨 나가 공중에 뜹니다. 공중에 뜬 도끼를 회수하면 자동으로 회전 도끼를 재사용할 수 있게 됩니다. 드레이븐은 한번에 2개의 도끼를 사용할 수 있습니다.
Draven,드레이븐,Draven,화려한 처형자,Marksman,W,광기의 피,Blood Rush,12,드레이븐의 이동 속도와 공격 속도가 증가합니다. 이동 속도 증가 효과는 시간이 지날수록 급격하게 감소합니다. 드레이븐이 회전 도끼를 회수하면 광기의 피 재사용 대기시간이 초기화됩니다.
Draven,드레이븐,Draven,화려한 처형자,Marksman,E,비켜서라,Stand Aside,16/15/14/13/12,"드레이븐이 도끼를 던져 물리 피해를 입히며, 도끼에 맞은 적들을 옆으로 밀어냅니다. 타격을 받은 대상들은 이동 속도가 감소합니다."
Draven,드레이븐,Draven,화려한 처형자,Marksman,R,죽음의 소용돌이,Whirling Death,100/90/80,"드레이븐이 두 개의 거대한 도끼를 던져 맞은 적 각각에게 물리 피해를 입힙니다. 죽음의 소용돌이는 적 챔피언을 하나 맞힌 다음 서서히 방향을 바꿔 드레이븐에게 돌아옵니다. 도끼가 나아가는 동안 스킬을 재사용하면 더 빠르게 회수할 수 있습니다. 유닛 하나를 관통할 때마다 피해량이 줄어들지만, 되돌아올 때는 피해량이 최대로 회복됩니다. 팬들의 환호 중첩 수보다 체력이 낮은 적은 처형됩니다."
Ekko,에코,Ekko,시간을 달리는 소년,Assassin|Mage,P,Z 드라이브 공진,Z-Drive Resonance,-,"같은 대상에 대한 세 번째 기본 공격 및 스킬 공격마다 추가 마법 피해를 입힙니다. 대상이 챔피언일 경우, 에코의 이동 속도가 상승합니다."
Ekko,에코,Ekko,시간을 달리는 소년,Assassin|Mage,Q,시간의 톱니바퀴,Timewinder,9/8.5/8/7.5/7,"에코가 적 챔피언에게 맞으면 펼쳐져서 시간 왜곡 지대를 만들고, 지대 안에 있는 적 모두를 둔화시키며 피해를 입히는 시간 톱니바퀴를 던집니다. 잠시 후 톱니바퀴는 되감겨 에코에게 돌아오며, 경로 상에 있는 적에게 피해를 입힙니다."
Ekko,에코,Ekko,시간을 달리는 소년,Assassin|Mage,W,평행 시간 교차,Parallel Convergence,22/20/18/16/14,"에코의 기본 공격이 체력이 낮은 적에게 추가 마법 피해를 입힙니다. 에코가 평행 시간 교차를 사용하면 시간의 균열을 열어 몇 초 후에 퍼져나가는 불안정한 특이점을 만들어내며, 이 안에 갇힌 적들을 둔화시킵니다. 에코가 특이점 안에 들어가면 자신은 보호막을 얻으며, 적들의 시간을 멈추며 기절시킵니다."
Ekko,에코,Ekko,시간을 달리는 소년,Assassin|Mage,E,시간 도약,Phase Dive,9/8.5/8/7.5/7,에코가 회피하며 굴러 Z 드라이브를 충전합니다. 다음 번 공격은 추가 피해를 입히며 시공간을 왜곡하여 에코가 대상 쪽으로 순간이동합니다.
Ekko,에코,Ekko,시간을 달리는 소년,Assassin|Mage,R,시공간 붕괴,Chronobreak,110/80/50,"에코가 시공간을 붕괴시켜 대상으로 지정할 수 없게 되며 더 유리한 지점으로 시간을 되돌립니다. 몇 초 전 아무 때로나 돌아가며, 이 동안 입은 피해의 일부가 회복됩니다. 에코가 착지하는 지역 부근의 적들은 큰 피해를 입습니다."
Elise,엘리스,Elise,거미 여왕,Assassin|Mage,P,거미 여왕,Spider Queen,-,"인간 형태: 엘리스의 스킬이 적에 적중하면 휴면 상태의 새끼 거미가 생깁니다. 거미 형태: 기본 공격 시 추가 마법 피해를 입히고, 엘리스의 체력이 회복됩니다."
Elise,엘리스,Elise,거미 여왕,Assassin|Mage,Q,신경독 / 독이빨,Neurotoxin / Venomous Bite,6,"인간 형태: 대상 적의 체력에 비례하여 피해를 입힙니다. 거미 형태: 적 하나를 덮쳐, 적이 잃은 체력에 비례하여 피해를 입힙니다."
Elise,엘리스,Elise,거미 여왕,Assassin|Mage,W,위험한 새끼 거미 / 광란의 질주,Volatile Spiderling / Skittering Frenzy,12,인간 형태: 독을 품은 새끼 거미를 풀어놓으면 대상 적 근처에 가서 터집니다. 거미 형태: 엘리스와 새끼 거미들의 공격 속도가 상승합니다.
Elise,엘리스,Elise,거미 여왕,Assassin|Mage,E,고치 / 줄타기,Cocoon / Rappel,12/11.5/11/10.5/10,인간 형태: 처음 적중한 적 유닛을 기절시키고 은신 상태가 아닐 경우 모습을 드러내 줍니다. 거미 형태: 엘리스와 새끼 거미들이 공중으로 올라간 다음 적에게 하강해 덮칩니다. 적을 덮친 후 거미 여왕의 추가 피해량과 회복량이 증가합니다.
Elise,엘리스,Elise,거미 여왕,Assassin|Mage,R,거미 형태,Spider Form,3,"무서운 거미로 변해 공격 사거리가 줄어드는 대신 이동 속도가 상승하며, 새로운 스킬을 사용하고, 새끼 거미 떼가 적을 공격합니다."
Evelynn,이블린,Evelynn,고통스런 포옹,Assassin|Mage,P,악의 장막,Demon Shade,-,이블린은 전투에서 벗어나 있을 때 악의 장막에 휩싸입니다. 악의 장막에 싸이면 낮은 체력에서 체력이 회복되며 6레벨부터는 위장 효과도 제공합니다.
Evelynn,이블린,Evelynn,고통스런 포옹,Assassin|Mage,Q,증오의 가시,Hate Spike,4,이블린이 가시를 발사해 처음 적중한 유닛에게 피해를 줍니다. 그다음 근처 적에게 일직선상의 가시를 몇 차례 발사할 수 있습니다.
Evelynn,이블린,Evelynn,고통스런 포옹,Assassin|Mage,W,황홀한 저주,Allure,15/14/13/12/11,이블린이 대상에게 저주를 겁니다. 이 대상에게 공격 또는 스킬을 시전하면 잠시 후 매혹 효과가 발동되며 대상의 마법 저항력이 감소합니다.
Evelynn,이블린,Evelynn,고통스런 포옹,Assassin|Mage,E,채찍유린,Whiplash,8,이블린이 대상을 가격하여 피해를 줍니다. 이후 짧은 시간 동안 이동 속도가 증가합니다.
Evelynn,이블린,Evelynn,고통스런 포옹,Assassin|Mage,R,최후의 포옹,Last Caress,120/100/80,이블린이 잠시 대상으로 지정할 수 없게 되며 전방 범위 내의 적에게 피해를 준 다음 순간적으로 뒤쪽으로 이동합니다.
Ezreal,이즈리얼,Ezreal,무모한 탐험가,Marksman|Mage,P,끓어오르는 주문의 힘,Rising Spell Force,-,이즈리얼이 스킬을 적중시킬 때마다 공격 속도가 증가합니다. (최대 5회 중첩)
Ezreal,이즈리얼,Ezreal,무모한 탐험가,Marksman|Mage,Q,신비한 화살,Mystic Shot,5.5/5.25/5/4.75/4.5,이즈리얼이 에너지로 이루어진 화살을 발사합니다. 적 유닛에게 명중하면 모든 스킬의 재사용 대기시간이 약간 감소합니다.
Ezreal,이즈리얼,Ezreal,무모한 탐험가,Marksman|Mage,W,정수의 흐름,Essence Flux,8,이즈리얼이 구체를 발사해 처음으로 적중한 챔피언이나 목표물에 남아있게 합니다. 구체에 적중된 적을 공격하면 구체가 폭발하며 피해를 입힙니다.
Ezreal,이즈리얼,Ezreal,무모한 탐험가,Marksman|Mage,E,비전 이동,Arcane Shift,26/23/20/17/14,이즈리얼이 목표 위치로 순간이동하여 가장 가까운 적을 향해 유도 화살을 발사합니다. 정수의 흐름에 맞은 대상을 우선적으로 공격합니다.
Ezreal,이즈리얼,Ezreal,무모한 탐험가,Marksman|Mage,R,정조준 일격,Trueshot Barrage,120/105/90,이즈리얼이 힘을 모은 후 강력한 에너지를 발사해 관통하는 적 모두에게 큰 피해를 입힙니다. (에픽 몬스터를 제외한 몬스터와 미니언 대상으로는 피해량이 감소합니다.)
Fiddlesticks,피들스틱,Fiddlesticks,오래된 공포,Mage|Support,P,무해한 허수아비,A Harmless Scarecrow,-,피들스틱의 장신구는 허수아비로 대체됩니다.
Fiddlesticks,피들스틱,Fiddlesticks,오래된 공포,Mage|Support,Q,공포,Terrify,15/14.5/14/13.5/13,피들스틱이 적의 시야에 보이지 않을 때 적에게 스킬로 피해를 입히거나 공포를 사용하면 대상을 공포에 질리게 하여 일정 시간 도망치게 합니다.
Fiddlesticks,피들스틱,Fiddlesticks,오래된 공포,Mage|Support,W,풍작,Bountiful Harvest,10/9.5/9/8.5/8,피들스틱이 주변 적의 체력을 흡수합니다. 지속시간이 끝날 때 잃은 체력에 비례한 추가 피해를 입힙니다.
Fiddlesticks,피들스틱,Fiddlesticks,오래된 공포,Mage|Support,E,수확,Reap,10/9/8/7/6,피들스틱이 넓은 범위를 낫으로 베어 적중한 모든 적을 둔화시키고 가운데에 있는 적을 침묵시킵니다.
Fiddlesticks,피들스틱,Fiddlesticks,오래된 공포,Mage|Support,R,까마귀 폭풍,Crowstorm,140/110/80,피들스틱 주변을 까마귀 떼가 헤집고 다니며 매초 해당 지역에 있는 모든 적 유닛에게 피해를 입힙니다.
Fiora,피오라,Fiora,결투의 대가,Fighter|Assassin,P,치명적인 검무,Duelist's Dance,-,피오라가 챔피언의 급소 하나를 드러냅니다. 급소를 가격하면 체력을 회복하고 이동 속도가 상승합니다.
Fiora,피오라,Fiora,결투의 대가,Fighter|Assassin,Q,찌르기,Lunge,13/11.25/9.5/7.75/6,피오라가 한 방향으로 돌진하며 근처 적 하나를 찔러 물리 피해를 입히고 적중 시 효과를 적용합니다.
Fiora,피오라,Fiora,결투의 대가,Fighter|Assassin,W,응수,Riposte,24/22/20/18/16,"피오라가 잠시 동안 받는 모든 공격과 이동 불가 효과를 막아낸 다음 대상이 있는 방향으로 검을 찌릅니다. 이 공격은 처음 맞은 적 챔피언을 둔화시키고, 피오라가 이동 불가 효과를 막아낼 경우 공격한 상대를 기절시킵니다."
Fiora,피오라,Fiora,결투의 대가,Fighter|Assassin,E,대가의 검술,Bladework,11/10/9/8/7,"피오라는 다음 두 번의 공격에 대해 공격 속도가 상승합니다. 첫 번째 공격은 대상을 둔화시키고, 두 번째 공격은 치명타가 됩니다."
Fiora,피오라,Fiora,결투의 대가,Fighter|Assassin,R,대결투,Grand Challenge,110/90/70,피오라가 적 챔피언의 급소 네 군데를 모두 드러내고 해당 적 근처에서 이동 속도가 증가합니다. 피오라가 급소 네 군데를 모두 가격하거나 한 군데라도 가격한 후 대상이 죽으면 다음 몇 초 동안 피오라와 주변 지역에 있는 아군이 치유됩니다.
Fizz,피즈,Fizz,대양의 말썽꾸러기,Assassin|Fighter,P,영리한 싸움꾼,Nimble Fighter,-,피즈는 유닛을 통과할 수 있으며 모든 공격으로부터 받는 피해가 고정된 수치만큼 감소합니다.
Fizz,피즈,Fizz,대양의 말썽꾸러기,Assassin|Fighter,Q,성게 찌르기,Urchin Strike,8/7.5/7/6.5/6,피즈가 대상을 뚫고 지나가며 마법 피해를 줍니다. 적중 시 효과도 적용됩니다.
Fizz,피즈,Fizz,대양의 말썽꾸러기,Assassin|Fighter,W,심해석 삼지창,Seastone Trident,7/6/5/4/3,"피즈가 적을 공격하면 출혈 효과가 적용되어 몇 초 동안 마법 피해를 입힙니다. 피즈의 다음 기본 공격이 추가 피해를 입히며, 이후 공격이 잠시 동안 강화됩니다."
Fizz,피즈,Fizz,대양의 말썽꾸러기,Assassin|Fighter,E,장난치기 / 재간둥이,Playful / Trickster,16/14/12/10/8,피즈가 자신의 창 위로 뛰어올라 목표로 지정할 수 없게 됩니다. 이 상태에서 피즈는 땅을 내리치거나 다시금 뛰어오를 수 있습니다.
Fizz,피즈,Fizz,대양의 말썽꾸러기,Assassin|Fighter,R,미끼 뿌리기,Chum the Waters,120/100/80,"피즈가 지정한 방향으로 마법 물고기를 풀어놓으면, 이 물고기를 건드리는 챔피언에게 들러붙어 이동 속도를 늦춥니다. 잠시 후 상어가 땅 밑에서 튀어나와 대상을 띄워올리며 주변에 있는 적은 옆으로 밀어냅니다. 상어에게 맞은 적은 모두 마법 피해를 입으며 속도가 느려집니다."
Galio,갈리오,Galio,위대한 석상,Tank|Mage,P,석상의 강타,Colossal Smash,-,몇 초마다 갈리오의 다음 기본 공격이 일정 영역에 추가 마법 피해를 입힙니다.
Galio,갈리오,Galio,위대한 석상,Tank|Mage,Q,전장의 돌풍,Winds of War,11/10/9/8/7,갈리오가 두 개의 돌풍을 발사해 지속 피해를 입히는 거대한 소용돌이를 만듭니다.
Galio,갈리오,Galio,위대한 석상,Tank|Mage,W,듀란드의 방패,Shield of Durand,18/17/16/15/14,갈리오가 방어 태세를 갖추며 움직임이 느려집니다. 스킬을 다시 사용하면 근처의 적을 모두 도발하고 피해를 줍니다.
Galio,갈리오,Galio,위대한 석상,Tank|Mage,E,정의의 주먹,Justice Punch,11/10/9/8/7,갈리오가 잠시 뒤로 물러났다가 돌진하며 처음으로 충돌한 적 챔피언을 공중으로 띄웁니다.
Galio,갈리오,Galio,위대한 석상,Tank|Mage,R,영웅출현,Hero's Entrance,180/160/140,"갈리오가 아군이 있는 위치를 착지 지점으로 정해, 해당 지점 주변의 모든 아군에게 마법 보호막을 씌웁니다. 잠시 후 해당 지역에 착지하여 근처의 적을 공중으로 띄웁니다."
Gangplank,갱플랭크,Gangplank,바다의 무법자,Fighter,P,불의 심판,Trial by Fire,-,몇 초에 한 번씩 갱플랭크의 근접 공격이 적에게 불을 붙입니다.
Gangplank,갱플랭크,Gangplank,바다의 무법자,Fighter,Q,혀어어어업상,Parrrley,4.5,대상에게 총을 발사해 처치한 적 유닛마다 골드를 약탈합니다.
Gangplank,갱플랭크,Gangplank,바다의 무법자,Fighter,W,괴혈병 치료,Remove Scurvy,22/20/18/16/14,귤을 먹어서 군중 제어 효과를 제거하고 체력을 회복합니다.
Gangplank,갱플랭크,Gangplank,바다의 무법자,Fighter,E,화약통,Powder Keg,0,갱플랭크가 대상 위치에 화약통을 비치합니다. 갱플랭크가 이 통을 공격하면 폭발하여 주위 적들에게 피해를 입히며 둔화를 적용합니다.
Gangplank,갱플랭크,Gangplank,바다의 무법자,Fighter,R,포탄 세례,Cannon Barrage,160/140/120,갱플랭크가 특정 지역을 포격하도록 배에 신호하여 적의 이동 속도를 늦추며 피해를 입힙니다.
Garen,가렌,Garen,데마시아의 힘,Fighter|Tank,P,인내심,Perseverance,-,가렌이 잠시 적의 기본 공격 및 스킬 공격에 맞지 않으면 1초마다 총 체력의 일정 비율씩 회복됩니다.
Garen,가렌,Garen,데마시아의 힘,Fighter|Tank,Q,결정타,Decisive Strike,8,가렌의 이동 속도가 큰 폭으로 증가하고 현재 걸려 있는 모든 둔화 효과가 제거됩니다. 가렌의 다음 공격은 적의 급소를 가격하여 추가 피해를 입히고 침묵시킵니다.
Garen,가렌,Garen,데마시아의 힘,Fighter|Tank,W,용기,Courage,22/19.5/17/14.5/12,가렌은 적을 처치하면 기본 지속 효과로 방어력과 마법 저항력이 증가합니다. 또한 효과가 활성화되면 잠시 동안 보호막과 강인함이 부여되며 이후에는 좀 더 긴 시간 동안 받는 피해량 감소 효과가 약하게 적용됩니다.
Garen,가렌,Garen,데마시아의 힘,Fighter|Tank,E,심판,Judgment,9/8.25/7.5/6.75/6,가렌이 검을 들고 빠르게 회전하여 주변 적에게 물리 피해를 입힙니다.
Garen,가렌,Garen,데마시아의 힘,Fighter|Tank,R,데마시아의 정의,Demacian Justice,120/100/80,가렌이 적 챔피언을 처단할 데마시아의 힘을 소환합니다.
Gnar,나르,Gnar,잃어버린 고리,Fighter|Tank,P,분노 유전자,Rage Gene,-,나르는 전투 중 분노가 생성됩니다. 분노가 최고치에 도달하면 다음번 스킬을 사용할 때 메가 나르로 변신하여 생존력이 커지고 스킬이 바뀝니다.
Gnar,나르,Gnar,잃어버린 고리,Fighter|Tank,Q,부메랑 던지기 / 돌덩이 던지기,Boomerang Throw / Boulder Toss,16/14.5/13/11.5/10,"나르가 부메랑을 던지면 맞힌 적에게 피해를 입히고 속도를 늦춘 다음 나르에게 돌아옵니다. 나르가 부메랑을 받으면 재사용 대기시간이 감소합니다. 메가 나르는 돌덩어리를 던져 주위 모두에게 피해를 입히고 속도를 늦춥니다. 던져진 돌덩어리는 적에게 맞으면 그 자리에 멈추며, 메가 나르가 다시 집어들면 재사용 대기시간이 감소합니다."
Gnar,나르,Gnar,잃어버린 고리,Fighter|Tank,W,슝슝 / 쿵쾅,Hyper / Wallop,7,"나르는 기본 공격과 스킬 공격을 하면 신이 나서 추가 피해를 입히며 이동 속도가 상승합니다. 메가 나르는 너무 분노해 있어서, 뒷발로 일어나서 전방을 꽝 내리치며 일정 범위 안의 적들을 기절시킵니다."
Gnar,나르,Gnar,잃어버린 고리,Fighter|Tank,E,폴짝 / 우지끈,Hop / Crunch,22/19.5/17/14.5/12,"나르가 대상 지점으로 폴짝 뛰며, 유닛의 머리 위에 착지하는 경우에는 튕겨서 더 멀리 날아갑니다. 메가 나르는 튕겨가기에는 너무 커서, 대신 착지한 지면에 균열을 일으키고 주위 일정 반경에 피해를 입힙니다."
Gnar,나르,Gnar,잃어버린 고리,Fighter|Tank,R,나르!,GNAR!,90/60/30,메가 나르가 선택한 방향으로 주위 모두를 집어던져 피해를 입히고 속도를 늦춥니다. 벽에 부딪힌 적은 기절하며 추가 피해를 입습니다.
Gragas,그라가스,Gragas,술취한 난동꾼,Fighter|Mage,P,서비스 시간,Happy Hour,-,그라가스가 스킬을 사용하면 주기적으로 체력을 회복합니다.
Gragas,그라가스,Gragas,술취한 난동꾼,Fighter|Mage,Q,술통 굴리기,Barrel Roll,10/9/8/7/6,"그라가스가 술통을 굴려 폭발시킵니다. 술통은 4초 뒤 자동으로 폭발하며 스킬을 다시 사용하여 직접 폭발시킬 수도 있습니다. 술통이 오래 남아 있을수록 위력이 증가하며, 폭발에 맞은 적은 둔화됩니다."
Gragas,그라가스,Gragas,술취한 난동꾼,Fighter|Mage,W,취중 분노,Drunken Rage,5,그라가스가 1초 동안 가장 최근에 주조한 술을 맛봅니다. 술을 맛본 그라가스는 요란하고 난폭해져 받는 피해가 줄어들고 다음번 기본 공격 시 근처의 모든 대상에게 추가 마법 피해를 입힙니다.
Gragas,그라가스,Gragas,술취한 난동꾼,Fighter|Mage,E,몸통 박치기,Body Slam,14/13.5/13/12.5/12,그라가스가 지정한 위치로 몸을 날려 가장 먼저 부딪히는 적과 그 주변의 다른 적 유닛에게 피해를 주며 기절시킵니다.
Gragas,그라가스,Gragas,술취한 난동꾼,Fighter|Mage,R,술통 폭발,Explosive Cask,100/85/70,"그라가스가 술통을 지정한 위치에 던져, 폭발 반경 내의 적들에게 피해를 입히고 멀리 밀어냅니다."
Graves,그레이브즈,Graves,무법자,Marksman,P,새로운 운명,New Destiny,-,그레이브즈의 산탄총에는 몇 가지 특징이 있습니다. 총탄이 떨어지면 총을 새로 장전해야 합니다. 공격 시 4개의 탄환이 발사되며 유닛을 관통해서 공격할 수 없습니다. 챔피언이 아닌 유닛이 탄환을 여러 개 맞으면 뒤로 밀려납니다.
Graves,그레이브즈,Graves,무법자,Marksman,Q,화약 역류,End of the Line,13/11.25/9.5/7.75/6,그레이브즈가 탄환을 발사합니다. 탄환은 발사 1초 뒤 또는 지형에 충돌 시 폭발합니다.
Graves,그레이브즈,Graves,무법자,Marksman,W,연막탄,Smoke Screen,26/24/22/20/18,그레이브즈가 목표 지점에 연막탄을 발사하여 시야를 좁히는 연기 구름을 만들어냅니다. 처음으로 연막탄에 맞은 적은 마법 피해를 입고 잠시 동안 이동 속도가 감소합니다.
Graves,그레이브즈,Graves,무법자,Marksman,E,빨리 뽑기,Quickdraw,16/15/14/13/12,"그레이브즈가 전방으로 돌진하여 몇 초 동안 방어력과 마법 저항력이 상승하며, 적 챔피언을 향해 돌진할 경우에는 진정한 용기가 두 번 중첩됩니다. 기본 공격으로 적을 명중시키면 스킬 재사용 대기시간이 감소하고 추가 방어력 및 마법 저항력 지속시간이 초기화됩니다."
Graves,그레이브즈,Graves,무법자,Marksman,R,무고한 희생자,Collateral Damage,100/80/60,그레이브즈가 폭발성 탄환을 발사하여 처음 맞은 챔피언에게 큰 피해를 입힙니다. 탄환은 챔피언을 맞히거나 사거리 끝까지 날아간 다음 폭발하여 원뿔 형태의 범위에 피해를 줍니다.
Gwen,그웬,Gwen,신성한 재봉사,Fighter,P,가위 난도질,A Thousand Cuts,-,그웬의 기본 공격이 대상의 체력에 비례해 추가 마법 피해를 입힙니다. 챔피언을 상대로 기본 공격 시 해당 피해의 일부만큼 체력을 회복합니다.
Gwen,그웬,Gwen,신성한 재봉사,Fighter,Q,싹둑싹둑!,Snip Snip!,6.5/5.75/5/4.25/3.5,그웬이 최대 6회까지 가위질하여 원뿔 범위에 마법 피해를 입힙니다. 중앙에 있는 유닛에게는 고정 피해를 입히고 적중할 때마다 기본 지속 효과를 적용합니다.
Gwen,그웬,Gwen,신성한 재봉사,Fighter,W,신성한 안개,Hallowed Mist,22/21/20/19/18,그웬이 안개를 소환하여 안개 밖에 있는 적으로부터 자신을 보호합니다. 안개에 들어오는 적만이 그웬을 대상으로 지정할 수 있습니다.
Gwen,그웬,Gwen,신성한 재봉사,Fighter,E,돌격가위,Skip 'n Slash,13/12.5/12/11.5/11,"짧은 거리를 돌진한 후 몇 초 동안 그웬의 공격 속도, 공격 사거리, 적중 시 마법 피해가 증가합니다. 이때 적에게 공격을 적중시키면 이 스킬의 재사용 대기시간을 일부 돌려받습니다."
Gwen,그웬,Gwen,신성한 재봉사,Fighter,R,바느질,Needlework,120/100/80,"그웬이 바늘을 던져 적중한 적에게 마법 피해를 입히고 둔화시킵니다. 챔피언에게 적중 시 가위 난도질을 적용합니다. 이 스킬은 최대 2회 더 사용할 수 있으며, 재사용할 때마다 추가 바늘을 던져 더 많은 피해를 입힙니다."
Hecarim,헤카림,Hecarim,전쟁의 전조,Fighter|Tank,P,출정,Warpath,-,헤카림의 공격력이 추가 이동 속도의 일정 비율만큼 증가합니다.
Hecarim,헤카림,Hecarim,전쟁의 전조,Fighter|Tank,Q,회오리 베기,Rampage,4,헤카림이 주변 적을 베어 물리 피해를 입힙니다. 한 명의 적이라도 적중 시 다음 회오리 베기의 피해량이 증가하며 재사용 대기시간이 감소합니다.
Hecarim,헤카림,Hecarim,전쟁의 전조,Fighter|Tank,W,공포의 망령,Spirit of Dread,14,"헤카림이 방어력과 마법 저항력을 얻습니다. 주변 적들에게 마법 피해를 입히고, 적들이 입은 피해의 일정 비율에 해당하는 체력을 회복합니다."
Hecarim,헤카림,Hecarim,전쟁의 전조,Fighter|Tank,E,파멸의 돌격,Devastating Charge,20/19/18/17/16,"잠깐 동안 헤카림의 이동 속도가 빨라지고 다른 유닛을 통과해 이동할 수 있습니다. 다음번 공격은 대상을 뒤로 밀어내고, 스킬을 사용한 후 이동한 거리에 비례하여 추가 물리 피해를 입힙니다."
Hecarim,헤카림,Hecarim,전쟁의 전조,Fighter|Tank,R,그림자의 맹습,Onslaught of Shadows,140/120/100,"헤카림이 유령 기수들을 소환하며 전방으로 돌진해 일직선 상에 마법 피해를 입힙니다. 헤카림이 돌격을 멈추면 충격파가 발생하여, 주변 적들이 공포에 사로잡혀 달아납니다."
Heimerdinger,하이머딩거,Heimerdinger,위대한 발명가,Mage|Support,P,마법공학 전문가,Hextech Affinity,-,아군 포탑이나 하이머딩거가 설치한 포탑 주변에서 이동 속도가 증가합니다.
Heimerdinger,하이머딩거,Heimerdinger,위대한 발명가,Mage|Support,Q,H-28 G 진화형 포탑,H-28 G Evolution Turret,1,하이머딩거가 관통 광선 공격이 추가된 속사포 포탑을 설치합니다. (하이머딩거의 포탑은 적 포탑에 절반의 피해만 줍니다.)
Heimerdinger,하이머딩거,Heimerdinger,위대한 발명가,Mage|Support,W,마법공학 초소형 로켓,Hextech Micro-Rockets,11/10/9/8/7,하이머딩거가 마우스 커서 위치로 모이는 초소형 로켓들을 발사합니다.
Heimerdinger,하이머딩거,Heimerdinger,위대한 발명가,Mage|Support,E,CH-2 전자폭풍 수류탄,CH-2 Electron Storm Grenade,11,"하이머딩거가 목표 위치에 수류탄을 던져 적에게 피해를 입힙니다. 수류탄에 직격당한 적은 기절하며, 빗겨맞은 유닛은 느려집니다."
Heimerdinger,하이머딩거,Heimerdinger,위대한 발명가,Mage|Support,R,업그레이드!!!,UPGRADE!!!,100/85/70,"하이머딩거가 업그레이드를 개발하여, 다음 스킬의 효과가 증가합니다."
Hwei,흐웨이,Hwei,몽상가,Mage|Support,P,몽상가의 서명,Signature of the Visionary,-,흐웨이가 스킬로 적 챔피언에게 피해를 입히면 서명으로 마무리할 준비를 합니다. 다시 한번 적에게 스킬로 피해를 입히면 서명이 완성되어 발밑에 남습니다. 발밑에 남겨진 서명은 잠시 후에 폭발해 사거리 내 모든 적에게 마법 피해를 입힙니다.
Hwei,흐웨이,Hwei,몽상가,Mage|Support,Q,주제: 참사,Subject: Disaster,10/9/8/7/6,"흐웨이가 일련의 참사를 상상하며 파괴적인 일격을 그립니다. 흐웨이의 스킬을 공격 스킬인 파멸의 화염, 절단의 번개, 녹아내린 균열로 교체합니다."
Hwei,흐웨이,Hwei,몽상가,Mage|Support,W,주제: 평온,Subject: Serenity,18/17.5/17/16.5/16,"흐웨이가 일련의 평온을 상상하며 힘을 북돋는 배경을 그립니다. 흐웨이의 스킬을 보조 스킬인 쏜살같은 물살, 반사의 웅덩이, 요동치는 빛으로 교체합니다."
Hwei,흐웨이,Hwei,몽상가,Mage|Support,E,주제: 고통,Subject: Torment,12/11.5/11/10.5/10,"흐웨이가 일련의 고통을 상상하며 제어하는 형상을 그립니다. 흐웨이의 스킬을 군중 제어 스킬인 암울한 형상, 심연의 응시, 파괴의 아귀로 교체합니다."
Hwei,흐웨이,Hwei,몽상가,Mage|Support,R,절망의 소용돌이,Spiraling Despair,120/100/80,흐웨이가 순수한 절망의 환상을 그립니다. 처음 맞은 적을 중심으로 그림이 점점 커지며 주변 적을 둔화시키고 피해를 입힙니다. 환상은 최대 크기가 되거나 챔피언이 죽으면 폭발합니다.
Illaoi,일라오이,Illaoi,크라켄의 여사제,Fighter|Tank,P,고대신의 예언자,Prophet of an Elder God,-,"일라오이와 그녀의 숙주는 근처의 통과할 수 없는 지형에 촉수를 소환합니다. 촉수는 영혼과 숙주, 그리고 혹독한 가르침 스킬의 희생양을 공격합니다. 촉수에게 맞는 적들은 물리 피해를 입습니다."
Illaoi,일라오이,Illaoi,크라켄의 여사제,Fighter|Tank,Q,촉수 강타,Tentacle Smash,10/9/8/7/6,촉수의 피해량이 증가합니다. 사용 시 일라오이가 촉수로 내리쳐 물리 피해를 입힙니다.
Illaoi,일라오이,Illaoi,크라켄의 여사제,Fighter|Tank,W,혹독한 가르침,Harsh Lesson,4,"일라오이가 대상으로 도약해 물리 피해를 입히며, 근처의 촉수 또한 대상을 공격합니다."
Illaoi,일라오이,Illaoi,크라켄의 여사제,Fighter|Tank,E,영혼의 시험,Test of Spirit,16/15/14/13/12,"일라오이가 적의 몸에서 영혼을 분리해 자신의 앞에 서게 만듭니다. 영혼은 자신이 입는 피해량의 일부를 원래의 대상에게 돌려줍니다. 대상이 처치되거나 영혼에서 너무 멀어지면, 대상은 숙주가 되어 촉수를 소환하기 시작합니다."
Illaoi,일라오이,Illaoi,크라켄의 여사제,Fighter|Tank,R,믿음의 도약,Leap of Faith,120/95/70,일라오이가 자신의 성상을 바닥에 내리쳐 근처 적들에게 물리 피해를 입힙니다. 피해를 입는 적 챔피언 한 명당 하나의 촉수가 소환됩니다.
Irelia,이렐리아,Irelia,칼날 무희,Fighter|Assassin,P,아이오니아의 열정,Ionian Fervor,-,"이렐리아의 스킬이 적에게 적중하면 중첩이 쌓이며, 중첩에 따라 추가 공격 속도가 적용됩니다. 최대 중첩이 쌓이면 적중 시 피해도 증가합니다."
Irelia,이렐리아,Irelia,칼날 무희,Fighter|Assassin,Q,칼날 쇄도,Bladesurge,10/9/8/7/6,이렐리아가 돌진해 대상을 공격하고 체력을 회복합니다. 대상에게 표식이 있거나 칼날 쇄도로 적을 처치하면 칼날 쇄도의 재사용 대기시간이 초기화됩니다.
Irelia,이렐리아,Irelia,칼날 무희,Fighter|Assassin,W,저항의 춤,Defiant Dance,20/18/16/14/12,이렐리아가 칼날에 힘을 충전한 뒤 공격합니다. 충전 중에는 이렐리아가 받는 물리 피해량이 감소하며 충전을 오래 할수록 공격이 강력해집니다.
Irelia,이렐리아,Irelia,칼날 무희,Fighter|Assassin,E,쌍검협무,Flawless Duet,16/14.5/13/11.5/10,이렐리아가 칼날 두 개를 던진 후 두 칼날이 서로를 향해 날아갑니다. 날아가는 칼날에 맞은 적은 피해를 입으며 기절한 뒤 표식이 생깁니다.
Irelia,이렐리아,Irelia,칼날 무희,Fighter|Assassin,R,선봉진격검,Vanguard's Edge,125/105/85,이렐리아가 칼날 다발을 발사합니다. 적 챔피언에게 적중하면 칼날 다발이 넓게 펼쳐지며 이때 칼날에 적중한 모든 적에게 피해를 주고 표식을 남깁니다. 또한 칼날이 형성한 결계를 적이 통과하면 피해를 입고 둔화됩니다.
Ivern,아이번,Ivern,자연의 아버지,Support|Mage,P,숲의 친구,Friend of the Forest,-,"아이번은 에픽 몬스터를 제외한 몬스터와는 서로 공격할 수 없지만, 대신 정글 캠프에 마법의 덤불을 심을 수 있습니다. 덤불은 시간이 지나면서 점점 자라나고, 완전히 자라난 후 클릭하면 몬스터가 풀려나며 아이번은 골드와 경험치를 얻게 됩니다."
Ivern,아이번,Ivern,자연의 아버지,Support|Mage,Q,덩굴뿌리,Rootcaller,14/13/12/11/10,아이번이 덩굴뿌리를 던져 적중한 적을 속박하고 피해를 입힙니다. 아군은 속박된 대상에게 돌진할 수 있습니다.
Ivern,아이번,Ivern,자연의 아버지,Support|Mage,W,수풀 가꾸기,Brushmaker,0.5,아이번과 주변 아군이 수풀 속에 있으면 기본 공격 시 추가 마법 피해를 입힙니다. 이 스킬을 사용하면 수풀을 심을 수 있습니다.
Ivern,아이번,Ivern,자연의 아버지,Support|Mage,E,보호의 씨앗,Triggerseed,11/10/9/8/7,아이번이 아군에게 보호막을 씌웁니다. 보호막은 잠시 후 폭발하며 적에게 피해를 입히고 둔화시킵니다. 적중한 적이 없으면 보호막이 재생성됩니다.
Ivern,아이번,Ivern,자연의 아버지,Support|Mage,R,데이지!,Daisy!,140/130/120,아이번이 파수꾼 친구 데이지를 소환해 함께 싸우도록 합니다. 다시 사용하면 데이지에게 공격 또는 이동을 지시합니다.
Janna,잔나,Janna,폭풍의 분노,Support|Mage,P,순풍,Tailwind,-,아군이 잔나를 향해 움직일 때 이동 속도가 증가합니다. 잔나가 적중 시 및 서풍으로 추가 이동 속도의 일정 비율만큼 추가 마법 피해를 입힙니다.
Janna,잔나,Janna,폭풍의 분노,Support|Mage,Q,울부짖는 돌풍,Howling Gale,14,"잔나가 기압과 온도를 국지적으로 변경하여 시간이 지나면 점점 커지는 작은 폭풍을 생성합니다. 스킬을 다시 사용하면 폭풍을 날려보낼 수 있습니다. 폭풍은 스킬을 사용한 방향으로 날아가며, 경로에 있는 적들에게 피해를 입히고 공중으로 띄워 올립니다."
Janna,잔나,Janna,폭풍의 분노,Support|Mage,W,서풍,Zephyr,8/7.5/7/6.5/6,잔나가 기본 지속 효과로 정령을 소환하여 이동 속도를 높이고 다른 유닛 사이로 지나갈 수 있게 됩니다. 스킬을 활성화할 경우 적에게 피해를 입히고 이동 속도를 늦출 수 있습니다.
Janna,잔나,Janna,폭풍의 분노,Support|Mage,E,폭풍의 눈,Eye Of The Storm,16/15/14/13/12,잔나가 방어용 광풍을 만들어 아군 챔피언이나 포탑을 공격에서 보호하고 공격력을 높여줍니다.
Janna,잔나,Janna,폭풍의 분노,Support|Mage,R,계절풍,Monsoon,130/115/100,잔나가 자신을 마법의 폭풍으로 둘러싸며 적을 뒤로 밀어냅니다. 폭풍이 잦아들면 능력의 효과가 끝날 때까지 부드러운 바람이 아군을 치료합니다.
JarvanIV,자르반 4세,Jarvan IV,데마시아의 귀감,Fighter|Tank,P,전장의 군가,Martial Cadence,-,자르반의 첫 기본 공격이 적의 현재 체력에 비례하여 추가 물리 피해를 입힙니다. 이 효과에 이미 당한 적은 몇 초 동안 이 효과로 인한 피해를 다시 받지 않습니다.
JarvanIV,자르반 4세,Jarvan IV,데마시아의 귀감,Fighter|Tank,Q,용의 일격,Dragon Strike,10/9/8/7/6,"자르반 4세가 창을 길게 늘여 창에 맞는 적에게 물리 피해를 입히고 방어력을 낮춥니다. 또한 이 스킬을 데마시아의 깃발에게 사용하면 자르반이 깃발 쪽으로 이동하며, 그 과정에서 부딪히는 적들을 모두 공중에 띄웁니다."
JarvanIV,자르반 4세,Jarvan IV,데마시아의 귀감,Fighter|Tank,W,황금빛 방패,Golden Aegis,9,자르반 4세가 데마시아의 고대 왕들의 힘을 빌려 피해를 흡수하는 보호막을 소환하고 주변 적의 이동 속도를 늦춥니다.
JarvanIV,자르반 4세,Jarvan IV,데마시아의 귀감,Fighter|Tank,E,데마시아의 깃발,Demacian Standard,12/11.5/11/10.5/10,"데마시아의 긍지를 품은 자르반 4세의 공격 속도가 상승합니다. 데마시아의 깃발을 사용하면 자르반 4세가 데마시아의 깃발을 꽂아 마법 피해를 가하며, 주변 아군 챔피언의 공격 속도를 올려 줍니다."
JarvanIV,자르반 4세,Jarvan IV,데마시아의 귀감,Fighter|Tank,R,대격변,Cataclysm,120/105/90,자르반 4세가 적을 향해 엄청난 기세로 뛰어들어 주변 지역을 투기장으로 만들어버립니다. 착지하는 순간 주위 적들에게 피해를 입힙니다.
Jax,잭스,Jax,무기의 달인,Fighter,P,가차없는 맹공,Relentless Assault,-,잭스가 연속해서 기본 공격을 가하면 공격 속도가 상승합니다.
Jax,잭스,Jax,무기의 달인,Fighter,Q,도약 공격,Leap Strike,8/7.5/7/6.5/6,잭스가 목표 유닛을 향해 뛰어오릅니다. 대상이 적일 경우 무기로 내려칩니다.
Jax,잭스,Jax,무기의 달인,Fighter,W,무기 강화,Empower,7/6/5/4/3,잭스가 무기에 힘을 모아 다음 번 적을 공격할 때 강력한 추가 피해를 입힙니다.
Jax,잭스,Jax,무기의 달인,Fighter,E,반격,Counter Strike,17/15/13/11/9,잭스가 뛰어난 전투 실력으로 짧은 시간동안 적의 공격을 모두 피할 수 있게 됩니다. 공격을 피한 뒤에는 재빨리 반격해 주변의 적을 모두 기절시킵니다.
Jax,잭스,Jax,무기의 달인,Fighter,R,무기의 달인,Grandmaster-at-Arms,110/100/90,"매 세 번째 연속 공격마다 추가 마법 피해를 줍니다. 또 잭스는 이 스킬을 통해 자신의 주변에 피해를 입히고 결의를 다져, 잠깐 동안 방어력과 마법 저항력이 상승합니다."
Jayce,제이스,Jayce,미래의 수호자,Fighter|Marksman,P,마법공학 축전기,Hextech Capacitor,-,제이스가 무기를 바꾸면 잠시 동안 이동 속도가 증가합니다.
Jayce,제이스,Jayce,미래의 수호자,Fighter|Marksman,Q,하늘로! / 전격 폭발,To the Skies! / Shock Blast,16/14/12/10/8/6,해머 사용 시: 공중으로 도약해 적들에게 물리 피해를 입히고 이동 속도를 감소시킵니다. 캐논 사용 시: 적을 맞히거나 사거리 끝에 닿으면 폭발하는 전기 구체를 발사해 맞은 적 모두에게 물리 피해를 입힙니다.
Jayce,제이스,Jayce,미래의 수호자,Fighter|Marksman,W,전류 역장 / 초전하,Lightning Field / Hyper Charge,10,해머 사용 시: 기본 지속 효과: 매 공격 시마다 마나가 회복됩니다. 사용 시: 몇 초 동안 주위 적에게 피해를 입히는 전류 역장을 생성합니다. 캐논 사용 시: 동력이 대폭 증가하여 다음 몇 차례의 공격에 대한 공격 속도가 최대로 증가합니다.
Jayce,제이스,Jayce,미래의 수호자,Fighter|Marksman,E,천둥 강타 / 가속 관문,Thundering Blow / Acceleration Gate,20/18/16/14/12/10,"해머 사용 시: 적에게 마법 피해를 가하고 짧은 거리 만큼 뒤로 밀쳐냅니다. 캐논 사용 시: 가속 관문을 열어, 이 관문을 통과하는 모든 아군 챔피언의 이동 속도를 증가시킵니다. 이 관문을 통해 전격 폭발을 발사할 경우 전기 구체의 이동 속도와 사거리가 증가하며, 피해량 또한 증가합니다."
Jayce,제이스,Jayce,미래의 수호자,Fighter|Marksman,R,머큐리 캐논 / 머큐리 해머,Mercury Cannon / Mercury Hammer,6,해머 사용 시: 머큐리 해머를 머큐리 캐논으로 변환하여 새로운 스킬을 사용하며 사거리가 늘어납니다. 변환 후 첫 번째 공격은 적의 방어력과 마법 저항력을 감소시킵니다. 캐논 사용 시: 머큐리 캐논을 머큐리 해머로 변환하여 새로운 스킬을 사용하며 방어력과 마법 저항력이 증가합니다. 변환 후 첫 번째 공격은 추가 마법 피해를 입힙니다.
Jhin,진,Jhin,잔혹극의 거장,Marksman|Mage,P,속삭임,Whisper,-,"'속삭임'이라고 불리는 진의 총은 우월한 살상력을 위해 설계된 정밀 기계입니다. 발사 속도는 고정되어 있으며 총탄은 네 발만 장전됩니다. 네 발째 총탄은 진의 어두운 마법에 물들어 항상 치명타를 입히며 잃은 체력에 비례한 피해를 추가로 입힙니다. 속삭임으로 치명타를 발동시키면, 진의 이동 속도가 잠깐 동안 크게 상승합니다."
Jhin,진,Jhin,잔혹극의 거장,Marksman|Mage,Q,춤추는 유탄,Dancing Grenade,7/6.5/6/5.5/5,"진이 마법 폭탄을 적에게 던집니다. 최대 네 명의 대상에게 적중하며, 적을 처치할 때마다 피해량이 증가합니다."
Jhin,진,Jhin,잔혹극의 거장,Marksman|Mage,W,살상연희,Deadly Flourish,12,진이 지휘봉을 휘두르며 엄청난 사거리를 지닌 한 발의 탄환을 발사합니다. 미니언과 몬스터는 관통하지만 챔피언에 맞으면 정지합니다. 적중한 대상이 좀 전에 연꽃 함정에 걸렸거나 진의 아군 또는 진에게 피해를 입었다면 속박됩니다.
Jhin,진,Jhin,잔혹극의 거장,Marksman|Mage,E,강제 관람,Captive Audience,2,진이 은신 상태에 있다가 밟으면 작동하는 연꽃 함정을 설치합니다. 함정이 작동하면 주위 적을 둔화시킨 후 날카로운 꽃잎들이 폭발하며 피해를 입힙니다. 죽음의 미학 - 진이 적 챔피언을 처치하면 사망한 챔피언 주위에 연꽃 함정이 피어납니다.
Jhin,진,Jhin,잔혹극의 거장,Marksman|Mage,R,커튼 콜,Curtain Call,120/105/90,"진이 정신 집중을 해 속삭임을 견착식 저격포로 변신시킵니다. 엄청난 사거리에서 4발의 강력한 탄환을 발사하며, 탄환은 미니언과 몬스터는 관통하지만 챔피언에 맞으면 정지합니다. 적중당한 적은 둔화되며 잃은 체력에 비례한 추가 피해를 입습니다. 특별히 완벽하게 세공된 4번째 탄환은 더욱 강력하여 항상 치명타가 적용됩니다."
Jinx,징크스,Jinx,난폭한 말괄량이,Marksman,P,신난다!,Get Excited!,-,징크스는 적 챔피언이나 에픽 정글 몬스터 처치에 관여하거나 구조물 파괴를 도우면 이동 속도와 공격 속도가 대폭 상승합니다.
Jinx,징크스,Jinx,난폭한 말괄량이,Marksman,Q,휘릭휘릭!,Switcheroo!,0.9,"징크스는 '빵야빵야' 미니건과 '생선대가리' 로켓 런처 중에서 원하는 것을 선택하여 기본 공격을 변경할 수 있습니다. 미니건으로 공격하면 공격 속도가 상승하고, 로켓 런처로 공격하면 광역 피해를 입히고 사거리가 증가하지만 마나가 소모되고 공격 속도가 느려집니다."
Jinx,징크스,Jinx,난폭한 말괄량이,Marksman,W,빠직!,Zap!,8/7/6/5/4,징크스가 빠직!으로 전기 충격파를 발사해 처음 적중한 적을 둔화시키고 위치를 드러내며 피해를 입힙니다.
Jinx,징크스,Jinx,난폭한 말괄량이,Marksman,E,와작와작 뻥!,Flame Chompers!,24/20.5/17/13.5/10,징크스가 와작와작 지뢰를 일렬로 던지면 5초 후에 폭발하며 주변 적들을 불태웁니다. 와작와작 지뢰는 적 챔피언이 밟으면 물어뜯어 제자리에 묶습니다.
Jinx,징크스,Jinx,난폭한 말괄량이,Marksman,R,초강력 초토화 로켓!,Super Mega Death Rocket!,85/65/45,"징크스가 맵을 가로지르는 강력한 로켓을 발사합니다. 발사 후 비행 거리에 비례해 로켓의 피해량이 증가합니다. 로켓은 적 챔피언과 충돌하면 폭발하며, 해당 챔피언과 주위의 적에게 잃은 체력에 비례하여 피해를 입힙니다."
KSante,크산테,K'Sante,나주마의 긍지,Tank|Fighter,P,불굴의 본능,Dauntless Instinct,-,크산테의 스킬이 대상에게 표식을 남겨 다음번 기본 공격 시 추가 피해를 입힙니다. 총공세 시 크산테가 모든 기본 공격과 스킬로 입히는 피해량이 증가합니다.
KSante,크산테,K'Sante,나주마의 긍지,Tank|Fighter,Q,엔토포 타격,Ntofo Strikes,3.5,크산테가 타격해 짧은 일직선상에 있는 적에게 피해를 입히고 둔화시킵니다. 적중 시 엔토포 타격 중첩을 1회 얻습니다. 2회 중첩되면 크산테가 적들을 끌어당기는 충격파를 발사합니다. 총공세 시 재사용 대기시간이 감소합니다.
KSante,크산테,K'Sante,나주마의 긍지,Tank|Fighter,W,길을 여는 자,Path Maker,14/13/12/11/10,크산테가 충전하며 받는 피해량이 감소합니다. 이후 돌진하며 적을 뒤로 밀어내고 기절시킵니다. 총공세 시 피해량이 증가하고 더는 적을 뒤로 밀어내거나 기절시키지 않습니다.
KSante,크산테,K'Sante,나주마의 긍지,Tank|Fighter,E,발놀림,Footwork,10/9.5/9/8.5/8,크산테가 돌진해 보호막을 얻습니다. 아군을 대상으로 지정하면 크산테가 해당 아군에게 돌진하며 돌진 사거리가 증가하고 크산테와 아군 모두 보호막을 얻습니다. 총공세 시 재사용 대기시간이 감소하고 속도가 증가합니다.
KSante,크산테,K'Sante,나주마의 긍지,Tank|Fighter,R,총공세,All Out,120/100/80,"크산테가 적을 뒤로 밀어내며 경로에 있는 벽을 뚫고 날려 버립니다. 이후 총공세 상태에 돌입하고 적을 뒤쫓아 돌진하며, 이때 방어력이 감소하는 대신 피해량과 체력 회복량이 증가하고 변형된 스킬을 얻습니다."
Kaisa,카이사,Kai'Sa,공허의 딸,Marksman|Mage,P,두 번째 피부,Second Skin,-,카이사는 기본 공격으로 플라즈마 중첩을 쌓아 그에 따른 추가 마법 피해를 입힙니다. 아군의 이동 불가 효과가 적에게 적용됐을 때에도 플라즈마 중첩이 쌓입니다. 살아있는 무기 효과는 카이사가 구입하는 아이템에 따라 스킬을 강화시킵니다.
Kaisa,카이사,Kai'Sa,공허의 딸,Marksman|Mage,Q,이케시아 폭우,Icathian Rain,10/9/8/7/6,카이사가 근처 적들을 추격하는 미사일 세례를 퍼붓습니다. 살아있는 무기: 이케시아 폭우가 발사하는 미사일 개수가 증가합니다.
Kaisa,카이사,Kai'Sa,공허의 딸,Marksman|Mage,W,공허추적자,Void Seeker,20/18.5/17/15.5/14,"카이사가 장거리 광선을 발사하며, 광선에 적중한 적에게 플라즈마 중첩이 쌓입니다. 살아있는 무기: 공허추적자 적중 시 플라즈마 중첩이 추가로 쌓이며 챔피언에게 적중 시 재사용 대기시간이 감소합니다."
Kaisa,카이사,Kai'Sa,공허의 딸,Marksman|Mage,E,고속 충전,Supercharge,16/14.5/13/11.5/10,카이사의 이동 속도가 잠시 동안 증가한 뒤 공격 속도가 증가합니다. 살아있는 무기: 고속 충전을 사용하면 잠시 투명 상태가 됩니다.
Kaisa,카이사,Kai'Sa,공허의 딸,Marksman|Mage,R,사냥본능,Killer Instinct,130/100/70,카이사가 적 챔피언 근처로 돌진합니다.
Kalista,칼리스타,Kalista,복수의 화신,Marksman,P,전투 태세,Martial Poise,-,"칼리스타가 기본 공격이나 꿰뚫는 창의 준비 동작을 하는 동안 이동 명령을 하면, 칼리스타가 기본 공격과 함께 해당 위치로 도약합니다."
Kalista,칼리스타,Kalista,복수의 화신,Marksman,Q,꿰뚫는 창,Pierce,9,칼리스타가 빠르게 날아가는 창을 던집니다. 적이 처치될 경우 관통해 날아갑니다.
Kalista,칼리스타,Kalista,복수의 화신,Marksman,W,감시하는 혼,Sentinel,30,칼리스타와 계약을 맺은 아군이 같은 대상을 공격하면 추가 피해를 입힙니다. 사용 시 혼이 일정한 경로를 순찰하며 자기 앞의 지역을 드러냅니다.
Kalista,칼리스타,Kalista,복수의 화신,Marksman,E,뽑아 찢기,Rend,0,"공격 시 대상을 창으로 꿰뚫습니다. 재시전하면 대상에 박힌 창을 뜯어내서 둔화시키며, 주는 피해량이 증가합니다."
Kalista,칼리스타,Kalista,복수의 화신,Marksman,R,운명의 부름,Fate's Call,160/140/120,칼리스타가 계약을 맺은 아군을 자신에게로 순간 이동시킵니다. 계약자는 지정한 위치로 돌진하여 적 챔피언을 뒤로 밀어내는 스킬을 사용할 수 있습니다.
Karma,카르마,Karma,깨우친 자,Mage|Support,P,열정 응집,Gathering Fire,-,카르마가 스킬로 피해를 입히면 만트라의 재사용 대기시간이 감소합니다.
Karma,카르마,Karma,깨우친 자,Mage|Support,Q,내면의 열정,Inner Flame,9/8/7/6/5,"카르마가 영적인 에너지의 구체를 전방으로 던져, 적 유닛에게 부딪치면 폭발하며 피해를 입힙니다. 만트라 추가 효과: 만트라가 내면의 열정의 위력을 강화하여, 구체가 폭발한 잠시 후 원형 범위 내에 피해를 가합니다."
Karma,카르마,Karma,깨우친 자,Mage|Support,W,굳은 결의,Focused Resolve,12,카르마가 자신과 대상 적 사이에 끈을 만들어 피해를 주고 연결된 적의 위치를 드러냅니다. 끈이 끊어지지 않으면 적은 발이 묶이고 피해를 한 번 더 입습니다. 만트라 추가 효과: 카르마가 결속을 강화하여 체력을 회복하며 속박 지속시간이 증가합니다.
Karma,카르마,Karma,깨우친 자,Mage|Support,E,고무,Inspire,10/9.5/9/8.5/8,"카르마가 보호막을 소환하여 적이 가하는 피해를 막아내고, 보호받는 아군은 이동 속도가 상승합니다. 만트라 추가 효과: 대상에게서 에너지가 흘러나와 보호막을 강화하고 주변 아군 챔피언들에게도 고무 효과를 적용합니다."
Karma,카르마,Karma,깨우친 자,Mage|Support,R,만트라,Mantra,40/38/36/34,카르마가 다음 스킬을 강화하여 추가 효과를 부여합니다. 만트라는 1레벨부터 사용할 수 있으며 스킬 포인트가 필요 없습니다.
Karthus,카서스,Karthus,죽음을 노래하는 자,Mage,P,죽음 극복,Death Defied,-,카서스가 죽으면 영혼이 되어 스킬을 사용할 수 있습니다.
Karthus,카서스,Karthus,죽음을 노래하는 자,Mage,Q,황폐화,Lay Waste,0,카서스가 특정 위치에 잠시 후 폭발을 일으켜 근처 적에게 피해를 입힙니다. 단일 대상에게는 더 큰 피해를 입힙니다.
Karthus,카서스,Karthus,죽음을 노래하는 자,Mage,W,고통의 벽,Wall of Pain,15,카서스가 에너지를 빨아들이는 통행 가능한 벽을 생성합니다. 이 벽을 지나는 모든 적 유닛의 이동 속도와 마법 저항력이 일정 시간 감소합니다.
Karthus,카서스,Karthus,죽음을 노래하는 자,Mage,E,부패,Defile,0.5,"카서스는 적에게서 마력을 훔쳐 적을 처치할 때마다 마나를 획득합니다. 또 카서스는 희생양의 영혼을 자신 주위에 둘러 적들에게 피해를 입힐 수도 있지만, 이럴 경우 마나가 매우 빨리 소모됩니다."
Karthus,카서스,Karthus,죽음을 노래하는 자,Mage,R,진혼곡,Requiem,200/180/160,카서스가 3초 동안 정신 집중을 마치면 모든 적 챔피언이 피해를 입습니다.
Kassadin,카사딘,Kassadin,공허의 방랑자,Assassin|Mage,P,공허석,Void Stone,-,"카사딘이 받는 마법 피해가 감소하며, 유닛과의 충돌을 무시합니다."
Kassadin,카사딘,Kassadin,공허의 방랑자,Assassin|Mage,Q,무의 구체,Null Sphere,9/8.5/8/7.5/7,카사딘이 대상에게 공허 에너지로 구성된 구체를 발사하여 피해를 입히고 정신 집중을 끊습니다. 여분의 에너지는 카사딘의 몸을 감싸 잠시 동안 보호막을 형성하며 마법 피해를 흡수합니다.
Kassadin,카사딘,Kassadin,공허의 방랑자,Assassin|Mage,W,황천의 검,Nether Blade,7,기본 지속 효과: 카사딘의 기본 공격이 추가 마법 피해를 입힙니다. 사용 시: 카사딘의 다음 기본 공격이 큰 추가 마법 피해를 입히고 마나가 회복됩니다.
Kassadin,카사딘,Kassadin,공허의 방랑자,Assassin|Mage,E,힘의 파동,Force Pulse,21/20/19/18/17,카사딘이 자신의 영역 안에서 사용된 스킬에서 에너지를 뽑아냅니다. 충전이 완료되면 힘의 파동을 사용하여 정면 원뿔 반경에 있는 적의 속도를 늦추고 피해를 입힐 수 있습니다.
Kassadin,카사딘,Kassadin,공허의 방랑자,Assassin|Mage,R,균열 이동,Riftwalk,5/3.5/2,카사딘이 가까운 지역으로 순간 이동하면서 주변 적 유닛에게 피해를 입힙니다. 짧은 시간 동안 여러 번의 균열 이동을 시전하면 마나를 추가로 소모하는 대신 추가 피해를 입힐 수 있습니다.
Katarina,카타리나,Katarina,사악한 칼날,Assassin|Mage,P,탐욕,Voracity,-,카타리나가 최근에 피해를 입힌 챔피언이 죽을 때마다 카타리나에게 적용 중인 스킬 재사용 대기시간이 크게 감소합니다. 카타리나가 단검을 다시 주우면 근처의 적을 모두 공격해 마법 피해를 입힙니다.
Katarina,카타리나,Katarina,사악한 칼날,Assassin|Mage,Q,단검 투척,Bouncing Blade,11/10/9/8/7,카타리나가 대상에게 단검을 던집니다. 단검은 근처 적들에게 튕겼다가 땅에 떨어집니다.
Katarina,카타리나,Katarina,사악한 칼날,Assassin|Mage,W,준비,Preparation,15/14/13/12/11,카타리나가 단검을 머리 위로 던지며 이동 속도가 크게 빨라집니다.
Katarina,카타리나,Katarina,사악한 칼날,Assassin|Mage,E,순보,Shunpo,12/11/10/9/8,"카타리나가 대상에게 도약합니다. 대상이 적일 경우 대상에게 피해를 입히고, 대상이 적이 아닐 경우 가장 가까이에 있는 적에게 피해를 입힙니다."
Katarina,카타리나,Katarina,사악한 칼날,Assassin|Mage,R,죽음의 연꽃,Death Lotus,75/60/45,카타리나가 정신을 집중해 칼날의 돌풍을 일으켜 가장 가까운 적 챔피언 3명에게 엄청난 마법 피해를 입힙니다.
Kayle,케일,Kayle,정의로운 자,Marksman|Mage,P,거룩한 승천,Divine Ascent,-,"챔피언 레벨 및 스킬 레벨이 오를수록 케일의 공격이 천상의 힘을 받아 강화됩니다. 케일의 날개가 불타오르면서 점차 공격 속도, 이동 속도, 공격 사거리, 기본 공격 시 화염파 발사 효과를 얻습니다."
Kayle,케일,Kayle,정의로운 자,Marksman|Mage,Q,광휘의 일격,Radiant Blast,12/11/10/9/8,"케일이 차원문을 열어 적을 관통하는 천상의 검을 소환합니다. 검은 적중한 모든 대상에게 피해를 입히고 이동 속도와 방어력, 마법 저항력을 감소시킵니다."
Kayle,케일,Kayle,정의로운 자,Marksman|Mage,W,천상의 축복,Celestial Blessing,15,케일과 케일의 가장 가까운 아군이 신의 축복을 받아 체력을 회복하고 이동 속도가 증가합니다.
Kayle,케일,Kayle,정의로운 자,Marksman|Mage,E,화염주문검,Starfire Spellblade,8/7.5/7/6.5/6,기본 지속 효과: 천상의 검 '선의'가 케일이 공격하는 적에게 추가 마법 피해를 입힙니다. 사용 시: 다음 공격 시 천상의 화염으로 대상을 강타하여 대상이 잃은 체력에 비례해 추가 피해를 입힙니다.
Kayle,케일,Kayle,정의로운 자,Marksman|Mage,R,신성한 심판,Divine Judgment,160/120/80,케일이 아군 한 명을 무적 상태로 만들고 예전 정의의 성위를 불러와 그 힘으로 신성한 검을 비처럼 쏟아부어 해당 챔피언 주변 지역을 정화합니다.
Kayn,케인,Kayn,그림자 사신,Fighter|Assassin,P,다르킨의 낫,The Darkin Scythe,-,"케인은 다르킨 무기 라아스트를 휘두르는 한편 제압하려고 하고, 라아스트는 케인을 잠식하려 합니다. 다르킨이 승리하거나, 아니면 케인이 라아스트를 제압해 그림자 암살자가 될 수도 있습니다. 다르킨: 챔피언에게 가한 스킬 피해에 비례해 체력을 회복합니다. 그림자 암살자: 적 챔피언과 전투 시작 후 첫 몇 초 동안 추가 피해를 입힙니다."
Kayn,케인,Kayn,그림자 사신,Fighter|Assassin,Q,살상돌격,Reaping Slash,7/6.5/6/5.5/5,케인이 앞으로 돌진하며 적을 공격합니다. 돌진 및 공격 시 모두 피해를 입힙니다.
Kayn,케인,Kayn,그림자 사신,Fighter|Assassin,W,몰아치는 낫,Blade's Reach,13/12/11/10/9,케인이 직선상의 대상 모두에게 피해를 입히고 둔화시킵니다.
Kayn,케인,Kayn,그림자 사신,Fighter|Assassin,E,그림자의 길,Shadow Step,21/19/17/15/13,케인이 지형을 통과해 이동할 수 있습니다.
Kayn,케인,Kayn,그림자 사신,Fighter|Assassin,R,그림자의 지배,Umbral Trespass,120/100/80,케인이 적에게 파고들었다가 빠져나오면서 큰 피해를 입힙니다.
Kennen,케넨,Kennen,폭풍의 심장,Mage,P,폭풍의 표식,Mark of the Storm,-,케넨의 스킬에 3번 적중당한 적은 기절합니다.
Kennen,케넨,Kennen,폭풍의 심장,Mage,Q,천둥의 표창,Thundering Shuriken,7/6.25/5.5/4.75/4,케넨이 빠르게 날아가는 수리검을 날려 맞은 대상에게 피해를 입히고 폭풍의 표식을 남깁니다.
Kennen,케넨,Kennen,폭풍의 심장,Mage,W,전류 방출,Electrical Surge,13/11.25/9.5/7.75/6,케넨이 기본 공격을 몇 번 하면 힘을 충전하여 다음 기본 공격 대상에게 폭풍의 표식을 남깁니다. 스킬 활성화시 이미 표식이 있는 대상에게 피해를 주며 또 다른 폭풍의 표식을 남길 수 있습니다.
Kennen,케넨,Kennen,폭풍의 심장,Mage,E,번개 질주,Lightning Rush,10/9/8/7/6,"케넨이 번개로 변신하여 유닛을 뚫고 지나가며 폭풍의 표식을 남깁니다. 번개로 변신하면 이동 속도가 증가하며, 원래 모습으로 돌아오면 공격 속도가 증가합니다."
Kennen,케넨,Kennen,폭풍의 심장,Mage,R,날카로운 소용돌이,Slicing Maelstrom,120,케넨이 번개의 폭풍을 소환하여 근처 적 챔피언을 공격하고 마법 피해를 입힙니다.
Khazix,카직스,Kha'Zix,공허의 약탈자,Assassin,P,보이지 않는 위협,Unseen Threat,-,"동료로부터 고립된 근처 적에게 표식이 남습니다. 고립된 대상에게는 카직스의 스킬이 추가 효과를 발휘합니다. 카직스는 적의 시야에 노출되지 않을 때 보이지 않는 위협 효과를 받아, 다음 기본 공격으로 적 챔피언에게 추가 마법 피해를 입히고 몇 초간 둔화를 적용합니다."
Khazix,카직스,Kha'Zix,공허의 약탈자,Assassin,Q,공포 감지,Taste Their Fear,4,"대상에게 물리 피해를 줍니다. 고립된 대상에게는 피해량이 늘어납니다. 거대 갈고리 진화를 고립된 대상에게 사용 시, 재사용 대기시간이 일부 감소합니다. 또한, 카직스의 기본 공격과 공포 감지 범위도 증가합니다."
Khazix,카직스,Kha'Zix,공허의 약탈자,Assassin,W,공허의 가시,Void Spike,9,"카직스가 폭발하는 가시를 발사하여 적중한 적에게 물리 피해를 가합니다. 폭발 범위 안에 있으면 카직스의 체력이 회복됩니다. 가시 어깨 진화를 선택하면, 공허의 가시 세 개가 원뿔 형태로 발사되며 적중한 적에게 둔화를 걸고 2초 동안 적 챔피언을 드러냅니다. 고립된 대상에게는 둔화 효과가 증가합니다."
Khazix,카직스,Kha'Zix,공허의 약탈자,Assassin,E,도약,Leap,20/18/16/14/12,"카직스가 도약하여, 착지할 때 물리 피해를 가합니다. 날개 진화를 선택하면 도약 범위가 200 증가하며, 킬이나 어시스트를 기록하면 도약의 재사용 대기시간이 초기화됩니다."
Khazix,카직스,Kha'Zix,공허의 약탈자,Assassin,R,공허의 습격,Void Assault,100/85/70,"카직스의 스킬을 하나 진화시켜 고유한 추가 효과를 부여합니다. 공허의 습격을 활성화하면 카직스가 은신 상태가 되고 보이지 않는 위협이 발동되어, 이동 속도가 증가합니다. 활성 보호색 진화를 선택하면, 은신의 지속시간이 증가하며 공허의 습격을 추가로 사용할 수 있습니다."
Kindred,킨드레드,Kindred,영겁의 사냥꾼,Marksman,P,킨드레드의 표식,Mark of the Kindred,-,킨드레드는 사냥감에게 표식을 남길 수 있습니다. 사냥에 성공하면 영구적으로 킨드레드의 기본 스킬이 강화됩니다. 사냥에 4회 성공하면 킨드레드의 기본 공격 사거리가 증가합니다.
Kindred,킨드레드,Kindred,영겁의 사냥꾼,Marksman,Q,화살 세례,Dance of Arrows,9,킨드레드가 구르며 근처의 대상들에게 최대 세 발의 화살을 발사합니다.
Kindred,킨드레드,Kindred,영겁의 사냥꾼,Marksman,W,늑대의 광기,Wolf's Frenzy,18/17/16/15/14,늑대가 분노하여 주변의 적들을 공격합니다. 양이 기본 지속 효과로 움직이고 공격하여 중첩을 얻습니다. 완전히 충전되면 양이 다음 번 공격할 때 체력을 회복합니다.
Kindred,킨드레드,Kindred,영겁의 사냥꾼,Marksman,E,차오르는 공포,Mounting Dread,14/12.5/11/9.5/8,"양이 신중하게 화살을 발사해 대상의 속도를 늦춥니다. 양이 대상을 두 번 더 공격하면 세 번째 공격 시 늑대가 적을 덮치게 만들어, 흉포한 공격으로 큰 피해를 입힙니다."
Kindred,킨드레드,Kindred,영겁의 사냥꾼,Marksman,R,양의 안식처,Lamb's Respite,160/140/120,양은 안식처 영역 안에 있는 모든 생명체를 죽음으로부터 지켜줍니다. 효과가 끝날 때까지는 아무도 죽지 않습니다. 효과가 끝나면 유닛들이 치유됩니다.
Kled,클레드,Kled,망나니 기사,Fighter,P,겁쟁이 도마뱀 스칼,"Skaarl, the Cowardly Lizard",-,"클레드는 듬직한 친구 스칼을 타고 다닙니다. 스칼은 클레드 대신 피해를 입고, 스칼의 체력이 모두 소진되면 클레드가 스칼에게서 내립니다. 스칼에게서 내리면 클레드의 스킬이 바뀌고 챔피언에 대한 피해량이 줄어듭니다. 적과 싸우면 스칼의 용기를 회복시킬 수 있습니다. 용기가 최대치에 도달하면 스칼이 일부 체력을 회복한 채 나타나 클레드를 다시 태웁니다."
Kled,클레드,Kled,망나니 기사,Fighter,Q,덫날리기,Bear Trap on a Rope,11/10/9/8/7,클레드가 밧줄에 묶인 덫을 던져 적 챔피언에게 피해를 입히고 붙잡습니다. 해당 챔피언과 잠시 동안 근거리를 유지하면 클레드 쪽으로 끌어당기면서 추가 물리 피해를 입힙니다. 스칼 미탑승 시에는 원거리 공격이 가능한 빵야!로 바뀝니다. 빵야!를 사용하면 클레드가 뒤로 밀려나며 스칼의 용기를 회복시킬 수 있습니다.
Kled,클레드,Kled,망나니 기사,Fighter,W,버럭버럭,Violent Tendencies,13/12/11/10/9,다음 네 번의 기본 공격 속도가 엄청나게 빨라집니다. 네 번째 공격은 피해량도 증가합니다.
Kled,클레드,Kled,망나니 기사,Fighter,E,이랴!,Jousting,13/12/11/10/9,클레드가 돌진하며 물리 피해를 입히고 이동 속도가 일시적으로 상승합니다. 다시 스킬을 사용하면 최초 대상 쪽으로 돌진하여 동일한 양의 피해를 또 입힐 수 있습니다.
Kled,클레드,Kled,망나니 기사,Fighter,R,돌겨어어억!!!,Chaaaaaaaarge!!!,140/125/110,클레드와 스칼이 보호막을 쓴 채 목표 지점으로 돌진합니다. 돌진 경로 위에 있는 아군은 이동 속도가 빨라집니다. 스칼은 경로 위에 있는 첫 번째 적 챔피언에게 돌격합니다.
KogMaw,코그모,Kog'Maw,심연의 아귀,Marksman|Mage,P,이케시아식 마무리,Icathian Surprise,-,코그모가 죽으면 4초 후 폭발하여 주변 적에게 고정 피해를 입힙니다.
KogMaw,코그모,Kog'Maw,심연의 아귀,Marksman|Mage,Q,부식성 침,Caustic Spittle,7,코그모가 부식성 침을 발사하여 적에게 마법 피해를 입히고 잠깐 동안 대상의 방어력과 마법 방어력을 낮춥니다. 코그모는 추가 공격 속도를 얻습니다.
KogMaw,코그모,Kog'Maw,심연의 아귀,Marksman|Mage,W,생체마법 폭격,Bio-Arcane Barrage,17,코그모의 공격 사거리가 증가하고 %i:OnHit% 적중 시 피격 대상의 최대 체력에 비례한 마법 피해를 입힙니다.
KogMaw,코그모,Kog'Maw,심연의 아귀,Marksman|Mage,E,공허의 분비물,Void Ooze,12,"코그모가 특유의 진액을 발사하여 진액에 맞는 모든 적에게 피해를 입히며, 진액이 남긴 흔적 위에 있는 적의 이동 속도를 늦춥니다."
KogMaw,코그모,Kog'Maw,심연의 아귀,Marksman|Mage,R,살아있는 곡사포,Living Artillery,2/1.5/1,코그모가 매우 멀리서 포탄을 발사하여 마법 피해를 입히고 은신하지 않은 대상의 모습을 드러나게 합니다. 체력이 낮은 적에게는 더 큰 피해를 입힙니다. 또한 짧은 시간 동안 여러 번 살아 있는 곡사포 스킬을 사용하면 마나가 추가로 소모됩니다.
Leblanc,르블랑,LeBlanc,환술사,Assassin|Mage,P,거울 환영,Mirror Image,-,르블랑의 체력이 40% 아래로 내려가면 1초 동안 투명 상태가 되며 거울 환영을 생성합니다. 환영은 피해를 입힐 수 없고 최대 8초까지 지속됩니다.
Leblanc,르블랑,LeBlanc,환술사,Assassin|Mage,Q,악의의 인장,Sigil of Malice,6,르블랑이 인장을 날려 대상에게 피해를 주고 3.5초 동안 표식을 남깁니다. 표식이 남은 대상을 스킬로 공격하면 인장이 폭발하며 추가 피해를 입힙니다. 인장이 명중하거나 폭발해 대상을 처치하면 소모한 마나를 돌려받고 이 스킬의 남은 재사용 대기시간이 감소합니다.
Leblanc,르블랑,LeBlanc,환술사,Assassin|Mage,W,왜곡,Distortion,15/13.75/12.5/11.25/10,르블랑이 지정 위치로 돌진하여 해당 지점 주변 적에게 피해를 줍니다. 4초 안에 왜곡을 다시 사용하면 처음 위치로 돌아옵니다.
Leblanc,르블랑,LeBlanc,환술사,Assassin|Mage,E,환영 사슬,Ethereal Chains,14/13.25/12.5/11.75/11,르블랑이 사슬을 던져 처음 명중한 적을 옭아맵니다. 대상이 1.5초 동안 사슬에 묶일 경우 대상을 속박하고 추가 피해를 입힙니다.
Leblanc,르블랑,LeBlanc,환술사,Assassin|Mage,R,모방,Mimic,45/35/25,르블랑이 기본 스킬 중 하나를 모방해서 사용합니다.
LeeSin,리 신,Lee Sin,눈먼 수도승,Fighter|Assassin,P,질풍격,Flurry,-,리 신이 스킬을 사용하면 다음 두 번의 기본 공격 속도가 증가하며 기력을 회복합니다.
LeeSin,리 신,Lee Sin,눈먼 수도승,Fighter|Assassin,Q,음파 / 공명의 일격,Sonic Wave / Resonating Strike,10/9/8/7/6,"음파: 리 신이 음파를 발사하여 적의 위치를 파악하며, 음파에 맞은 적에게 물리 피해를 입힙니다. 적이 음파에 명중하면 다음 3초 안에 공명의 일격을 시전할 수 있습니다. 공명의 일격: 리 신이 음파에 맞은 적에게 돌격해 적이 잃은 체력에 비례한 물리 피해를 입힙니다."
LeeSin,리 신,Lee Sin,눈먼 수도승,Fighter|Assassin,W,방호 / 강철의 의지,Safeguard / Iron Will,7,방호: 리 신이 대상 아군에게 돌격하여 자신에게 피해를 흡수하는 보호막을 생성합니다. 해당 아군이 챔피언일 경우 아군에게도 보호막이 적용됩니다. 방호를 사용하고 난 뒤 강철의 의지를 시전할 수 있습니다. 강철의 의지: 고된 수행으로 리 신이 전투에서 보다 잘 살아남을 수 있게 됩니다. 모든 피해 흡혈 효과를 얻습니다.
LeeSin,리 신,Lee Sin,눈먼 수도승,Fighter|Assassin,E,폭풍/무력화,Tempest / Cripple,8,폭풍: 리 신이 바닥을 내리쳐 마법 피해를 입히고 은신한 유닛을 드러내는 충격파를 발생시킵니다. 폭풍이 적에게 명중하면 무력화를 사용할 수 있습니다. 무력화: 리 신이 폭풍에 피해를 입은 적을 약화시키며 이동 속도를 낮춥니다. 저하된 이동 속도는 시간이 지남에 따라 점차 회복됩니다.
LeeSin,리 신,Lee Sin,눈먼 수도승,Fighter|Assassin,R,용의 분노,Dragon's Rage,110/85/60,"리 신이 강력한 돌려차기로 적 챔피언을 뒤로 밀어내고 공격 대상과 대상과 부딪히는 모든 적에게 물리 피해를 입힙니다. 공격 대상과 부딪힌 적은 짧은 시간 공중에 떠오릅니다. 이 기술은 제시 페링이 전수한 기술이지만, 리 신은 적을 맵 밖으로 날려버리지는 않습니다."
Leona,레오나,Leona,여명의 빛,Tank|Support,P,햇빛,Sunlight,-,공격 스킬은 대상에게 1.5초 동안 햇빛 효과를 부여합니다. 아군 챔피언이 햇빛에 걸린 적을 공격하면 햇빛 효과가 사라지며 추가 마법 피해를 줍니다.
Leona,레오나,Leona,여명의 빛,Tank|Support,Q,여명의 방패,Shield of Daybreak,5,레오나가 다음 기본 공격에서 방패를 사용하여 대상에게 추가 마법 피해를 입히고 기절시킵니다.
Leona,레오나,Leona,여명의 빛,Tank|Support,W,일식,Eclipse,14/13/12/11/10,레오나가 방패를 들어 피해량 감소 효과를 얻고 방어력과 마법 저항력을 높입니다. 지속시간이 끝날 때 근처에 적이 있으면 마법 피해를 주며 스킬의 지속시간이 늘어납니다.
Leona,레오나,Leona,여명의 빛,Tank|Support,E,천공의 검,Zenith Blade,12/10.5/9/7.5/6,레오나가 검으로 태양의 형상을 쏘아 일직선에 있는 적에게 마법 피해를 줍니다. 이 형상이 사라지면 마지막으로 공격 당한 챔피언이 일시적으로 이동 불능 상태가 되며 레오나가 그쪽으로 돌격하게 됩니다.
Leona,레오나,Leona,여명의 빛,Tank|Support,R,흑점 폭발,Solar Flare,90/75/60,레오나가 태양 에너지를 소환하여 일정 범위 내 적에게 피해를 줍니다. 이 범위 한가운데 있는 적은 기절하며 외곽에 있는 적은 이동 속도가 느려집니다.
Lillia,릴리아,Lillia,수줍은 꽃,Fighter|Mage,P,꿈나무 지팡이,Dream-Laden Bough,-,챔피언 또는 몬스터에게 스킬이 적중하면 지속시간 동안 최대 체력에 비례한 피해를 추가로 입힙니다.
Lillia,릴리아,Lillia,수줍은 꽃,Fighter|Mage,Q,뾰로롱 강타,Blooming Blows,6/5.5/5/4.5/4,기본 지속 효과로 스킬이 적에게 적중하면 릴리아의 이동 속도가 중첩되어 증가합니다. 사용 시 근처 적에게 마법 피해를 입히고 가장자리에 있는 적에게 추가 고정 피해를 입힙니다.
Lillia,릴리아,Lillia,수줍은 꽃,Fighter|Mage,W,이익! 쿵!,Watch Out! Eep!,14/13/12/11/10,릴리아가 근처 적에게 피해를 입힙니다. 중심에 있는 적에게는 더 큰 피해를 입힙니다.
Lillia,릴리아,Lillia,수줍은 꽃,Fighter|Mage,E,데굴데굴 씨앗,Swirlseed,12,릴리아가 씨앗을 던져 적중한 적에게 피해를 입히고 둔화시킵니다. 씨앗은 벽 또는 대상에 부딪힐 때까지 굴러갑니다.
Lillia,릴리아,Lillia,수줍은 꽃,Fighter|Mage,R,감미로운 자장가,Lilting Lullaby,150/130/110,릴리아가 꿈가루가 묻은 적을 전부 졸음 상태에 빠뜨린 뒤 잠들게 합니다. 피해를 입어 깨어난 적은 추가 피해를 입습니다.
Lissandra,리산드라,Lissandra,얼음 마녀,Mage,P,냉기의 지배,Iceborn Subjugation,-,리산드라 주변의 적 챔피언이 쓰러지면 얼음 노예가 됩니다. 얼음 노예는 주변의 적을 모두 둔화시키고 잠시 후 극도로 차가운 냉기에 의해 폭발하며 마법 피해를 입힙니다.
Lissandra,리산드라,Lissandra,얼음 마녀,Mage,Q,얼음 파편,Ice Shard,7/6/5/4/3,"적을 맞히면 부서지는 얼음창을 던져 마법 피해를 입히고 이동 속도를 늦춥니다. 파편들이 대상을 꿰뚫고 나가, 여기에 맞는 다른 적들에게도 동일한 피해를 입힙니다."
Lissandra,리산드라,Lissandra,얼음 마녀,Mage,W,서릿발,Ring of Frost,10/9.5/9/8.5/8,주변 적들을 꽁꽁 얼려 마법 피해를 입히면서 발을 묶습니다.
Lissandra,리산드라,Lissandra,얼음 마녀,Mage,E,얼음갈퀴 길,Glacial Path,24/21/18/15/12,리산드라가 마법 피해를 주는 얼음갈퀴를 생성합니다. 이 스킬을 다시 시전하면 리산드라가 얼음갈퀴의 현재 위치로 순간이동합니다.
Lissandra,리산드라,Lissandra,얼음 마녀,Mage,R,얼음 무덤,Frozen Tomb,120/100/80,"적 챔피언에게 시전하면 대상이 꽁꽁 얼면서 기절합니다. 리산드라에게 시전하면 몸을 어둠의 얼음으로 감싸, 공격할 수 없는 무적 상태가 된 채로 자신을 치유합니다. 그 다음 어둠의 얼음이 대상에게서 번져나가 적들에게 마법 피해를 주며 이동 속도를 늦춥니다."
Locke,로크,Locke,잿빛 퇴마사,Assassin|Mage,P,은빛 말뚝,Silver Stake,-,기본 공격 적중 시 추가 마법 피해를 입힙니다. 피해량은 적이 잃은 체력에 비례해 증가합니다.
Locke,로크,Locke,잿빛 퇴마사,Assassin|Mage,Q,의식용 대못,Ritual Nails,10/9/8/7/6,로크가 영혼의 대못을 여러 개 준비하고 던져 적중한 적에게 피해를 입히고 표식을 남깁니다. 로크는 기본 공격으로 표식을 소모하고 추가 피해를 입힐 수 있습니다.
Locke,로크,Locke,잿빛 퇴마사,Assassin|Mage,W,영혼 점화,Soul Ignition,18/17/16/15/14,로크가 자신의 영혼을 불태워 공격 속도와 이동 속도를 얻고 자신에게 피해를 입힙니다. 지속시간이 끝나면 로크는 효과 지속시간 동안 받은 피해량의 일부를 회복합니다.
Locke,로크,Locke,잿빛 퇴마사,Assassin|Mage,E,잿빛 추격,Ashen Pursuit,10,"로크가 지정한 위치로 순간이동한 후 다음 대상에게 돌진해 공격하며, 경로상의 적에게 피해를 입힙니다."
Locke,로크,Locke,잿빛 퇴마사,Assassin|Mage,R,연옥,Purgatory,120/100/80,로크가 적을 구속하는 유물을 던져 적중한 적에게 피해를 입히고 경우에 따라 처형합니다. 로크는 적 챔피언을 봉인해 추가 위력을 얻습니다.
Lucian,루시안,Lucian,정화의 사도,Marksman|Assassin,P,빛의 사수,Lightslinger,-,"루시안이 스킬을 사용할 때마다 다음 공격이 2연속으로 발사됩니다. 아군이 루시안에게 회복 또는 보호막 효과를 부여하거나, 근처 적 챔피언이 이동 불가 상태가 되면 루시안의 다음 기본 공격 2회가 추가 마법 피해를 입힙니다."
Lucian,루시안,Lucian,정화의 사도,Marksman|Assassin,Q,꿰뚫는 빛,Piercing Light,9/8/7/6/5,루시안이 대상을 관통하는 빛 줄기를 발사합니다.
Lucian,루시안,Lucian,정화의 사도,Marksman|Assassin,W,타는 불길,Ardent Blaze,14/13/12/11/10,루시안이 별 모양으로 폭발하여 적에게 표식을 남기는 미사일을 발사합니다. 미사일에 맞은 적은 잠시 위치가 드러나며 표식이 남아 있는 적을 공격하면 루시안의 이동 속도가 상승합니다.
Lucian,루시안,Lucian,정화의 사도,Marksman|Assassin,E,끈질긴 추격,Relentless Pursuit,16/15.5/15/14.5/14,루시안이 짧은 거리를 빠르게 돌진합니다. 빛의 사수 스킬로 공격하면 끈질긴 추격의 재사용 대기시간이 감소합니다.
Lucian,루시안,Lucian,정화의 사도,Marksman|Assassin,R,빛의 심판,The Culling,110/100/90,루시안의 무기에서 총알이 난사됩니다.
Lulu,룰루,Lulu,요정 마법사,Support|Mage,P,요정 친구 픽스,"Pix, Faerie Companion",-,"픽스는 현재 따라다니는 챔피언이 적 유닛을 공격할 때마다 함께 마법 광선을 발사합니다. 이 마법 광선은 목표를 추적하지만, 다른 유닛이 막아서 대신 맞을 수 있습니다."
Lulu,룰루,Lulu,요정 마법사,Support|Mage,Q,반짝반짝 창,Glitterlance,7,픽스와 룰루가 각각 마법 화살을 하나씩 발사하여 맞는 적에게 피해를 입히고 둔화시킵니다.
Lulu,룰루,Lulu,요정 마법사,Support|Mage,W,변덕쟁이,Whimsy,18,아군에게 사용하면 잠깐 동안 대상의 공격 속도와 이동 속도가 상승합니다. 적에게 시전하면 기본 공격이나 스킬 시전이 불가능한 귀여운 생물로 변합니다.
Lulu,룰루,Lulu,요정 마법사,Support|Mage,E,"도와줘, 픽스!","Help, Pix!",10/9.5/9/8.5/8,아군에게 시전하면 픽스가 대상에게 점프하여 보호막을 씌워줍니다. 그 다음 대상을 따라다니며 공격을 돕습니다. 적에게 시전하면 픽스가 대상에게 점프하여 피해를 줍니다. 그 다음 대상을 따라다니며 위치를 확인할 수 있도록 해 줍니다.
Lulu,룰루,Lulu,요정 마법사,Support|Mage,R,급성장,Wild Growth,120/100/80,"룰루가 아군의 몸집을 키우며 근처의 적들을 공중으로 띄워올리고, 아군의 체력을 대폭 높여줍니다. 이후 몇 초 동안 해당 아군에게 오라가 생겨 근처의 적들은 속도가 느려집니다."
Lux,럭스,Lux,광명의 소녀,Mage|Support,P,광채,Illumination,-,럭스의 공격 스킬은 몇 초 동안 적을 빛의 에너지로 가득 채웁니다. 럭스의 기본 공격으로 이 에너지를 불태우면 적은 럭스의 레벨에 비례하는 추가 마법 피해를 받습니다.
Lux,럭스,Lux,광명의 소녀,Mage|Support,Q,빛의 속박,Light Binding,10,럭스가 빛의 구를 발사하여 최대 2명의 적 유닛을 속박하며 피해를 입힙니다.
Lux,럭스,Lux,광명의 소녀,Mage|Support,W,프리즘 보호막,Prismatic Barrier,12/11.5/11/10.5/10,럭스가 마법봉을 던져 아군 주변의 빛을 구부리며 적의 공격으로부터 보호해줍니다.
Lux,럭스,Lux,광명의 소녀,Mage|Support,E,광휘의 특이점,Lucent Singularity,10/9.5/9/8.5/8,지정한 지역에 뒤틀린 빛의 구체를 띄워 주변 적의 속도를 늦춥니다. 럭스는 이 빛을 폭발시켜 피해를 입힐 수 있습니다.
Lux,럭스,Lux,광명의 소녀,Mage|Support,R,최후의 섬광,Final Spark,60/50/40,럭스가 에너지를 모아 빛 기둥을 발사하며 목표 지역에 있는 모든 대상에게 피해를 입힙니다. 또한 이는 럭스의 기본 지속 효과 스킬을 발동시키고 광채 효과의 지속시간을 갱신합니다.
Malphite,말파이트,Malphite,거석의 파편,Tank|Mage,P,화강암 방패,Granite Shield,-,말파이트는 여러 겹의 돌로 감싸여 있어 자신의 최대 체력 10%만큼의 피해를 흡수할 수 있습니다. 말파이트가 몇 초 동안 공격 받지 않으면 보호막이 재생성됩니다.
Malphite,말파이트,Malphite,거석의 파편,Tank|Mage,Q,지진의 파편,Seismic Shard,8,말파이트가 땅을 통해 대지의 조각을 날려 피해를 입히며 3초 동안 이동 속도를 훔칩니다.
Malphite,말파이트,Malphite,거석의 파편,Tank|Mage,W,천둥소리,Thunderclap,10/9.5/9/8.5/8,말파이트가 굉음을 내며 공격합니다. 이후 수 초 동안 말파이트의 공격이 전방에 여진을 일으킵니다.
Malphite,말파이트,Malphite,거석의 파편,Tank|Mage,E,지면 강타,Ground Slam,7,"말파이트가 땅을 내리쳐 충격파를 만들어 냅니다. 충격파는 말파이트 방어력의 일부에 해당하는 마법 피해를 입히며, 이에 맞은 적은 잠시 동안 공격 속도가 감소합니다."
Malphite,말파이트,Malphite,거석의 파편,Tank|Mage,R,멈출 수 없는 힘,Unstoppable Force,130/115/100,말파이트가 목표 위치로 돌진하여 적에게 피해를 입히고 공중으로 띄워 올립니다.
Malzahar,말자하,Malzahar,공허의 예언자,Mage,P,공허 태세,Void Shift,-,일정 시간 동안 군중 제어기에 적중당하거나 피해를 입지 않으면 받는 피해량이 큰 폭으로 감소하고 군중 제어기에 면역이 됩니다. 이 효과는 피해를 입거나 군중 제어기에 적중당하면 잠시 후 사라집니다.
Malzahar,말자하,Malzahar,공허의 예언자,Mage,Q,공허의 부름,Call of the Void,6,말자하가 공허로 이어지는 두 개의 문을 엽니다. 얼마 뒤 문에서 투사체가 발사되어 적에게 마법 피해를 입히고 침묵 효과를 부여합니다.
Malzahar,말자하,Malzahar,공허의 예언자,Mage,W,공허의 무리,Void Swarm,8,말자하가 공허충을 소환해 주변 적을 공격하게 합니다.
Malzahar,말자하,Malzahar,공허의 예언자,Mage,E,재앙의 환상,Malefic Visions,11/10/9/8/7,"말자하가 대상의 머릿속에 최후의 광경을 보여주며 지속적으로 피해를 입힙니다. 말자하가 대상에게 다른 스킬을 사용하면 환상의 지속시간이 초기화됩니다. 이 동안 대상이 쓰러지면 환상은 주변 적에게 옮겨가고, 말자하는 마나를 획득합니다. 말자하의 공허충은 환상으로 오염된 대상에게 몰려갑니다."
Malzahar,말자하,Malzahar,공허의 예언자,Mage,R,황천의 손아귀,Nether Grasp,140/110/80,말자하가 공허의 정수를 쏟아부어 적 챔피언을 제압하고 지대를 생성해 내부의 적에게 피해를 입힙니다.
Maokai,마오카이,Maokai,뒤틀린 나무 정령,Tank|Support,P,마법 흡수,Sap Magic,-,마오카이는 기본 지속 효과로 기본 공격 시 체력을 회복하고 추가 피해를 입힙니다. 적 스킬에 맞거나 직접 스킬을 사용하면 기본 지속 효과의 재사용 대기시간이 감소합니다.
Maokai,마오카이,Maokai,뒤틀린 나무 정령,Tank|Support,Q,덤불 주먹,Bramble Smash,7/6.5/6/5.5/5,마오카이가 충격파를 일으켜 근처의 적을 뒤로 날려버리고 마법 피해를 입히며 둔화시킵니다.
Maokai,마오카이,Maokai,뒤틀린 나무 정령,Tank|Support,W,뒤틀린 전진,Twisted Advance,14/13/12/11/10,마오카이가 움직이는 뿌리 덩어리로 변신해 대상에게 도약해 속박합니다. 이때 마오카이는 대상으로 지정할 수 없습니다.
Maokai,마오카이,Maokai,뒤틀린 나무 정령,Tank|Support,E,묘목 던지기,Sapling Toss,18/17/16/15/14,마오카이가 묘목을 던져 해당 지역을 감시하게 합니다. 수풀에서는 효과가 향상됩니다.
Maokai,마오카이,Maokai,뒤틀린 나무 정령,Tank|Support,R,대자연의 마수,Nature's Grasp,130/110/90,마오카이가 나뭇가지와 가시로 된 거대 벽을 소환합니다. 벽은 천천히 전진하며 벽에 닿은 적에게 피해를 입히고 속박합니다.
MasterYi,마스터 이,Master Yi,우주 검사,Fighter|Assassin,P,2연속 공격,Double Strike,-,마스터 이는 몇 차례 연속으로 기본 공격을 한 이후에 2번 연속 공격합니다.
MasterYi,마스터 이,Master Yi,우주 검사,Fighter|Assassin,Q,일격 필살,Alpha Strike,20/19.5/19/18.5/18,"마스터 이가 전장을 순식간에 가로질러 여러 명의 적 유닛에게 물리 피해를 입히며, 그동안 대상으로 지정할 수 없는 상태가 됩니다. 일격 필살은 치명타가 발동하며 몬스터에게 추가 물리 피해를 입힐 수 있습니다. 기본 공격을 하면 일격 필살의 재사용 대기시간이 감소합니다."
MasterYi,마스터 이,Master Yi,우주 검사,Fighter|Assassin,W,명상,Meditate,10,"마스터 이가 정신을 집중하며 체력을 회복해, 짧은 시간 동안 받는 피해량이 감소합니다. 정신을 집중하는 동안 매초 2연속 공격 중첩을 얻고 최후의 전사와 우주류 검술의 남은 지속시간이 일시 정지됩니다."
MasterYi,마스터 이,Master Yi,우주 검사,Fighter|Assassin,E,우주류 검술,Wuju Style,14,기본 공격에 추가 고정 피해가 적용됩니다.
MasterYi,마스터 이,Master Yi,우주 검사,Fighter|Assassin,R,최후의 전사,Highlander,85,마스터 이가 엄청난 속도로 이동하며 순간적으로 자신의 이동 속도와 공격 속도를 높이고 모든 둔화 효과에 대해 면역이 됩니다. 스킬이 활성화된 동안 적 챔피언을 처치하거나 어시스트를 올리면 최후의 전사 지속시간이 늘어납니다. 적 챔피언을 처치하거나 어시스트를 올리면 기본 지속 효과로 다른 스킬들의 재사용 대기시간이 감소합니다.
Mel,멜,Mel,영혼의 반향,Mage|Support,P,이글거리는 광휘,Searing Brilliance,-,멜이 스킬을 사용할 때마다 다음 기본 공격 시 투사체가 3개 (최대 9개) 추가됩니다. 멜이 스킬 또는 기본 공격으로 피해를 입히면 무한히 중첩할 수 있는 압도를 적용합니다. 압도 피해가 충분한 상태에서 멜의 공격이 적에게 적중하면 중첩을 소모하여 대상을 처형합니다.
Mel,멜,Mel,영혼의 반향,Mage|Support,Q,빛의 세례,Radiant Volley,10/9/8/7/6,멜이 대상 지점 주위에 폭발하는 투사체를 퍼부어 해당 지역 안에 있는 적에게 반복해서 피해를 입힙니다.
Mel,멜,Mel,영혼의 반향,Mage|Support,W,반박,Rebuttal,38/35/33/29/26,멜이 자신을 방어막으로 감싸 적 투사체를 공격자에게 반사하고 자신이 받는 피해를 막으며 이동 속도를 얻습니다.
Mel,멜,Mel,영혼의 반향,Mage|Support,E,태양 올가미,Solar Snare,11/10.5/10/9.5/9,멜이 전방으로 찬란한 구체를 발사하여 중심에 있는 적을 속박하는 한편 그 주변에 있는 적을 둔화시키며 지속 피해를 입힙니다.
Mel,멜,Mel,영혼의 반향,Mage|Support,R,황금 일식,Golden Eclipse,120/100/80,멜이 압도 중첩이 적용된 모든 적을 거리와 상관없이 공격하여 압도 중첩당 추가 피해를 입힙니다. 황금 일식의 레벨이 높을수록 압도의 피해가 커집니다.
Milio,밀리오,Milio,온화한 불꽃,Support|Mage,P,타오르는 힘,Fired Up!,-,밀리오의 스킬에 닿은 아군은 다음 공격으로 큰 추가 피해를 입히고 대상을 불태웁니다.
Milio,밀리오,Milio,온화한 불꽃,Support|Mage,Q,초특급 불꽃 킥,Ultra Mega Fire Kick,10,적을 밀쳐내는 공을 걷어찹니다. 적중한 공은 위로 날아가 적을 향해 떨어지며 충돌한 영역 주변에 있는 적들에게 피해를 입히고 둔화시킵니다.
Milio,밀리오,Milio,온화한 불꽃,Support|Mage,W,아늑한 모닥불,Cozy Campfire,29/27/25/23/21,아군을 회복시키고 공격 사거리를 증가시키는 구역을 만듭니다. 이 구역은 스킬을 사용한 지점에서 가장 가까운 아군을 따라다닙니다.
Milio,밀리오,Milio,온화한 불꽃,Support|Mage,E,따스한 포옹,Warm Hugs,0.5,아군 한 명에게 보호막을 부여해 잠시 동안 이동 속도를 높여줍니다. 이 스킬은 2회까지 충전됩니다.
Milio,밀리오,Milio,온화한 불꽃,Support|Mage,R,생명의 온기,Breath of Life,160/145/130,치유의 불꽃을 보내 범위 내 아군의 체력을 회복시키고 군중 제어 효과를 제거합니다.
MissFortune,미스 포츈,Miss Fortune,현상금 사냥꾼,Marksman|Mage,P,사랑의 한 방,Love Tap,-,미스 포츈은 새로운 대상에게 기본 공격을 가할 때마다 추가 물리 피해를 입힙니다.
MissFortune,미스 포츈,Miss Fortune,현상금 사냥꾼,Marksman|Mage,Q,한 발에 두 놈,Double Up,7/6/5/4/3,미스 포츈이 하나의 대상에게 총알을 쏘아 대상과 대상 뒤에 있는 적에게 피해를 입힙니다. 두 번 모두에 사랑의 한 방이 적용될 수 있습니다.
MissFortune,미스 포츈,Miss Fortune,현상금 사냥꾼,Marksman|Mage,W,활보,Strut,12,미스 포츈은 얼마 동안 피해를 입지 않으면 이동 속도가 점점 올라갑니다. 이 스킬을 활성화하면 잠깐 동안 미스 포츈의 공격 속도가 높아집니다. 재사용 대기 중일 때는 사랑의 한 방을 활용해 활보의 재사용 대기시간을 줄일 수 있습니다.
MissFortune,미스 포츈,Miss Fortune,현상금 사냥꾼,Marksman|Mage,E,총알은 비를 타고,Make It Rain,18/17/16/15/14,미스 포츈이 총알을 퍼부어 지정 지역의 시야를 밝힙니다. 해당 위치에 있는 적은 여러 차례 피해를 입고 이동 속도가 느려집니다.
MissFortune,미스 포츈,Miss Fortune,현상금 사냥꾼,Marksman|Mage,R,쌍권총 난사,Bullet Time,120/110/100,미스 포츈이 정면에 원뿔 형태로 수백 발의 총알을 난사해 적에게 대량의 피해를 입힙니다. 쌍권총 난사는 매회 발사 시 각각 치명타가 적용될 수 있습니다.
MonkeyKing,오공,Wukong,원숭이 왕,Fighter|Tank,P,바위 피부,Stone Skin,-,오공이 챔피언 및 몬스터와 싸우는 동안 방어력이 점점 높아지며 최대 체력 재생 효과를 얻습니다.
MonkeyKing,오공,Wukong,원숭이 왕,Fighter|Tank,Q,파쇄격,Crushing Blow,8/7.5/7/6.5/6,오공의 다음 공격 사거리가 증가하고 추가 피해를 입히며 맞은 대상의 방어력이 몇 초 동안 낮아집니다.
MonkeyKing,오공,Wukong,원숭이 왕,Fighter|Tank,W,분신 전사,Warrior Trickster,22/21/20/19/18,오공이 잠깐 동안 투명 상태가 되고 지정한 방향으로 돌진하며 근처 적을 공격하는 분신을 남깁니다.
MonkeyKing,오공,Wukong,원숭이 왕,Fighter|Tank,E,근두운 급습,Nimbus Strike,10/9.25/8.5/7.75/7,오공이 대상에게 돌격하는 동시에 자신의 분신을 만들어 대상 근처에 있는 적들에게 추가 공격을 하여 피해를 줍니다.
MonkeyKing,오공,Wukong,원숭이 왕,Fighter|Tank,R,회전격,Cyclone,130/110/90,오공이 여의봉을 늘린 후 빙빙 휘두르며 이동 속도가 증가합니다. 적중당한 적은 피해를 입고 공중에 떠오릅니다.
Mordekaiser,모데카이저,Mordekaiser,강철의 망령,Fighter|Mage,P,암흑 탄생,Darkness Rise,-,모데카이저가 적 챔피언이나 몬스터에게 공격 또는 스킬을 3회 적중시키면 강력한 피해를 입히는 오라를 얻고 이동 속도가 증가합니다.
Mordekaiser,모데카이저,Mordekaiser,강철의 망령,Fighter|Mage,Q,말살,Obliterate,8/7/6/5/4,모데카이저가 땅에 철퇴를 내리쳐 적중시킨 적에게 각각 피해를 입힙니다. 단일 대상에게 적중 시 피해량이 증가합니다.
Mordekaiser,모데카이저,Mordekaiser,강철의 망령,Fighter|Mage,W,불멸,Indestructible,12/11/10/9/8,모데카이저가 입히거나 받는 피해를 흡수하여 보호막을 충전합니다. 보호막을 소모하여 체력을 회복할 수 있습니다.
Mordekaiser,모데카이저,Mordekaiser,강철의 망령,Fighter|Mage,E,죽음의 손아귀,Death's Grasp,16/14/12/10/8,모데카이저가 일정 지역에 있는 모든 적을 끌어당깁니다.
Mordekaiser,모데카이저,Mordekaiser,강철의 망령,Fighter|Mage,R,죽음의 세계,Realm of Death,140/120/100,모데카이저가 대상을 다른 차원으로 끌고 가 능력치의 일부를 훔칩니다. 처치 시 적이 부활할 때까지 훔친 능력치가 유지됩니다.
Morgana,모르가나,Morgana,타락한 자,Support|Mage,P,영혼 흡수,Soul Siphon,-,"모르가나가 적의 영혼을 흡수하여 챔피언, 대형 미니언, 중형 및 대형 정글 몬스터에게 피해를 입힐 때 체력을 회복합니다."
Morgana,모르가나,Morgana,타락한 자,Support|Mage,Q,어둠의 속박,Dark Binding,10,모르가나가 흑마법으로 적을 제자리에 속박하고 적이 유발한 고통을 스스로 느끼게 하여 마법 피해를 입힙니다.
Morgana,모르가나,Morgana,타락한 자,Support|Mage,W,고통의 그림자,Tormented Shadow,12,모르가나가 대상 지역에 저주받은 그림자를 펼쳐 검은 원 안에 서 있는 적에게 피해를 입힙니다. 대상은 자신이 잃은 체력에 비례하는 마법 피해를 지속적으로 입습니다.
Morgana,모르가나,Morgana,타락한 자,Support|Mage,E,칠흑의 방패,Black Shield,26/23.5/21/18.5/16,모르가나가 아군에게 별의 화염이 깃든 보호막을 칩니다. 보호막은 깨질 때까지 마법 피해와 방해 효과를 흡수합니다.
Morgana,모르가나,Morgana,타락한 자,Support|Mage,R,영혼의 족쇄,Soul Shackles,120/110/100,모르가나가 날개를 펼치며 천상의 힘을 완전히 해방하여 땅 위로 날아오르고 주변 적 챔피언에게 검은 고통의 사슬을 날립니다. 모르가나의 이동 속도가 증가합니다. 사슬은 이동 속도를 늦추고 처음에 피해를 입히며 시간이 지난 후에도 사슬을 벗어나지 못하는 적을 기절시킵니다.
Naafiri,나피리,Naafiri,백 번 무는 사냥개,Assassin|Fighter,P,늘어나는 무리,We Are More,-,나피리가 자신이 공격하거나 스킬을 사용하는 대상을 함께 공격하는 무리를 소환합니다.
Naafiri,나피리,Naafiri,백 번 무는 사냥개,Assassin|Fighter,Q,다르킨 단검,Darkin Daggers,9/8.5/8/7.5/7,나피리가 최대 두 개의 단검을 던져 각 단검으로 출혈을 일으킵니다. 대상이 이미 출혈 상태라면 그 대신 추가 피해를 입힙니다. 무리가 이 스킬에 처음 적중당한 챔피언 또는 몬스터를 향해 도약해 공격합니다.
Naafiri,나피리,Naafiri,백 번 무는 사냥개,Assassin|Fighter,W,무리의 부름,The Call of the Pack,26/24/22/20/18,나피리가 대상으로 지정할 수 없는 상태가 되고 무리를 강화하며 추가로 무리를 소환하고 이동 속도와 공격력이 증가합니다.
Naafiri,나피리,Naafiri,백 번 무는 사냥개,Assassin|Fighter,E,적출,Eviscerate,11/10/9/8/7,나피리가 돌진해 주변 적에게 피해를 입히고 무리를 다시 불러 체력을 최대로 회복시킵니다.
Naafiri,나피리,Naafiri,백 번 무는 사냥개,Assassin|Fighter,R,사냥개의 추적,Hounds' Pursuit,110/95/80,나피리와 무리가 챔피언에게 돌진해 피해를 입힙니다. 나피리가 처치 관여를 달성하면 주위 적들을 드러내고 이 스킬을 한 번 재사용할 수 있습니다. 두 번째 사용 시 보호막을 얻습니다.
Nami,나미,Nami,파도 소환사,Support|Mage,P,밀려오는 파도,Surging Tides,-,나미의 스킬에 맞은 아군 챔피언은 짧은 시간 동안 이동 속도가 상승합니다.
Nami,나미,Nami,파도 소환사,Support|Mage,Q,물의 감옥,Aqua Prison,12/11/10/9/8,거대한 물방울을 지정한 위치로 발사해 물방울이 닿은 적에게 피해를 입히고 닿는 순간 기절시킵니다.
Nami,나미,Nami,파도 소환사,Support|Mage,W,밀물 썰물,Ebb and Flow,10,"밀려드는 파도를 보내 아군 및 적 챔피언을 번갈아 맞히면서, 아군은 치유하고 적에게는 피해를 입힙니다."
Nami,나미,Nami,파도 소환사,Support|Mage,E,파도 소환사의 축복,Tidecaller's Blessing,11,"잠시 동안 아군 챔피언들을 강화해, 기본 공격과 스킬 사용 시 추가 마법 피해를 입히고 대상에게 둔화를 걸 수 있게 만듭니다."
Nami,나미,Nami,파도 소환사,Support|Mage,R,해일,Tidal Wave,120/110/100,적들을 공중으로 띄우고 둔화를 걸면서 피해를 입히는 거대한 해일을 소환합니다. 여기에 맞은 아군은 밀려오는 파도의 효과를 두 배로 받습니다.
Nasus,나서스,Nasus,사막의 관리자,Fighter|Tank,P,영혼의 포식자,Soul Eater,-,나서스는 적의 영혼을 흡수하여 추가 생명력 흡수 효과를 얻습니다.
Nasus,나서스,Nasus,사막의 관리자,Fighter|Tank,Q,흡수의 일격,Siphoning Strike,7.5/6.5/5.5/4.5/3.5,나서스가 적을 공격하여 피해를 입힙니다. 흡수의 일격으로 대상을 처치할 경우 흡수의 일격 스킬이 강화됩니다.
Nasus,나서스,Nasus,사막의 관리자,Fighter|Tank,W,쇠약,Wither,15/14/13/12/11,나서스가 적 챔피언의 노화를 촉진시켜 이동 속도와 공격 속도를 점진적으로 늦춥니다.
Nasus,나서스,Nasus,사막의 관리자,Fighter|Tank,E,영혼의 불길,Spirit Fire,12,나서스가 영혼의 불꽃을 일으켜 해당 지역에 서 있는 적에게 피해를 입히고 방어력을 낮춥니다.
Nasus,나서스,Nasus,사막의 관리자,Fighter|Tank,R,사막의 분노,Fury of the Sands,120/100/80,"나서스가 강력한 모래 폭풍을 소환하여 주변의 적을 강타합니다. 나서스는 폭풍이 부는 동안 체력과 공격 범위가 증가하며, 주변의 적에게 피해를 입히고, 흡수의 일격 재사용 대기시간이 감소하며, 추가 방어력과 마법 저항력을 얻습니다."
Nautilus,노틸러스,Nautilus,심해의 타이탄,Tank|Support,P,강력한 일격,Staggering Blow,-,노틸러스가 대상에 대한 첫 기본 공격 시 추가 물리 피해를 입히고 잠시 속박합니다.
Nautilus,노틸러스,Nautilus,심해의 타이탄,Tank|Support,Q,닻줄 견인,Dredge Line,14/13/12/11/10,노틸러스가 전방으로 닻을 던집니다. 닻이 적을 맞히면 노틸러스와 대상이 가까이 당겨지며 대상에게 마법 피해를 입힙니다. 닻이 지형을 맞히면 노틸러스가 지형 쪽으로 끌려갑니다.
Nautilus,노틸러스,Nautilus,심해의 타이탄,Tank|Support,W,타이탄의 분노,Titan's Wrath,12,노틸러스가 잠시 보호막을 얻습니다. 보호막이 지속되는 동안 노틸러스의 기본 공격은 대상과 대상 주위의 적에게 지속 피해를 입힙니다.
Nautilus,노틸러스,Nautilus,심해의 타이탄,Tank|Support,E,역조,Riptide,7/6.5/6/5.5/5,노틸러스가 주위에 세 번의 폭발을 일으킵니다. 폭발할 때마다 적에게 피해를 입히고 둔화시킵니다.
Nautilus,노틸러스,Nautilus,심해의 타이탄,Tank|Support,R,폭뢰,Depth Charge,120/100/80,지면에 충격파를 발사하면 상대방을 추적해 갑니다. 충격파는 위의 지면을 찢으며 적들을 공중으로 띄웁니다. 충격파가 상대방에게 닿으면 폭발하여 대상을 공중으로 띄우고 기절시킵니다.
Neeko,니코,Neeko,알쏭달쏭 카멜레온,Mage|Support,P,태고의 마력,Inherent Glamour,-,니코가 아군 챔피언 또는 맵에 있는 다른 유닛 중 하나로 변신합니다. 이동 불가 군중 제어기에 당하거나 피해를 입히는 스킬을 사용하거나 챔피언이 아닌 상태에서 적 포탑에 피해를 입히거나 변장한 유닛의 체력만큼 피해를 입으면 변신이 풀립니다.
Neeko,니코,Neeko,알쏭달쏭 카멜레온,Mage|Support,Q,꽃망울 폭발,Blooming Burst,9/8.5/8/7.5/7,니코가 씨앗을 던져 마법 피해를 입힙니다. 씨앗이 적 챔피언에게 피해를 입히거나 유닛을 처치하면 한 번 더 폭발합니다.
Neeko,니코,Neeko,알쏭달쏭 카멜레온,Mage|Support,W,형상 분리,Shapesplitter,16/15/14/13/12,"니코가 기본 지속 효과로 세 번째 기본 공격마다 추가 마법 피해를 입히고 잠시 이동 속도가 증가합니다. 사용 시에는 자신을 복제한 형상을 지정한 방향으로 보낼 수 있으며, 재사용 시 방향을 변경할 수 있습니다."
Neeko,니코,Neeko,알쏭달쏭 카멜레온,Mage|Support,E,칭칭올가미,Tangle-Barbs,12/11.5/11/10.5/10,"니코가 올가미를 던져 적중한 모든 적에게 피해를 입히고 속박합니다. 올가미로 적을 맞히면 올가미가 더 커지고, 더 빠르게 날아가며 속박 지속시간도 길어집니다."
Neeko,니코,Neeko,알쏭달쏭 카멜레온,Mage|Support,R,만개,Pop Blossom,120/105/90,니코가 잠시 준비한 후 공중으로 도약하며 주변 모든 적을 공중에 띄웁니다. 땅에 착지하면 주변 적이 피해를 입고 기절합니다. 변신 상태에서는 준비하는 모습이 적에게 보이지 않습니다.
Nidalee,니달리,Nidalee,야성의 사냥꾼,Assassin|Mage,P,수풀 배회,Prowl,-,"수풀을 통과하면 니달리의 이동 속도가 2초간 10% 상승하며, 1400 범위 안의 눈에 보이는 적 챔피언 쪽으로 갈 때는 30%까지 올라갑니다. 챔피언이나 몬스터에게 창 투척 또는 매복 덫을 맞히면 사냥이 발동되어 4초간 대상에 대한 절대 시야를 얻습니다. 이 동안 니달리는 이동 속도가 10% 상승하고 (사냥 당하는 대상을 향해 갈 때 30% 상승) 이들을 사냥할 때 숨통 끊기와 급습이 강화됩니다."
Nidalee,니달리,Nidalee,야성의 사냥꾼,Assassin|Mage,Q,창 투척 / 숨통 끊기,Javelin Toss / Takedown,6,인간 모습일 때 - 니달리가 가시 달린 창을 대상에게 던집니다. 창이 날아가는 동안 피해가 더욱 커집니다. 쿠거 모습일 때 - 다음 공격 시 적에게 치명적인 공격을 가합니다. 대상의 체력이 낮을수록 더 큰 피해를 입힙니다.
Nidalee,니달리,Nidalee,야성의 사냥꾼,Assassin|Mage,W,매복 덫 / 급습,Bushwhack / Pounce,13/12/11/10/9,인간 모습일 때 - 니달리가 적이 밟으면 피해를 입히며 모습을 드러내는 함정을 깝니다. 쿠거 모습일 때 - 앞으로 살짝 뛰어오르며 착지 시 주위에 피해를 입힙니다.
Nidalee,니달리,Nidalee,야성의 사냥꾼,Assassin|Mage,E,태고의 생명력 / 할퀴기,Primal Surge / Swipe,12,"인간 모습일 때 - 니달리가 쿠거의 영혼과 교신하여 아군을 치료하고 짧은 시간 아군의 공격 속도를 높입니다. 쿠거 모습일 때 - 니달리가 한쪽 방향을 발톱으로 공격하여, 앞에 있는 적들에게 피해를 입힙니다."
Nidalee,니달리,Nidalee,야성의 사냥꾼,Assassin|Mage,R,쿠거의 상,Aspect Of The Cougar,3,니달리가 쿠거로 변신하여 새로운 스킬을 사용할 수 있게 됩니다.
Nilah,닐라,Nilah,해방된 기쁨,Fighter|Assassin,P,영원한 기쁨,Joy Unending,-,"미니언에게 최후의 일격을 가하면 경험치를 추가로 획득하며, 주변 아군이 부여하는 체력 회복 및 보호막 효과를 강화하고 공유합니다."
Nilah,닐라,Nilah,해방된 기쁨,Fighter|Assassin,Q,무형의 검,Formless Blade,4,지정한 방향으로 칼날 채찍을 후려쳐 일직선상에 있는 모든 적에게 피해를 입힙니다. 공격 사거리가 잠깐 동안 증가합니다.
Nilah,닐라,Nilah,해방된 기쁨,Fighter|Assassin,W,승리의 장막,Jubilant Veil,26/25/24/23/22,자신을 안개로 감싸 이동 속도를 얻고 우아하게 모든 기본 공격을 회피합니다. 안개 지속시간 중 닐라에게 닿은 아군에게도 이 효과가 적용됩니다.
Nilah,닐라,Nilah,해방된 기쁨,Fighter|Assassin,E,급류,Slipstream,0.5,대상을 향해 맹렬히 돌진해 경로상의 모든 적에게 피해를 입힙니다.
Nilah,닐라,Nilah,해방된 기쁨,Fighter|Assassin,R,환희,Apotheosis,110/95/80,신나게 칼날 채찍을 휘둘러 주변 모든 적에게 피해를 입히고 가까이 끌어당깁니다.
Nocturne,녹턴,Nocturne,영원한 악몽,Fighter|Assassin,P,그림자 칼날,Umbra Blades,-,몇 초마다 녹턴의 기본 공격이 주변 적에게 추가 물리 피해를 입히고 녹턴의 체력을 회복시킵니다. 녹턴이 기본 공격 시 이 효과의 재사용 대기시간이 감소합니다.
Nocturne,녹턴,Nocturne,영원한 악몽,Fighter|Assassin,Q,황혼의 인도자,Duskbringer,8,녹턴이 그림자 칼날을 던져 피해를 입히고 황혼의 궤적을 남깁니다. 황혼의 칼날에 적중당한 적 챔피언들 또한 황혼의 궤적을 남깁니다. 궤적에 있는 동안 녹턴은 다른 유닛을 통과할 수 있게 되며 이동 속도 및 공격력이 증가합니다.
Nocturne,녹턴,Nocturne,영원한 악몽,Fighter|Assassin,W,어둠의 장막,Shroud of Darkness,20/18/16/14/12,기본 지속 효과로 녹턴이 자신의 검을 강화하여 추가 공격 속도를 얻습니다. 스킬 사용 시 녹턴이 그림자 속으로 몸을 숨겨 적의 스킬을 한 번 막아주는 보호막을 생성합니다. 성공적으로 적의 스킬을 막았을 경우 추가 공격 속도가 2배로 올라갑니다.
Nocturne,녹턴,Nocturne,영원한 악몽,Fighter|Assassin,E,말할 수 없는 공포,Unspeakable Horror,15/14/13/12/11,녹턴이 대상의 정신에 악몽을 심어 매초 피해를 가하며 지속시간이 끝날 때까지 스킬의 사거리 밖으로 벗어나지 않을 경우 공포 효과를 적용합니다.
Nocturne,녹턴,Nocturne,영원한 악몽,Fighter|Assassin,R,피해망상,Paranoia,140/115/90,녹턴이 모든 적 챔피언의 시야 반경을 줄이고 적 챔피언들 사이의 시야 공유를 중단합니다. 스킬 사용 후 적 챔피언을 대상으로 설정할 경우 그 챔피언에게 날아가 공격합니다.
Nunu,누누와 윌럼프,Nunu & Willump,소년과 설인,Tank|Mage,P,프렐요드의 부름,Call of the Freljord,-,"누누가 윌럼프와 주변 아군 1명의 공격 속도와 이동 속도를 증가시키고, 윌럼프의 기본 공격이 대상 근처의 적에게 피해를 줍니다."
Nunu,누누와 윌럼프,Nunu & Willump,소년과 설인,Tank|Mage,Q,잡아먹기,Consume,13/12/11/10/9,"윌럼프가 미니언, 몬스터, 또는 적 챔피언을 물어뜯어 피해를 입히고 체력을 회복합니다."
Nunu,누누와 윌럼프,Nunu & Willump,소년과 설인,Tank|Mage,W,데굴데굴 눈덩이!,Biggest Snowball Ever!,14,윌럼프가 굴릴수록 크기와 속도가 증가하는 눈덩이를 생성합니다. 눈덩이는 적에게 피해를 입히고 공중으로 띄워 올립니다.
Nunu,누누와 윌럼프,Nunu & Willump,소년과 설인,Tank|Mage,E,눈덩이 팡팡팡,Snowball Barrage,14/13/12/11/10,누누가 눈덩이를 난사해 적에게 피해를 입힙니다. 누누의 공격이 끝나면 윌럼프가 눈덩이에 맞은 챔피언이나 대형 몬스터를 속박합니다.
Nunu,누누와 윌럼프,Nunu & Willump,소년과 설인,Tank|Mage,R,절대 영도,Absolute Zero,110/100/90,누누와 윌럼프가 일정 범위에 강력한 눈보라를 생성하여 적을 둔화시키고 눈보라가 끝난 후 범위 내 적에게 큰 피해를 입힙니다.
Olaf,올라프,Olaf,광전사,Fighter|Tank,P,광전사의 분노,Berserker Rage,-,올라프가 잃은 체력에 비례해 공격 속도와 생명력 흡수를 얻습니다.
Olaf,올라프,Olaf,광전사,Fighter|Tank,Q,역류,Undertow,9,올라프가 지정한 곳에 도끼를 던져 맞은 적에게 피해를 입히고 방어력과 이동 속도를 감소시킵니다. 올라프가 도끼를 다시 집으면 이 스킬의 재사용 대기시간이 초기화됩니다.
Olaf,올라프,Olaf,광전사,Fighter|Tank,W,버티기,Tough It Out,16/15/14/13/12,올라프의 공격 속도가 증가하고 보호막을 얻습니다.
Olaf,올라프,Olaf,광전사,Fighter|Tank,E,무모한 강타,Reckless Swing,11/10/9/8/7,올라프가 강력한 공격을 가하여 자신과 공격 대상에게 고정 피해를 입힙니다. 대상을 파괴한 경우 소모한 체력이 회복됩니다.
Olaf,올라프,Olaf,광전사,Fighter|Tank,R,라그나로크,Ragnarok,100/90/80,기본 지속 효과로 올라프의 방어력과 마법 저항력이 증가합니다. 올라프가 이 스킬을 사용하면 공격을 하는 동안 이동 방해 효과에 면역이 됩니다.
Orianna,오리아나,Orianna,시계태엽 소녀,Mage|Support,P,시계태엽 감기,Clockwork Windup,-,오리아나의 기본 공격은 추가 마법 피해를 입힙니다. 같은 적을 연속으로 공격할수록 추가 마법 피해량도 커집니다.
Orianna,오리아나,Orianna,시계태엽 소녀,Mage|Support,Q,명령: 공격,Command: Attack,7/6/5/4/3,오리아나가 구체에게 목표 지점으로 돌진하라고 명령하여 구체가 대상 지점으로 가는 동안 마주치는 대상에게 마법 피해를 줍니다. 여러 대상을 맞히는 경우 뒤로 갈수록 피해량이 작아집니다. 구체는 목표 지점에 머뭅니다.
Orianna,오리아나,Orianna,시계태엽 소녀,Mage|Support,W,명령: 불협화음,Command: Dissonance,7,오리아나가 구체에게 에너지파를 방출하도록 명령하여 근처에 있는 적에게 마법 피해를 입힙니다. 이때 생긴 자기장은 아군의 이동 속도를 높이고 적의 이동 속도는 늦춥니다.
Orianna,오리아나,Orianna,시계태엽 소녀,Mage|Support,E,명령: 보호,Command: Protect,9,오리아나가 구체에게 아군을 따라다니며 이들을 보호하고 도중에 마주치는 적에게 마법 피해를 입히도록 명령합니다. 구체는 또한 보호하는 챔피언의 방어력 및 마법 저항력을 높여줍니다.
Orianna,오리아나,Orianna,시계태엽 소녀,Mage|Support,R,명령: 충격파,Command: Shockwave,110/95/80,오리아나가 구체에게 충격파를 방출하도록 명령하여 근처에 있는 적에게 마법 피해를 주며 잠시 뒤 적을 구체 쪽으로 잡아당깁니다.
Ornn,오른,Ornn,거산의 화염,Tank,P,간이 대장간,Living Forge,-,오른이 추가 방어력과 마법 저항력을 얻습니다. 오른은 어디에서든 골드를 써서 소모품을 제외한 아이템을 제작할 수 있습니다. 또한 걸작 아이템을 만들어 직접 사용하거나 아군의 아이템을 업그레이드할 수 있습니다.
Ornn,오른,Ornn,거산의 화염,Tank,Q,용암 균열,Volcanic Rupture,9/8.5/8/7.5/7,오른이 지면을 내려쳐 적에게 물리 피해를 입히고 둔화시키는 균열을 만들어냅니다. 잠시 후 목표 지점에 용암 기둥이 생성됩니다.
Ornn,오른,Ornn,거산의 화염,Tank,W,불꽃 풀무질,Bellows Breath,12/11.5/11/10.5/10,오른이 전진하며 불꽃을 뿜습니다. 마지막 불꽃에 맞은 적은 불안정 상태가 됩니다.
Ornn,오른,Ornn,거산의 화염,Tank,E,화염 돌진,Searing Charge,14/13.5/13/12.5/12,"오른이 돌진하며 통과한 적에게 피해를 입힙니다. 오른이 돌진 중 지형지물에 충돌하면, 그 충돌로 인해 충격파가 발생해 적에게 피해를 입히고 공중으로 띄웁니다."
Ornn,오른,Ornn,거산의 화염,Tank,R,대장장이 신의 부름,Call of the Forge God,140/120/100,오른이 목표 위치에 거대한 불의 정령을 소환합니다. 불의 정령은 오른에게로 다가오며 점점 이동 속도가 빨라집니다. 정령이 밟고 지나간 적은 피해를 입고 둔화되며 불안정 상태가 됩니다. 오른이 대장장이 신의 부름을 재시전하면 정령 쪽으로 돌진합니다. 오른이 돌진해 정령에 부딪히면 정령의 진행 방향이 바뀝니다. 진행 방향이 바뀐 정령은 부딪힌 모든 적을 공중으로 띄우며 전과 동일한 피해를 입히고 다시 불안정 상태로 만듭니다.
Pantheon,판테온,Pantheon,불굴의 창,Fighter|Assassin,P,필멸자의 의지,Mortal Will,-,스킬 사용 또는 공격을 몇 차례 하고 나면 다음 스킬이 강화됩니다.
Pantheon,판테온,Pantheon,불굴의 창,Fighter|Assassin,Q,혜성의 창,Comet Spear,11/10.25/9.5/8.75/8,판테온이 지정 방향으로 창을 찌르거나 던집니다.
Pantheon,판테온,Pantheon,불굴의 창,Fighter|Assassin,W,방호의 도약,Shield Vault,13/12/11/10/9,판테온이 대상에게 돌진해 피해를 입히고 기절시킵니다.
Pantheon,판테온,Pantheon,불굴의 창,Fighter|Assassin,E,방패 돌격,Aegis Assault,22/21/20/19/18,판테온이 방패를 들어 정면의 공격으로부터 무적이 되고 창으로 빠르게 공격합니다.
Pantheon,판테온,Pantheon,불굴의 창,Fighter|Assassin,R,거대 유성,Grand Starfall,180/165/150,판테온이 태세를 갖추고 공중으로 뛰어올랐다가 지정한 위치에 유성이 되어 떨어집니다.
Poppy,뽀삐,Poppy,망치의 수호자,Tank|Fighter,P,강철의 외교관,Iron Ambassador,-,뽀삐가 던진 방패가 대상을 맞히고 튕겨나갑니다. 뽀삐는 방패를 다시 주워 일시적인 보호막 효과를 얻을 수 있습니다.
Poppy,뽀삐,Poppy,망치의 수호자,Tank|Fighter,Q,망치 강타,Hammer Shock,8/7/6/5/4,뽀삐가 망치를 휘둘러 피해를 입히고 적의 움직임을 느리게 만드는 지대를 생성합니다. 지대는 잠시 후 폭발합니다.
Poppy,뽀삐,Poppy,망치의 수호자,Tank|Fighter,W,굳건한 태세,Steadfast Presence,20/18/16/14/12,기본 지속 효과로 뽀삐가 추가 방어력과 마법 저항력을 얻습니다. 뽀삐의 체력이 낮아지면 이 효과가 더 커집니다. 사용 시에는 뽀삐의 이동 속도가 증가하며 주변에서 돌진하는 적을 막습니다. 뽀삐에게 막힌 적은 느려지고 이동 스킬을 사용할 수 없습니다.
Poppy,뽀삐,Poppy,망치의 수호자,Tank|Fighter,E,용감한 돌진,Heroic Charge,14/13/12/11/10,뽀삐가 돌진해 대상을 밀어냅니다. 대상이 지형에 부딪힐 경우 기절합니다.
Poppy,뽀삐,Poppy,망치의 수호자,Tank|Fighter,R,수호자의 심판,Keeper's Verdict,140/120/100,뽀삐가 잠시 정신을 집중한 뒤 망치를 휘둘러 피해를 입히고 적을 굉장히 멀리 날려버립니다.
Pyke,파이크,Pyke,핏빛 항구의 학살자,Support|Assassin,P,가라앉은 자들의 축복,Gift of the Drowned Ones,-,"파이크가 적에게 보이지 않는 상태가 되면 최근 적 챔피언에게 잃었던 체력의 일부를 빠르게 회복합니다. 또한, 어떤 방법으로든 파이크가 획득한 추가 최대 체력은 모두 추가 공격력으로 전환됩니다."
Pyke,파이크,Pyke,핏빛 항구의 학살자,Support|Assassin,Q,뼈 작살,Bone Skewer,10/9.5/9/8.5/8,파이크가 앞에 있는 적을 공격하거나 끌어당깁니다.
Pyke,파이크,Pyke,핏빛 항구의 학살자,Support|Assassin,W,유령 잠수,Ghostwater Dive,14/13/12/11/10,파이크가 위장 상태가 되며 이동 속도가 크게 증가합니다. 이동 속도는 시간이 지남에 따라 원래대로 감소합니다.
Pyke,파이크,Pyke,핏빛 항구의 학살자,Support|Assassin,E,망자의 물살,Phantom Undertow,15/14/13/12/11,파이크가 돌진하며 원래 있던 자리에 유령을 남깁니다. 이 유령은 파이크에게 돌아오면서 경로상의 모든 적 챔피언을 기절시킵니다.
Pyke,파이크,Pyke,핏빛 항구의 학살자,Support|Assassin,R,깊은 바다의 처형,Death From Below,100/85/70,파이크가 체력이 낮은 적에게 순간적으로 이동하여 처형하고 스킬을 다시 사용할 수 있게 됩니다. 또한 처치에 관여한 아군에게 추가 골드를 줍니다.
Qiyana,키아나,Qiyana,원소의 여왕,Assassin,P,왕가의 특권,Royal Privilege,-,키아나의 첫 기본 공격이나 스킬은 적에게 적중하면 추가 피해를 입힙니다.
Qiyana,키아나,Qiyana,원소의 여왕,Assassin,Q,원소의 분노 / 이쉬탈의 칼날,Elemental Wrath / Edge of Ixtal,7,키아나가 무기를 휘둘러 원소에 따른 추가 효과와 함께 피해를 입힙니다.
Qiyana,키아나,Qiyana,원소의 여왕,Assassin,W,대지창조,Terrashape,7,키아나가 지정한 위치로 돌진해 무기를 원소 마법으로 강화합니다. 무기가 강화됐을 때 기본 공격이나 스킬을 사용하면 추가 피해를 입힙니다.
Qiyana,키아나,Qiyana,원소의 여왕,Assassin,E,대담무쌍,Audacity,11/10/9/8/7,키아나가 적에게 돌진하여 피해를 입힙니다.
Qiyana,키아나,Qiyana,원소의 여왕,Assassin,R,여왕의 진가,Supreme Display of Talent,120,"키아나가 충격파를 발사합니다. 충격파는 강, 수풀, 벽에 적중 시 폭발하며, 주변 적에게 피해를 주고 기절시킵니다."
Quinn,퀸,Quinn,데마시아의 날개,Marksman|Assassin,P,매사냥,Harrier,-,데마시아 독수리 발러가 주기적으로 적에게 매사냥 표식을 남깁니다. 매사냥 대상에 대한 퀸의 첫 번째 기본 공격은 추가 물리 피해를 입힙니다.
Quinn,퀸,Quinn,데마시아의 날개,Marksman|Assassin,Q,실명 공격,Blinding Assault,11/10.5/10/9.5/9,퀸이 발러를 보내 하나의 적에게 표식을 남기고 대상의 시야를 크게 좁힙니다. 또한 근처의 모든 적에게 피해를 입힙니다.
Quinn,퀸,Quinn,데마시아의 날개,Marksman|Assassin,W,예리한 감각,Heightened Senses,50/45/40/35/30,기본 지속 효과로 퀸이 매사냥 대상을 공격한 이후 공격 속도와 이동 속도가 상승합니다. 사용하면 발러가 주변의 넓은 지역을 드러냅니다.
Quinn,퀸,Quinn,데마시아의 날개,Marksman|Assassin,E,공중제비,Vault,12/11/10/9/8,"퀸이 적에게 돌진하여 물리 피해를 입히고 적의 이동 속도를 늦춥니다. 대상에게 도달하면 공중제비를 넘어 대상을 잠깐 방해하고, 최대 공격 사거리로 물러나 착지합니다."
Quinn,퀸,Quinn,데마시아의 날개,Marksman|Assassin,R,후방 지원,Behind Enemy Lines,3,퀸과 발러가 뭉쳐 엄청난 속도로 날아다닙니다. 스킬을 종료하면 공중 강습을 사용하게 되며 근처의 모든 적에게 피해를 입히고 적 챔피언에게 매사냥 표식을 남깁니다.
Rakan,라칸,Rakan,매혹하는 자,Support,P,요술 망토,Fey Feathers,-,라칸에게 주기적으로 보호막이 생성됩니다.
Rakan,라칸,Rakan,매혹하는 자,Support,Q,빛나는 깃털,Gleaming Quill,11/10/9/8/7,마법이 깃든 깃털을 던져 마법 피해를 입힙니다. 챔피언이나 에픽 몬스터에게 깃털을 맞히면 라칸 주변 아군의 체력을 회복시킬 수 있습니다.
Rakan,라칸,Rakan,매혹하는 자,Support,W,화려한 등장,Grand Entrance,14/13/12/11/10,목표 지점으로 도약해 착지 시 근처의 적을 모두 공중으로 띄워올립니다.
Rakan,라칸,Rakan,매혹하는 자,Support,E,전쟁무도,Battle Dance,0,아군 챔피언에게 도약해 보호막을 씌웁니다. 몇 초 안에 소모값 없이 다시 사용할 수 있습니다.
Rakan,라칸,Rakan,매혹하는 자,Support,R,매혹의 질주,The Quickness,130/110/90,이동 속도가 증가하며 닿은 적을 모두 매혹하고 마법 피해를 입힙니다.
Rammus,람머스,Rammus,중무장 아르마딜로,Tank,P,가시박힌 껍질,Spiked Shell,-,람머스가 방어력 및 마법 저항력에 비례해 추가 공격력을 얻습니다.
Rammus,람머스,Rammus,중무장 아르마딜로,Tank,Q,대회전,Powerball,12/10.5/9/7.5/6,람머스가 공 모양으로 적을 향해 굴러가며 충돌 시 피해를 입히고 적의 이동 속도를 늦춥니다.
Rammus,람머스,Rammus,중무장 아르마딜로,Tank,W,몸 말아 웅크리기,Defensive Ball Curl,7,"람머스가 방어 자세로 들어가 방어력 및 마법 저항력이 증가하고, 적의 공격을 반사합니다."
Rammus,람머스,Rammus,중무장 아르마딜로,Tank,E,광란의 도발,Frenzying Taunt,12,람머스가 적 챔피언이나 몬스터를 도발하여 자신을 향해 무모하게 덤벼들도록 합니다.
Rammus,람머스,Rammus,중무장 아르마딜로,Tank,R,지진 폭격,Soaring Slam,120/105/90,람머스가 공중으로 뛰어오른 후 대상 지점에 착지하여 마법 피해를 입히고 적을 둔화시킵니다. 대회전 상태에서 사용하면 범위 중앙 근처에 있는 적을 공중으로 띄워 올립니다.
RekSai,렉사이,Rek'Sai,공허의 복병,Fighter|Tank,P,제르사이의 분노,Fury of the Xer'Sai,-,렉사이의 기본 공격과 기본 스킬이 적중할 때마다 분노가 생성됩니다. 생성된 분노는 매복 상태일 때 체력 회복에 사용됩니다.
RekSai,렉사이,Rek'Sai,공허의 복병,Fighter|Tank,Q,여왕의 진노 / 먹잇감 추적,Queen's Wrath / Prey Seeker,4/3.5/3/2.5/2,"렉사이의 다음 3번의 기본 공격은 주변 적들에게 추가 물리 피해를 입힙니다. 매복 상태일 때는 렉사이가 공허 에너지가 주입된 흙을 발사하여, 여기 맞는 적들은 피해를 입고 위치가 드러납니다."
RekSai,렉사이,Rek'Sai,공허의 복병,Fighter|Tank,W,매복 / 돌출,Burrow / Un-burrow,4,"렉사이가 지면을 파고들어가 새로운 스킬을 사용하게 되며 이동 속도가 상승합니다. 시야 범위가 좁아지며 기본 공격을 할 수 없게 됩니다. 매복 상태일 때는 렉사이가 돌출 스킬을 사용하여 튀어 올라, 주위 적들을 공중으로 띄우고 피해를 입힐 수 있습니다."
RekSai,렉사이,Rek'Sai,공허의 복병,Fighter|Tank,E,성난 이빨 / 땅굴 파기,Furious Bite / Tunnel,6,렉사이가 대상을 물어뜯어 물리 피해를 입힙니다. 분노가 최대치일 때는 추가 고정 피해를 입힙니다. 매복 상태일 때 렉사이가 재사용 가능하며 오래 지속되는 땅굴을 만듭니다. 적이 이 땅굴 입구에 올라서면 파괴됩니다.
RekSai,렉사이,Rek'Sai,공허의 복병,Fighter|Tank,R,공허의 돌진,Void Rush,120/100/80,"기본 지속 효과로 렉사이가 피해를 입힌 대상에게 표식을 남깁니다. 스킬을 사용하면 잠시 대상으로 지정될 수 없는 상태가 되며, 표식이 있는 대상에게 도약하여 최대 체력에 비례해 큰 피해를 입힙니다."
Rell,렐,Rell,철의 여인,Tank|Support,P,갑옷 파쇄,Break the Mold,-,렐의 기본 공격과 스킬이 적중 시 추가 마법 피해를 입히고 방어력과 마법 저항력을 훔칩니다.
Rell,렐,Rell,철의 여인,Tank|Support,Q,파열의 일격,Shattering Strike,11/10.5/10/9.5/9,렐이 일직선상의 유닛에게 마법 피해를 입히며 보호막을 파괴하고 대상을 기절시킵니다.
Rell,렐,Rell,철의 여인,Tank|Support,W,철마술: 붕괴,Ferromancy: Crash Down,10,"탑승: 렐이 탈것에서 중갑 형태로 뛰어내리며 적들을 공중으로 띄우고 큰 피해를 흡수하는 보호막을 얻습니다. 보행 시 방어력, 마법 저항력, 공격 속도, 공격 사거리가 증가하지만 둔화됩니다. 보행: 렐이 탈것에 올라타며 이동 속도가 상승하고 다음 기본 공격 시 적을 공중으로 띄워 올립니다."
Rell,렐,Rell,철의 여인,Tank|Support,E,전속력,Full Tilt,14/13/12/11/10,기본 지속 효과: 비전투 시 이동 속도가 증가합니다. 사용 시: 렐과 아군 하나의 이동 속도가 서서히 증가합니다. 적이나 서로를 향해 이동하면 두 배로 증가합니다. 렐의 다음 공격은 폭발하며 마법 피해를 입힙니다.
Rell,렐,Rell,철의 여인,Tank|Support,R,자기 폭풍,Magnet Storm,120/100/80,렐이 자기 폭발을 일으켜 근처 적들을 렐 쪽으로 끌어당깁니다. 그런 다음 잠시 근처 적들을 계속 잡아당기며 마법 피해를 입힙니다.
Renata,레나타 글라스크,Renata Glasc,화공 남작,Support|Mage,P,영향력,Leverage,-,레나타의 기본 공격이 추가 피해를 입히고 표식을 남깁니다. 아군은 표식이 남은 적을 공격해 추가 피해를 입힐 수 있습니다.
Renata,레나타 글라스크,Renata Glasc,화공 남작,Support|Mage,Q,악수,Handshake,16,레나타가 미사일을 발사해 처음 적중하는 적을 속박합니다. 스킬을 재사용해 대상을 지정한 방향으로 던질 수 있습니다.
Renata,레나타 글라스크,Renata Glasc,화공 남작,Support|Mage,W,긴급 구제,Bailout,28/27/26/25/24,레나타가 아군 챔피언을 강화하고 죽음을 늦춥니다. 해당 아군이 처치에 관여하면 목숨을 건질 수 있습니다.
Renata,레나타 글라스크,Renata Glasc,화공 남작,Support|Mage,E,충성 고객 우대,Loyalty Program,14/13/12/11/10,레나타가 화학공학 미사일 두 발을 발사해 아군에게 보호막을 씌우며 적중하는 적에게 피해를 입히고 둔화시킵니다.
Renata,레나타 글라스크,Renata Glasc,화공 남작,Support|Mage,R,적대적 인수,Hostile Takeover,150/130/110,레나타가 화학 물질의 파도를 방출해 적중하는 적을 광란 상태에 빠트립니다.
Renekton,레넥톤,Renekton,사막의 도살자,Fighter|Tank,P,분노의 지배,Reign of Anger,-,레넥톤이 기본 공격 시 분노를 생성합니다. 레넥톤의 체력이 낮으면 생성되는 분노가 증가합니다. 분노는 레넥톤의 스킬을 강화시키며 추가 효과를 줍니다.
Renekton,레넥톤,Renekton,사막의 도살자,Fighter|Tank,Q,양떼 도륙,Cull the Meek,7,"레넥톤이 검을 휘둘러 주변의 모든 적에게 어느 정도의 물리 피해를 입히고, 해당 피해 수치의 일부를 체력으로 회복합니다. 분노가 50이상 쌓이면 피해량과 치료 능력이 모두 상승합니다."
Renekton,레넥톤,Renekton,사막의 도살자,Fighter|Tank,W,무자비한 포식자,Ruthless Predator,16/14/12/10/8,"레넥톤이 적을 두 번 베어 어느 정도의 물리 피해를 입히며, 0.75초 동안 적을 기절시킵니다. 레넥톤의 분노가 50 이상일 경우 적을 세 번 베어 대상의 보호막을 파괴한 후 높은 물리 피해를 입히고 1.5초 동안 적을 기절시킵니다."
Renekton,레넥톤,Renekton,사막의 도살자,Fighter|Tank,E,자르고 토막내기,Slice and Dice,16/14.5/13/11.5/10,레넥톤이 돌격을 하며 여러 적 유닛에게 피해를 입힙니다. 강화시 레넥톤은 적에게 추가 피해를 입히고 방어력을 낮출 수 있습니다.
Renekton,레넥톤,Renekton,사막의 도살자,Fighter|Tank,R,강신,Dominus,120/100/80,레넥톤이 폭군의 형상을 취하여 추가 체력을 얻고 주변 적에게 피해를 입힙니다. 폭군 형태로 있는 동안에는 레넥톤의 분노가 주기적으로 상승합니다.
Rengar,렝가,Rengar,추적하는 사자,Assassin|Fighter,P,보이지 않는 포식자,Unseen Predator,-,수풀에서 기본 공격을 사용하면 대상에게 도약합니다. 스킬을 사용하면 야성 중첩을 얻습니다. 야성이 최대로 중첩되면 다음 스킬 공격이 강화됩니다. 적 챔피언을 처치하면 뼈이빨 목걸이에 걸 전리품이 늘어나며 추가 공격력을 얻습니다.
Rengar,렝가,Rengar,추적하는 사자,Assassin|Fighter,Q,포악함,Savagery,0.25,렝가의 다음 기본 공격이 적을 찌르며 추가 피해를 입힙니다. 야성 효과: 피해량과 공격 속도가 증가합니다.
Rengar,렝가,Rengar,추적하는 사자,Assassin|Fighter,W,전투의 포효,Battle Roar,0.25,렝가가 전투의 포효를 내질러 적에게 피해를 입히고 지난 몇 초 동안 입은 피해의 일부를 회복합니다. 야성 효과: 모든 군중 제어 효과를 없앱니다.
Rengar,렝가,Rengar,추적하는 사자,Assassin|Fighter,E,올가미 투척,Bola Strike,0.25,"렝가가 올가미를 투척하여, 처음 맞은 대상에게 짧은 시간 동안 둔화를 겁니다. 야성 효과: 대상을 제자리에 묶습니다."
Rengar,렝가,Rengar,추적하는 사자,Assassin|Fighter,R,사냥의 전율,Thrill of the Hunt,100/90/80,"렝가가 맹수의 본능을 발동해 위장 상태가 되고 일정 범위 내에서 가장 가까이에 있는 적을 드러내 확인할 수 있습니다. 사냥의 전율이 활성화된 동안에는 이동 속도가 빨라지고 수풀에 있지 않아도 확인한 적에게 도약할 수 있으며, 이때 대상의 방어력을 감소시킵니다."
Riven,리븐,Riven,추방자,Fighter|Assassin,P,룬 검,Runic Blade,-,리븐이 스킬을 사용하면 검이 충전됩니다. 기본 공격을 가하면 충전 횟수를 소모해 추가 피해를 입힙니다.
Riven,리븐,Riven,추방자,Fighter|Assassin,Q,부러진 날개,Broken Wings,13,리븐이 돌진하며 적을 베어 넘깁니다. 이 스킬은 세 번 사용할 수 있으며 세 번째로 사용할 때에는 맞은 적을 밀쳐냅니다.
Riven,리븐,Riven,추방자,Fighter|Assassin,W,기 폭발,Ki Burst,11/10/9/8/7,리븐이 기를 폭발시켜 근처의 적에게 피해를 주며 기절시킵니다.
Riven,리븐,Riven,추방자,Fighter|Assassin,E,용맹,Valor,10/9/8/7/6,리븐이 짧은 거리를 나아가며 피해를 일부 흡수합니다.
Riven,리븐,Riven,추방자,Fighter|Assassin,R,추방자의 검,Blade of the Exile,120/90/60,"리븐이 자신의 옛 검에 힘을 불어넣어 추가 공격력과 공격 사거리를 얻습니다. 또한, 지속시간 동안 강력한 원거리 스킬인 바람 가르기를 한 번 사용할 수 있게 됩니다."
Rumble,럼블,Rumble,기계 악동,Fighter|Mage,P,고철장 거인,Junkyard Titan,-,럼블은 스킬을 사용할 때마다 열기를 얻습니다. 열기가 50%에 달하면 럼블은 위험 상태에 들어갑니다. 위험 상태가 되면 럼블의 모든 스킬은 추가 효과를 얻습니다. 열기가 100%에 달하면 과열 상태가 되어 공격 속도가 증가하고 기본 공격에 마법 피해가 추가되며 몇 초간 스킬을 사용할 수 없게 됩니다.
Rumble,럼블,Rumble,기계 악동,Fighter|Mage,Q,화염방사기,Flamespitter,10/9/8/7/6,럼블이 3초 동안 정면을 향해 원뿔 형태의 공격을 가하며 적에게 불을 붙이고 마법 피해를 입힙니다. 위험 상태일 경우 피해가 증가합니다.
Rumble,럼블,Rumble,기계 악동,Fighter|Mage,W,고철 방패,Scrap Shield,6,럼블이 방어막을 전개하여 피해를 입지 않도록 자신을 보호하고 순간적으로 이동 속도를 높입니다. 위험 상태에서는 방어막의 내구력과 럼블의 이동 속도 증가량이 증가합니다.
Rumble,럼블,Rumble,기계 악동,Fighter|Mage,E,전기 작살,Electro Harpoon,0.5,럼블이 작살을 발사하여 대상을 감전시키고 마법 피해를 입히면서 이동 속도와 마법 저항력을 감소시킵니다. 럼블은 최대 2개의 작살을 보유할 수 있습니다. 위험 상태일 경우 피해량과 적 둔화율이 증가합니다.
Rumble,럼블,Rumble,기계 악동,Fighter|Mage,R,이퀄라이저 미사일,The Equalizer,130/105/80,"럼블이 로켓을 한꺼번에 발사하여 화염의 벽을 만들면, 해당 지점을 지나는 적은 피해를 입고 속도가 느려집니다."
Ryze,라이즈,Ryze,룬 마법사,Mage,P,비전 연마,Arcane Mastery,-,"라이즈의 스킬이 추가 마나에 따라 추가 피해를 입히고, 최대 마나가 주문력에 비례해 증가합니다."
Ryze,라이즈,Ryze,룬 마법사,Mage,Q,과부하,Overload,5,기본 지속 효과로 라이즈가 다른 스킬을 사용하면 과부하의 재사용 대기시간이 초기화되고 룬 하나를 충전합니다. 룬이 2개 충전된 상태에서 과부하를 사용하면 이동 속도가 잠시 대폭 증가합니다. 사용 시 라이즈가 순수한 에너지를 일직선으로 발사해 첫 번째 맞는 적에게 피해를 입힙니다. 대상에게 전이 표식이 있으면 과부하가 추가 피해를 입히고 전이 표식이 있는 주변 적에게 튕깁니다.
Ryze,라이즈,Ryze,룬 마법사,Mage,W,룬 감옥,Rune Prison,11/10.5/10/9.5/9,라이즈가 대상을 룬 감옥에 가두고 피해를 입히며 이동 속도를 늦춥니다. 대상에게 전이 표식이 있으면 이동 속도를 늦추는 대신 속박합니다.
Ryze,라이즈,Ryze,룬 마법사,Mage,E,주문 전이,Spell Flux,3.5/3.25/3/2.75/2.5,라이즈가 순수한 마법의 구체를 던져 적에게 피해를 입히고 주변 모든 적에게 표식을 남깁니다. 표식이 남은 적에게 라이즈가 스킬을 사용하면 추가 효과가 적용됩니다.
Ryze,라이즈,Ryze,룬 마법사,Mage,R,공간 왜곡,Realm Warp,180/160/140,"기본 지속 효과로 과부하가 전이 표식이 있는 적에게 더 큰 피해를 입힙니다. 사용 시 라이즈가 근처에 차원문을 생성합니다. 몇 초 후, 차원문 주변의 모든 아군이 대상 지점으로 순간이동 합니다."
Samira,사미라,Samira,사막의 장미,Marksman|Assassin,P,무모한 충동,Daredevil Impulse,-,사미라가 마지막으로 맞힌 공격과 다른 기본 공격 또는 스킬을 적중시키면 콤보를 1회 쌓습니다. 근접 공격 사거리 내에 있는 적을 공격하면 추가 마법 피해를 입힙니다. 이동 불가 효과에 영향을 받은 적에게 기본 공격을 가하면 최대 사거리까지 돌진합니다. 해당 적이 공중으로 띄워진 상태라면 사미라도 대상을 잠시 동안 공중으로 띄워 올립니다.
Samira,사미라,Samira,사막의 장미,Marksman|Assassin,Q,천부적 재능,Flair,6/5/4/3/2,사미라가 총을 쏘거나 검을 휘둘러 피해를 입힙니다. 거침없는 질주 도중 사용하면 돌진이 끝난 후 경로 내에 있는 모든 적을 공격합니다.
Samira,사미라,Samira,사막의 장미,Marksman|Assassin,W,원형 검무,Blade Whirl,30/28/26/24/22,사미라가 주변에 검을 휘두르며 적에게 피해를 입히고 적의 투사체를 파괴합니다.
Samira,사미라,Samira,사막의 장미,Marksman|Assassin,E,거침없는 질주,Wild Rush,20/18/16/14/12,사미라가 적(구조물 포함)을 통과해 돌진합니다. 돌진 도중 통과하는 모든 적을 베고 공격 속도를 얻습니다. 적 챔피언을 처치하면 이 스킬의 재사용 대기시간이 초기화됩니다.
Samira,사미라,Samira,사막의 장미,Marksman|Assassin,R,지옥불 난사,Inferno Trigger,5,사미라가 무기를 난사해 주변의 모든 적에게 공격을 퍼붓습니다.
Sejuani,세주아니,Sejuani,혹한의 분노,Tank,P,혹한의 분노,Fury of the North,-,세주아니는 일정 시간 동안 피해를 입지 않으면 서리 갑옷이 생겨 추가 방어력과 마법 저항력을 얻고 둔화 효과에 면역됩니다. 서리 갑옷은 세주아니가 피해를 입은 후에도 잠깐 동안 유지됩니다. 기절한 적을 공격하면 막대한 마법 피해를 입힐 수 있습니다.
Sejuani,세주아니,Sejuani,혹한의 분노,Tank,Q,혹한의 맹습,Arctic Assault,18/16.5/15/13.5/12,세주아니가 전방으로 돌진해 적들을 공중으로 띄웁니다. 적 챔피언에게 한 번 부딪히면 돌진을 멈춥니다.
Sejuani,세주아니,Sejuani,혹한의 분노,Tank,W,혹한의 서릿발,Winter's Wrath,9/8/7/6/5,세주아니가 철퇴를 두 번 휘둘러 피해를 입히고 적을 둔화시키며 서리 중첩을 적용시킵니다.
Sejuani,세주아니,Sejuani,혹한의 분노,Tank,E,만년 서리,Permafrost,1.5,세주아니가 서리가 최대로 중첩된 대상을 얼리고 기절시킵니다.
Sejuani,세주아니,Sejuani,혹한의 분노,Tank,R,빙하 감옥,Glacial Prison,120/105/90,세주아니가 올가미를 던져 첫 번째로 맞힌 챔피언을 얼리고 기절시킵니다. 올가미는 적들을 둔화시키는 얼음 폭풍을 일으킵니다.
Senna,세나,Senna,구원자,Support|Marksman,P,면죄,Absolution,-,"세나 근처에서 유닛이 쓰러지면 그 영혼이 주기적으로 검은 안개에 갇히게 됩니다. 세나는 해당 영혼을 공격하여 영혼을 죽음 속에 가둔 안개를 흡수하고 영혼을 해방시킬 수 있습니다. 안개는 세나의 유물포를 강화시켜 추가 공격력, 공격 사거리, 치명타 확률을 부여합니다. 세나의 유물포 공격 속도가 느려지고 추가 피해를 입히며 잠시 공격 대상의 이동 속도를 일부 흡수합니다."
Senna,세나,Senna,구원자,Support|Marksman,Q,꿰뚫는 어둠,Piercing Darkness,15,세나가 유물포의 두 총열에서 대상을 관통하는 빛과 그림자를 발사하여 아군의 체력을 회복시키고 적에게는 피해를 줍니다.
Senna,세나,Senna,구원자,Support|Marksman,W,마지막 포옹,Last Embrace,11,세나가 검은 안개의 파동을 방출합니다. 검은 안개가 적에게 적중하면 맹렬히 달라붙어 잠시 후 해당 적과 주변의 모든 적을 속박합니다.
Senna,세나,Senna,구원자,Support|Marksman,E,검은 안개의 저주,Curse of the Black Mist,26/24.5/23/21.5/20,세나가 어둠을 받아들이고 망령이 되어 무기에 흡수된 검은 안개를 폭풍으로 만듭니다. 폭풍 속에 들어간 아군은 위장 상태가 되며 세나처럼 망령이 됩니다. 망령이 되면 추가 이동 속도를 얻고 대상으로 지정할 수 없는 상태가 되며 정체를 숨길 수 있습니다.
Senna,세나,Senna,구원자,Support|Marksman,R,여명의 그림자,Dawning Shadow,140/120/100,세나가 쓰러진 감시자들의 유물석으로부터 힘을 빌려 유물포를 해체한 후 신성한 빛과 그림자로 변형시킵니다. 그리고 전장을 가득 채우는 광선을 쏘아 아군에게 보호막을 부여하고 적에게는 피해를 줍니다.
Seraphine,세라핀,Seraphine,노래하는 별,Support|Mage,P,무대 장악,Stage Presence,-,세라핀이 세 번째 기본 스킬을 사용할 때마다 두 번 사용됩니다. 추가로 아군 근처에서 스킬을 사용하면 다음 기본 공격이 추가 마법 피해를 입히고 사거리가 증가합니다.
Seraphine,세라핀,Seraphine,노래하는 별,Support|Mage,Q,고음,High Note,8/7.5/7/6.5/6,세라핀이 대상 지역에 피해를 입힙니다.
Seraphine,세라핀,Seraphine,노래하는 별,Support|Mage,W,소리 장막,Surround Sound,22,세라핀이 주변 아군에게 보호막과 이동 속도를 부여합니다. 세라핀에게 이미 보호막이 있으면 주변 아군의 체력을 회복시킵니다.
Seraphine,세라핀,Seraphine,노래하는 별,Support|Mage,E,비트 발사,Beat Drop,11,세라핀이 일직선상에 있는 적들에게 피해를 입히고 이동을 방해합니다.
Seraphine,세라핀,Seraphine,노래하는 별,Support|Mage,R,앙코르,Encore,160/140/120,세라핀이 적중한 적에게 피해를 입히고 매혹합니다. 아군 또는 적 챔피언에게 적중하면 사거리가 초기화됩니다.
Sett,세트,Sett,우두머리,Fighter|Tank,P,투기장의 투지,Pit Grit,-,세트는 기본 공격 시 양 주먹을 번갈아 사용합니다. 오른쪽 주먹이 약간 더 강하고 빠릅니다. 또한 세트는 불굴의 의지로 잃은 체력에 비례해 추가로 체력을 회복합니다.
Sett,세트,Sett,우두머리,Fighter|Tank,Q,주먹다짐,Knuckle Down,9/8/7/6/5,세트의 다음 두 번의 공격이 대상 최대 체력에 비례해 추가 피해를 입힙니다. 또한 세트는 적 챔피언을 향해 이동할 때 이동 속도가 올라갑니다.
Sett,세트,Sett,우두머리,Fighter|Tank,W,강펀치,Haymaker,18/16.5/15/13.5/12,세트가 받은 피해를 기본 지속 효과를 통해 투지로 저장합니다. 스킬 사용 시 저장한 모든 투지를 소모하여 보호막을 얻고 지정한 방향으로 펀치를 날려 중심선에 있는 적들에게 고정 피해를 입히고 중심선 밖에 있는 적들에게 물리 피해를 입힙니다.
Sett,세트,Sett,우두머리,Fighter|Tank,E,안면 강타,Facebreaker,16/14.5/13/11.5/10,세트가 양옆에 있는 모든 적을 끌어당겨 피해를 입히고 기절시킵니다. 한쪽에만 적이 있는 경우 기절시키는 대신 둔화시킵니다.
Sett,세트,Sett,우두머리,Fighter|Tank,R,대미 장식,The Show Stopper,120/100/80,세트가 적 하나를 붙잡아 공중으로 도약한 후 바닥에 내리꽂아 피해를 입히고 착지 지점 근처에 있는 모든 적을 둔화시킵니다.
Shaco,샤코,Shaco,악마 어릿광대,Assassin,P,암습,Backstab,-,샤코의 기본 공격과 양날 독을 뒤에서 사용하면 추가 피해를 입힙니다.
Shaco,샤코,Shaco,악마 어릿광대,Assassin,Q,속임수,Deceive,13/12.5/12/11.5/11,샤코가 즉시 투명해지며 지정한 위치로 순간이동합니다. 투명 상태에서 가하는 첫 번째 기본 공격이 강화되어 추가 피해를 입히고 뒤에서 공격 시 치명타로 적중합니다.
Shaco,샤코,Shaco,악마 어릿광대,Assassin,W,깜짝 상자,Jack In The Box,15,샤코가 깜짝 상자를 숨깁니다. 상자가 발동되면 주변의 적들을 공포 상태에 빠뜨린 다음 공격합니다.
Shaco,샤코,Shaco,악마 어릿광대,Assassin,E,양날 독,Two-Shiv Poison,8,샤코의 단검은 공격에 맞은 대상을 중독시켜 이동 속도를 늦춥니다. 샤코는 단검을 던져 적에게 피해를 입히고 중독시킬 수 있으며 이때 대상의 체력이 30% 이하면 추가 피해를 입힙니다.
Shaco,샤코,Shaco,악마 어릿광대,Assassin,R,환각,Hallucinate,100/90/80,샤코가 자신의 환영을 생성합니다. 적 포탑에게는 환영의 피해량이 줄어듭니다. 환영은 죽을 경우 폭발하며 세 개의 작은 깜짝 상자를 남겨 주변 적에게 피해를 입힙니다.
Shen,쉔,Shen,황혼의 눈,Tank,P,기 보호막,Ki Barrier,-,스킬을 사용하면 쉔이 보호막을 얻습니다. 다른 챔피언에게 스킬로 영향을 주면 이 효과의 재사용 대기시간이 감소합니다.
Shen,쉔,Shen,황혼의 눈,Tank,Q,황혼 강습,Twilight Assault,8/7.25/6.5/5.75/5,"쉔이 기의 검을 불러들여 공격해 대상의 최대 체력에 비례한 피해를 입힙니다. 기의 검이 적 챔피언과 충돌하면 이 공격이 크게 강화되며, 기의 검에 부딪힌 적들은 쉔으로부터 달아날 때 둔화됩니다."
Shen,쉔,Shen,황혼의 눈,Tank,W,의지의 결계,Spirit's Refuge,16/14.5/13/11.5/10,쉔이나 기의 검 근처 아군에 대한 공격이 차단됩니다.
Shen,쉔,Shen,황혼의 눈,Tank,E,그림자 돌진,Shadow Dash,18/16/14/12/10,"쉔이 지정한 방향으로 돌진해, 경로상의 적들을 도발합니다."
Shen,쉔,Shen,황혼의 눈,Tank,R,단결된 의지,Stand United,200/180/160,쉔이 공격 받는 아군을 포착하여 해당 위치로 순간 이동하며 아군에게 보호막을 쳐 줍니다.
Shyvana,쉬바나,Shyvana,하프 드래곤,Fighter|Tank,P,미늘갑옷,Scalemail,-,"적 챔피언, 대형 미니언, 대형 몬스터 처치 관여 시 쉬바나가 미늘갑옷 중첩을 얻어 방어력 및 마법 저항력이 증가합니다."
Shyvana,쉬바나,Shyvana,하프 드래곤,Fighter|Tank,Q,잉걸불 일격,Emberstrike,10/9/8/7/6,"쉬바나의 다음 기본 공격이 대상과 주변 지역을 모두 타격합니다. 이 스킬은 재사용할 수 있습니다. 용 형상일 때는 스킬을 한 번 더 사용할 수 있으며, 단일 대상에게 막대한 피해를 입힙니다."
Shyvana,쉬바나,Shyvana,하프 드래곤,Fighter|Tank,W,지옥불 방패,Inferno Aegis,13/12.25/11.5/10.75/10,"쉬바나가 보호막과 이동 속도를 얻으며, 잠시 후 쉬바나 주변에 폭발을 일으킵니다. 용 형상일 때 폭발이 적 챔피언에게 적중하면 체력을 회복합니다."
Shyvana,쉬바나,Shyvana,하프 드래곤,Fighter|Tank,E,용암 분출,Molten Burst,12/11/10/9/8,쉬바나가 화염구를 날리고 대형 대상에게 적중 시 폭발하며 둔화를 적용합니다. 용 형상일 때는 화염구가 대형 적에게 적중 시 관통하며 폭발하고 지나간 자리에 불길을 남깁니다.
Shyvana,쉬바나,Shyvana,하프 드래곤,Fighter|Tank,R,용의 강림,Dragon's Descent,0,쉬바나가 용으로 변신해 전방으로 도약하며 경로에 있는 적을 달아나게 합니다. 용 형상일 때는 크기가 커지고 기본 스킬이 강화됩니다.
Singed,신지드,Singed,미친 화학자,Tank|Mage,P,독성 급류,Noxious Slipstream,-,신지드가 근처 챔피언을 회피하며 일시적으로 이동 속도가 증가합니다.
Singed,신지드,Singed,미친 화학자,Tank|Mage,Q,맹독의 자취,Poison Trail,0,신지드 뒤로 독구름을 남겨 구름에 들어가는 적에게 피해를 입힙니다.
Singed,신지드,Singed,미친 화학자,Tank|Mage,W,초강력 접착제,Mega Adhesive,17/16/15/14/13,초강력 접착제가 든 시험관을 바닥에 던져 그 위를 지나가는 적을 둔화시키고 이동 스킬을 사용할 수 없게 합니다.
Singed,신지드,Singed,미친 화학자,Tank|Mage,E,던져넘기기,Fling,10/9.5/9/8.5/8,적을 신지드 뒤편으로 높이 던지며 피해를 줍니다. 신지드가 뒤로 던진 대상이 초강력 접착제 위에 착지하면 속박 효과가 적용됩니다.
Singed,신지드,Singed,미친 화학자,Tank|Mage,R,광기의 물약,Insanity Potion,100,신지드가 조합된 화학 물질을 마시고 향상된 전투 능력을 얻으며 맹독의 자취로 고통스러운 상처를 남깁니다.
Sion,사이온,Sion,언데드 학살병기,Tank|Fighter,P,영광스러운 죽음,Glory in Death,-,사이온은 사망한 이후 잠시 되살아나지만 체력이 급속히 떨어집니다. 이 동안 사이온은 매우 빠르게 공격하며 체력을 회복합니다. 공격 적중 시 대상 최대 체력에 비례해 추가 피해를 입힙니다.
Sion,사이온,Sion,언데드 학살병기,Tank|Fighter,Q,대량 학살 강타,Decimating Smash,10/9/8/7/6,"사이온이 강력한 한 방을 충전하여 전방의 적들에게 피해를 입힙니다. 충분한 시간 동안 충전하면, 이 타격에 맞은 적들을 공중으로 띄우고 기절시킵니다."
Sion,사이온,Sion,언데드 학살병기,Tank|Fighter,W,영혼의 용광로,Soul Furnace,15/14/13/12/11,사이온이 자기 자신에게 보호막을 씌우고 3초 후에 재시전하면 주변 적들에게 마법 피해를 입힙니다.
Sion,사이온,Sion,언데드 학살병기,Tank|Fighter,E,학살자의 포효,Roar of the Slayer,12/11/10/9/8,"사이온이 단거리 충격파를 발사해 첫 번째로 맞는 적에게 피해를 입히고 속도를 늦추며, 방어력을 낮춥니다. 충격파가 미니언이나 몬스터를 맞히면 뒤로 밀려나며 피해를 입고 둔화되며 관통하는 모든 적의 방어력을 낮춥니다."
Sion,사이온,Sion,언데드 학살병기,Tank|Fighter,R,멈출 수 없는 맹공,Unstoppable Onslaught,140/100/60,사이온이 한 방향으로 돌진하며 점차 속도가 상승합니다. 돌진 방향은 마우스 커서 위치로 약간 조종할 수 있습니다. 적과 충돌하면 돌진한 거리에 비례하여 피해를 입히고 띄워올립니다.
Sivir,시비르,Sivir,전장의 여제,Marksman,P,재빠른 발놀림,Fleet of Foot,-,시비르가 적 챔피언을 공격할 때 짧은 시간 동안 이동 속도가 대폭 상승합니다.
Sivir,시비르,Sivir,전장의 여제,Marksman,Q,부메랑 검,Boomerang Blade,10/9.5/9/8.5/8,시비르가 십자날 검을 부메랑처럼 던져서 두 번 피해를 입힙니다.
Sivir,시비르,Sivir,전장의 여제,Marksman,W,튕기는 부메랑,Ricochet,12,"시비르의 다음 몇 번의 기본 공격은 공격 속도가 증가하고 첫 번째 목표물에 적중한 후 주위 적들에게 튕기며, 튕겼을 때는 감소된 피해를 입힙니다."
Sivir,시비르,Sivir,전장의 여제,Marksman,E,주문 방어막,Spell Shield,24/22.5/21/19.5/18,시비르가 마법 보호막을 만들어 자신을 대상으로 한 적 스킬 1개를 막아냅니다. 성공적으로 방어 시 체력을 얻고 일시적으로 이동 속도가 대폭 증가합니다.
Sivir,시비르,Sivir,전장의 여제,Marksman,R,사냥 개시,On The Hunt,120/100/80,시비르가 전장에서 아군을 이끌며 잠시 동안 이동 속도를 대폭 상승시킵니다. 또한 공격 시 시비르의 스킬 재사용 대기시간이 감소합니다.
Skarner,스카너,Skarner,태고의 군주,Tank|Fighter,P,진동의 가닥,Threads of Vibration,-,"스카너의 기본 공격, 부서진 대지, 지반 돌출, 꿰뚫기가 전율을 적용합니다. 전율 최대 중첩 시 지속시간 동안 적들이 최대 체력 비례 마법 피해를 입습니다."
Skarner,스카너,Skarner,태고의 군주,Tank|Fighter,Q,부서진 대지/지반 돌출,Shattered Earth / Upheaval,8/6.75/5.5/4.25/3,스카너가 대지에서 바위를 뜯어냅니다. 바위는 기본 공격을 강화하며 강력한 투사체로 던질 수 있습니다.
Skarner,스카너,Skarner,태고의 군주,Tank|Fighter,W,대지의 수호자,Seismic Bastion,10/9/8/7/6,스카너가 방어막을 얻고 지진을 일으켜 그 충격파로 적에게 피해를 입히고 둔화 효과를 적용합니다.
Skarner,스카너,Skarner,태고의 군주,Tank|Fighter,E,이쉬탈의 격돌,Ixtal's Impact,22/21/20/19/18,스카너가 앞으로 돌진하며 지형을 통과합니다. 챔피언이나 대형 몬스터와 충돌하면 다음에 부딪치는 벽에 내동댕이쳐 피해를 입히고 기절시킵니다.
Skarner,스카너,Skarner,태고의 군주,Tank|Fighter,R,꿰뚫기,Impale,120/105/90,스카너가 꼬리를 앞으로 후려쳐 적 챔피언을 제압합니다. 제압한 적 챔피언은 스카너를 따라 끌려다닙니다.
Smolder,스몰더,Smolder,꼬마 불꽃용,Marksman|Mage,P,용 훈련,Dragon Practice,-,스킬로 챔피언을 맞히고 초강력 화염 숨결 스킬로 적을 처치하면 용 훈련 중첩을 1회 얻습니다. 중첩이 쌓이면 스몰더 기본 스킬의 피해량이 증가합니다.
Smolder,스몰더,Smolder,꼬마 불꽃용,Marksman|Mage,Q,초강력 화염 숨결,Super Scorcher Breath,5.5/5/4.5/4/3.5,스몰더가 적에게 불을 내뿜습니다. 이 스킬은 스몰더가 중첩을 쌓을수록 더 강력해집니다.
Smolder,스몰더,Smolder,꼬마 불꽃용,Marksman|Mage,W,에취!,Achooo!,14/13/12/11/10,스몰더가 적 챔피언에게 적중 시 폭발하는 앙증맞은 불꽃 재채기를 내뿜습니다.
Smolder,스몰더,Smolder,꼬마 불꽃용,Marksman|Mage,E,펄럭펄럭,"Flap, Flap, Flap",24/22/20/18/16,스몰더가 지형을 무시하고 날며 체력이 가장 낮은 적을 폭격합니다.
Smolder,스몰더,Smolder,꼬마 불꽃용,Marksman|Mage,R,엄마아아아!,MMOOOMMMM!,120/110/100,스몰더의 울음에 어미가 나타나 위에서 불을 내뿜어 추가 피해를 입히고 화염 중심에 있는 적을 둔화시킵니다.
Sona,소나,Sona,현의 명인,Support|Mage,P,파워 코드,Power Chord,-,"아첼레란도: 소나가 기본 스킬을 잘 사용하면 최대치가 될 때까지 영구적으로 궁극기를 제외한 스킬 가속 효과를 얻습니다. 최대치에 도달한 후 스킬을 성공적으로 사용하면 중첩이 쌓이는 대신 남은 궁극기 재사용 대기시간이 감소합니다. 파워 코드소나가 스킬을 특정 횟수 사용하고 나면 다음 기본 공격이 추가 마법 피해를 입히고, 소나가 마지막으로 사용한 기본 스킬에 따라 그 효과가 더 증폭될 수 있습니다."
Sona,소나,Sona,현의 명인,Support|Mage,Q,용맹의 찬가,Hymn of Valor,8,소나가 용맹의 찬가를 연주하여 강렬한 선율을 발사하여 주변에 있는 두 명의 적에게 마법 피해를 입힙니다. 이때 챔피언과 몬스터를 우선 공격합니다. 또한 이 스킬을 사용하면 잠시 동안 오라가 생겨서 효과 범위 안에 있는 아군이 다음번 적 공격 시 추가 피해를 입힙니다.
Sona,소나,Sona,현의 명인,Support|Mage,W,인내의 아리아,Aria of Perseverance,10,소나가 인내의 아리아를 연주하여 보호의 음률을 내보내 근처 부상 당한 아군 1명과 자신의 체력을 회복합니다. 또한 이 스킬을 사용하면 잠시 동안 오라가 생겨서 효과 범위 안의 모든 아군에게 일시적으로 보호막을 씌워줍니다.
Sona,소나,Sona,현의 명인,Support|Mage,E,기민함의 노래,Song of Celerity,14,소나가 기민함의 노래를 연주하여 주변 아군의 이동 속도를 증가시키고 잠시 동안 오라를 생성합니다. 오라에 닿은 아군 챔피언은 추가 이동 속도를 얻습니다.
Sona,소나,Sona,현의 명인,Support|Mage,R,크레센도,Crescendo,140/120/100,"소나가 궁극의 선율을 연주하여 적 챔피언들을 기절시키며 춤을 추게 만들고, 마법 피해를 입힙니다."
Soraka,소라카,Soraka,별의 아이,Support|Mage,P,구원,Salvation,-,소라카는 체력이 낮은 아군 쪽으로 이동할 때 속도가 더 빨라집니다.
Soraka,소라카,Soraka,별의 아이,Support|Mage,Q,별부름,Starcall,8/7/6/5/4,지정한 위치에 하늘에서 별이 떨어져 적에게 마법 피해를 입히고 이동 속도를 느려지게 합니다. 별부름이 적 챔피언에게 적중하면 소라카가 체력을 회복합니다.
Soraka,소라카,Soraka,별의 아이,Support|Mage,W,은하의 마력,Astral Infusion,6/5/4/3/2,소라카가 자신의 체력을 일정 부분 희생하여 아군 유닛을 치유합니다.
Soraka,소라카,Soraka,별의 아이,Support|Mage,E,별의 균형,Equinox,20/19/18/17/16,영역 내의 모든 적을 침묵시키는 구역을 생성합니다. 영역이 해제될 때 아직 안에 남아있는 모든 적은 제자리에 묶입니다.
Soraka,소라카,Soraka,별의 아이,Support|Mage,R,기원,Wish,150/135/120,소라카가 아군에게 희망을 불어넣어 자신과 아군 챔피언들의 체력을 즉시 회복합니다.
Swain,스웨인,Swain,녹서스 대장군,Mage|Support,P,굶주린 새떼,Ravenous Flock,-,까마귀가 스웨인의 체력을 회복시키고 최대 체력을 영구적으로 증가시키는 '영혼 조각'을 모읍니다.
Swain,스웨인,Swain,녹서스 대장군,Mage|Support,Q,죽음의 손길,Death's Hand,7/6/5/4/3,스웨인이 섬뜩한 힘을 지닌 번개를 여러 갈래 방출합니다. 적중당한 적이 죽으면 번개가 해당 유닛을 관통합니다. 적중한 번개의 수에 따라 피해량도 증가합니다.
Swain,스웨인,Swain,녹서스 대장군,Mage|Support,W,제국의 눈,Vision of Empire,22/21/20/19/18,스웨인이 악마의 눈을 소환해 적에게 피해를 입히고 둔화시킵니다. 챔피언이 적중당하면 모습이 드러나고 스웨인은 영혼 조각을 얻습니다.
Swain,스웨인,Swain,녹서스 대장군,Mage|Support,E,속박명령,Nevermove,12/11.5/11/10.5/10,스웨인이 전방으로 악마의 파동을 방출합니다. 파동은 다시 스웨인에게 돌아오며 부딪힌 적을 모두 속박합니다. 이후 속박한 챔피언을 모두 가까이 끌어당길 수 있습니다. 악의 승천 사용 중에는 이 스킬의 재사용 대기시간이 더 짧습니다.
Swain,스웨인,Swain,녹서스 대장군,Mage|Support,R,악의 승천,Demonic Ascension,120,"스웨인이 악마로 변신해 근처 적 챔피언, 미니언, 중립 몬스터에게서 생명력을 흡수합니다. 악의 불길을 사용하면 주변 적을 학살하고 둔화시킵니다. 이 형태는 스웨인이 적 챔피언을 흡수하는 한 무기한 지속됩니다."
Sylas,사일러스,Sylas,해방된 자,Mage|Assassin,P,페트리사이트 폭발,Petricite Burst,-,스킬 사용 후 사일러스가 페트리사이트 폭발을 1회 충전합니다. 다음 기본 공격 시 충전량을 하나 소모하여 사슬을 세차게 휘두르며 적중한 적들에게 추가 마법 피해를 입힙니다. 페트리사이트 폭발이 충전되어 있으면 사일러스의 공격 속도가 증가합니다.
Sylas,사일러스,Sylas,해방된 자,Mage|Assassin,Q,사슬 후려치기,Chain Lash,10/9/8/7/6,사일러스가 사슬을 후려쳐 교차시키며 대상 지점에 있는 적에게 피해를 입히고 이동 속도를 늦춥니다. 잠시 후 사슬이 교차한 지점에서 마력이 폭발해 피해를 입힙니다.
Sylas,사일러스,Sylas,해방된 자,Mage|Assassin,W,국왕시해자,Kingslayer,12/10.5/9/7.5/6,사일러스가 마법의 힘으로 적에게 돌진해 피해를 입히며 적 챔피언을 공격하면 체력을 회복합니다.
Sylas,사일러스,Sylas,해방된 자,Mage|Assassin,E,도주 / 억압,Abscond / Abduct,13/12/11/10/9,사일러스가 지정한 위치로 돌진합니다. 스킬을 다시 사용하면 사슬을 던져 적중한 적 방향으로 이동합니다.
Sylas,사일러스,Sylas,해방된 자,Mage|Assassin,R,강탈,Hijack,80/55/30,사일러스가 적의 궁극기를 강탈해 자유롭게 사용합니다.
Syndra,신드라,Syndra,어둠의 여제,Mage,P,초월,Transcendent,-,신드라가 레벨을 올리고 적에게 피해를 입혀서 분노의 조각을 획득합니다. 분노의 조각은 스킬을 강화합니다. 어둠 구체: 신드라가 1번의 추가 충전량을 유지할 수 있습니다. 의지의 힘: 추가 고정 피해를 입힙니다. 적군 와해: 스킬 적용 범위 폭이 증가하고 모든 대상을 둔화시킵니다. 풀려난 힘: 체력이 낮은 대상을 처형합니다.
Syndra,신드라,Syndra,어둠의 여제,Mage,Q,어둠 구체,Dark Sphere,7,"신드라가 어둠 구체를 만들어내 마법 피해를 가합니다. 구체는 제자리에 유지되며, 신드라의 다른 스킬로 조종할 수도 있습니다."
Syndra,신드라,Syndra,어둠의 여제,Mage,W,의지의 힘,Force of Will,13/12/11/10/9,"신드라가 적 미니언 혹은 어둠 구체를 잡아서 던져 마법 피해를 입히고, 적의 이동 속도를 감소시킵니다."
Syndra,신드라,Syndra,어둠의 여제,Mage,E,적군 와해,Scatter the Weak,15,신드라가 어둠 구체와 적들을 뒤로 밀어내며 마법 피해를 입힙니다. 어둠 구체에 맞은 적은 기절합니다.
Syndra,신드라,Syndra,어둠의 여제,Mage,R,풀려난 힘,Unleashed Power,120/100/80,신드라가 적 챔피언 하나에게 어둠 구체를 모두 날려 집중 포격을 가합니다.
TahmKench,탐 켄치,Tahm Kench,강의 폭군,Tank|Support,P,절대 미각,An Acquired Taste,-,탐 켄치가 어마어마한 체구를 이용해 기본 공격 시 총 체력에 기반해 추가 피해를 입힙니다. 적 챔피언에게 피해를 입히면 이들에게 절대 미각 중첩이 쌓입니다. 중첩이 3번 쌓이면 집어삼키기 스킬을 사용하여 적 챔피언을 집어삼킬 수 있습니다.
TahmKench,탐 켄치,Tahm Kench,강의 폭군,Tank|Support,Q,혀 채찍,Tongue Lash,7/6.5/6/5.5/5,탐 켄치가 혀를 채찍처럼 휘둘러 처음 맞는 유닛에 피해를 입히고 속도를 늦춥니다. 적 챔피언에게 적중하면 자신의 체력을 회복합니다. 적 챔피언에게 절대 미각 중첩을 적용합니다. 해당 챔피언에게 절대 미각 중첩이 이미 3회 쌓였다면 챔피언은 기절하고 중첩이 소모됩니다.
TahmKench,탐 켄치,Tahm Kench,강의 폭군,Tank|Support,W,심연 잠수,Abyssal Dive,21/20/19/18/17,아래로 잠수한 후 지정한 장소에서 다시 나타나며 피해를 입히고 일정 지역에 있는 모든 적을 공중으로 띄웁니다.
TahmKench,탐 켄치,Tahm Kench,강의 폭군,Tank|Support,E,두꺼운 피부,Thick Skin,3,기본 지속 효과: 탐 켄치가 입은 피해량의 일부를 비축하고 전투에서 벗어났을 때 비축량에 비례하여 체력을 회복합니다. 사용 시: 비축한 모든 피해량을 일시적인 보호막으로 전환합니다.
TahmKench,탐 켄치,Tahm Kench,강의 폭군,Tank|Support,R,집어삼키기,Devour,0,탐 켄치가 몇 초 동안 챔피언을 집어삼키며 대상이 적이면 마법 피해를 입히고 아군이면 보호막을 부여합니다.
Taliyah,탈리야,Taliyah,바위술사,Mage|Support,P,바위타기,Rock Surfing,-,벽 근처에서 이동 속도가 상승합니다.
Taliyah,탈리야,Taliyah,바위술사,Mage|Support,Q,파편 난사,Threaded Volley,7/6/5/4/3,탈리야가 지정한 방향으로 바위 조각을 던집니다. 이 때 탈리야는 자유롭게 이동할 수 있으며 탈리야 아래의 땅이 다져집니다. 다져진 땅 위에서 파편 난사를 사용하면 다져진 땅이 사라지면서 적을 둔화하는 큰 바위를 던집니다.
Taliyah,탈리야,Taliyah,바위술사,Mage|Support,W,지각변동,Seismic Shove,14/12.5/11/9.5/8,탈리야가 특정 지점을 솟구치게 만들어 탈리야가 선택한 방향으로 적을 띄워 올립니다.
Taliyah,탈리야,Taliyah,바위술사,Mage|Support,E,대지의 파동,Unraveled Earth,14,적을 둔화시키는 바위밭을 만듭니다. 적이 그 위로 돌진하거나 밀려나면 바위가 폭발해 대상을 기절시킵니다.
Taliyah,탈리야,Taliyah,바위술사,Mage|Support,R,바위술사의 벽,Weaver's Wall,180/150/120,아주 긴 벽을 세웁니다. 탈리야는 이 벽을 타고 이동할 수 있습니다.
Talon,탈론,Talon,검의 그림자,Assassin,P,검의 최후,Blade's End,-,탈론이 챔피언이나 대형 몬스터에게 스킬을 사용하면 최대 3회까지 중첩되는 상처가 남습니다. 상처가 3회 중첩된 챔피언에게 기본 공격을 가하면 출혈을 일으켜 일정 시간 동안 큰 피해를 입힙니다.
Talon,탈론,Talon,검의 그림자,Assassin,Q,녹서스식 외교,Noxian Diplomacy,8/7.5/7/6.5/6,탈론이 대상 유닛을 찌릅니다. 근접 공격이 가능한 거리에서 사용하면 치명타가 적용됩니다. 근접 공격이 불가능한 거리에서 사용하면 대상에게 도약해서 찌릅니다. 이 스킬로 대상을 처치하면 체력을 약간 회복하고 재사용 대기시간을 일부 돌려받습니다.
Talon,탈론,Talon,검의 그림자,Assassin,W,갈퀴손,Rake,9/8.5/8/7.5/7,탈론이 부메랑 단검을 여러 개 던져 명중하는 적에게 물리 피해를 줍니다. 단검이 다시 돌아올 때 맞은 적은 추가 피해를 입고 둔화됩니다.
Talon,탈론,Talon,검의 그림자,Assassin,E,암살자의 길,Assassin's Path,0,탈론이 구조물이나 지형 위로 일정 거리를 도약해 넘습니다. 이 스킬 자체는 재사용 대기시간이 짧지만 한 번 넘은 지형은 상당 시간 동안 다시 넘을 수 없습니다.
Talon,탈론,Talon,검의 그림자,Assassin,R,그림자 공격,Shadow Assault,100/80/60,"탈론이 사방에 검을 던지면서 투명 상태가 되며 추가 이동 속도를 얻습니다. 투명 상태가 풀리면 검이 다시 탈론이 있는 곳으로 모여듭니다. 검이 움직일 때마다, 한 개 이상의 검에 맞은 적은 그림자 공격으로 물리 피해를 입습니다."
Taric,타릭,Taric,발로란의 방패,Support|Tank,P,담대함,Bravado,-,타릭이 스킬을 사용하면 다음 2회의 기본 공격에 추가 마법 피해가 적용되고 공격 속도가 빨라지며 스킬의 재사용 대기시간이 단축됩니다.
Taric,타릭,Taric,발로란의 방패,Support|Tank,Q,별빛 손길,Starlight's Touch,3,충전량을 모두 소모해 근처의 아군 챔피언을 회복시킵니다. 담대함으로 강화된 기본 공격 시 충전 대기시간이 줄어듭니다.
Taric,타릭,Taric,발로란의 방패,Support|Tank,W,수호의 고리,Bastion,15,수호의 고리로 연결된 아군 챔피언과 타릭의 방어력이 상승합니다. 연결된 아군 챔피언이 타릭 근처에 있는 동안 수호의 고리를 사용하면 연결된 아군에게 보호막을 씌웁니다. 타릭이 스킬을 사용하면 연결된 아군도 같은 스킬을 사용합니다.
Taric,타릭,Taric,발로란의 방패,Support|Tank,E,황홀한 강타,Dazzle,16/15/14/13/12,타릭이 천상의 별빛을 준비해 잠시 후 적에게 마법 피해를 입히고 기절시킵니다.
Taric,타릭,Taric,발로란의 방패,Support|Tank,R,우주의 광휘,Cosmic Radiance,180/150/120,잠시 후 근처의 아군 챔피언을 모두 우주의 에너지로 감싸 잠깐 동안 무적 상태로 만듭니다.
Teemo,티모,Teemo,날쌘 정찰병,Marksman|Mage,P,유격 전투,Guerrilla Warfare,-,티모가 아무 행동도 하지 않고 잠시 서 있으면 무기한 투명 상태가 됩니다. 수풀 속에서는 이동 중에도 투명 상태에 돌입해 유지할 수 있습니다. 투명 상태에서 벗어나면 기습공격 효과를 얻어 몇 초간 공격 속도가 증가합니다.
Teemo,티모,Teemo,날쌘 정찰병,Marksman|Mage,Q,실명 다트,Blinding Dart,7,강력한 독으로 적의 시야를 가리고 피해를 입힙니다. 지속시간 동안 대상을 실명시킵니다.
Teemo,티모,Teemo,날쌘 정찰병,Marksman|Mage,W,신속한 이동,Move Quick,14,티모의 이동 속도가 증가합니다. 포탑이나 적 챔피언에게 공격받으면 효과가 중단됩니다. 티모는 짧은 시간 공격당하지 않으면 다시 이동 속도 증가 효과를 얻을 수 있습니다.
Teemo,티모,Teemo,날쌘 정찰병,Marksman|Mage,E,맹독 다트,Toxic Shot,0,티모의 기본 공격 %i:OnHit% 적중 시 적은 중독되어 4초 동안 매초 피해를 입습니다. 기본 공격을 맞힐 때마다 독 피해도 같이 들어갑니다.
Teemo,티모,Teemo,날쌘 정찰병,Marksman|Mage,R,유독성 함정,Noxious Trap,0.25,티모가 가방에 있던 버섯을 사용하여 폭발성 독 함정을 던집니다. 적이 함정을 밟으면 독 구름이 퍼져 나와 몇 초에 걸쳐 적의 이동 속도를 늦추고 피해를 입힙니다. 버섯 위에 새 버섯을 던져서 튕기면 더 멀리까지 함정을 설치할 수 있습니다.
Thresh,쓰레쉬,Thresh,지옥의 간수,Support|Tank,P,지옥살이,Damnation,-,쓰레쉬는 근처에서 처치된 적의 영혼을 포획해 방어력과 주문력을 영구적으로 올릴 수 있습니다.
Thresh,쓰레쉬,Thresh,지옥의 간수,Support|Tank,Q,사형 선고,Death Sentence,19/16.5/14/11.5/9,쓰레쉬가 쇠사슬로 적을 묶어 자신 쪽으로 당겨옵니다. 스킬을 다시 사용하면 쓰레쉬가 적 쪽으로 당겨집니다.
Thresh,쓰레쉬,Thresh,지옥의 간수,Support|Tank,W,어둠의 통로,Dark Passage,21/20/19/18/17,쓰레쉬가 랜턴을 던져 근처의 아군 챔피언들을 피해로부터 보호합니다. 아군이 랜턴을 클릭하면 쓰레쉬에게 질주할 수 있습니다.
Thresh,쓰레쉬,Thresh,지옥의 간수,Support|Tank,E,사슬 채찍,Flay,13/12.25/11.5/10.75/10,"쓰레쉬가 공격하기 위한 힘을 모아, 다음 공격까지 대기시간이 길수록 더 큰 피해를 가합니다. 활성화하면 쇠사슬을 휘둘러 맞은 적들을 휘두른 방향으로 밀어냅니다."
Thresh,쓰레쉬,Thresh,지옥의 간수,Support|Tank,R,영혼 감옥,The Box,120/100/80,벽으로 된 감옥이 부서지면 둔화를 일으키며 피해를 입힙니다.
Tristana,트리스타나,Tristana,요들 사수,Marksman|Assassin,P,정조준,Draw a Bead,-,레벨이 올라갈수록 공격 사거리도 올라갑니다.
Tristana,트리스타나,Tristana,요들 사수,Marksman|Assassin,Q,속사,Rapid Fire,20/19/18/17/16,트리스타나가 짧은 시간 동안 공격 속도를 높이며 빠르게 탄환을 발사합니다.
Tristana,트리스타나,Tristana,요들 사수,Marksman|Assassin,W,로켓 점프,Rocket Jump,22/20/18/16/14,트리스타나가 땅에 대포를 쏴 추진력을 얻어 먼 곳으로 이동합니다. 착륙한 지점 근처의 적 유닛에게 피해를 주며 잠깐 동안 이동 속도를 느리게 합니다.
Tristana,트리스타나,Tristana,요들 사수,Marksman|Assassin,E,폭발 화약,Explosive Charge,16/15.5/15/14.5/14,"트리스타나가 적을 처치할 때마다 대포알이 조각 조각 터지면서 주변 적에게 피해를 입힙니다. 스킬을 활성화하면 대상 적에게 폭탄을 부착하여, 잠시 후 터지면서 주위 유닛들에게도 피해를 입힙니다."
Tristana,트리스타나,Tristana,요들 사수,Marksman|Assassin,R,대구경 탄환,Buster Shot,100,트리스타나가 무기에 거대한 대포알을 장착하여 적 유닛에게 발사합니다. 이 스킬은 마법 피해를 입히고 적을 뒤로 밀어냅니다. 대상에게 폭발 화약이 붙어 있을 경우 폭발 범위가 두 배로 늘어납니다.
Trundle,트런들,Trundle,트롤 왕,Fighter|Tank,P,헌납,King's Tribute,-,트런들은 근처에서 적 유닛이 쓰러질 때마다 죽은 유닛의 최대 체력의 일정 비율만큼 체력이 회복됩니다.
Trundle,트런들,Trundle,트롤 왕,Fighter|Tank,Q,깨물기,Chomp,3.5,트런들이 상대를 물어뜯어 피해를 입히고 잠깐 둔화 효과를 주며 적의 공격력을 약간 흡수합니다.
Trundle,트런들,Trundle,트롤 왕,Fighter|Tank,W,얼음 왕국,Frozen Domain,18/17/16/15/14,"트런들이 목표 지점을 자기 왕국으로 바꿔, 해당 지역에 있는 동안 공격 속도와 이동 속도가 증가하고 모든 시전자로부터 오는 치유 효과가 증가합니다."
Trundle,트런들,Trundle,트롤 왕,Fighter|Tank,E,얼음 기둥,Pillar of Ice,21/19.5/18/16.5/15,트런들이 목표 지점에 지나갈 수 없는 얼음 돌기둥을 생성합니다. 얼음 기둥 주변을 지나가는 모든 적 유닛의 이동 속도가 낮아집니다.
Trundle,트런들,Trundle,트롤 왕,Fighter|Tank,R,진압,Subjugate,120/100/80,"트런들이 대상에게서 일정 비율의 체력과 방어력 및 마법 저항력을 즉시 훔칩니다. 다음 4초 동안 훔친 체력, 방어력, 마법 저항력이 두 배로 증가합니다."
Tryndamere,트린다미어,Tryndamere,야만전사 왕,Fighter|Assassin,P,격노,Battle Fury,-,"트린다미어가 일반 공격, 치명타 공격 그리고 마지막 일격을 날릴 때마다 분노를 획득합니다. 분노는 트린다미어의 치명타 확률을 높이며 피의 갈망을 사용하면 소모됩니다."
Tryndamere,트린다미어,Tryndamere,야만전사 왕,Fighter|Assassin,Q,피의 갈망,Bloodlust,12,트린다미어는 전투의 스릴에 희열을 느낍니다. 트린다미어의 체력이 낮으면 낮을수록 공격력이 상승합니다. 피의 갈망 스킬 사용 시 트린다미어는 분노 수치를 소모하여 체력을 회복할 수 있습니다.
Tryndamere,트린다미어,Tryndamere,야만전사 왕,Fighter|Assassin,W,조롱의 외침,Mocking Shout,14,트린다미어가 모욕적인 외침으로 주변 챔피언들의 공격력을 낮춥니다. 트린다미어에게서 등을 돌린 챔피언들은 이동 속도 역시 느려집니다.
Tryndamere,트린다미어,Tryndamere,야만전사 왕,Fighter|Assassin,E,회전 베기,Spinning Slash,12/11/10/9/8,트린다미어가 공격 경로에 있는 적 유닛을 칼로 베어 피해를 입힙니다.
Tryndamere,트린다미어,Tryndamere,야만전사 왕,Fighter|Assassin,R,불사의 분노,Undying Rage,120/100/80,전투를 향한 트린다미어의 욕망이 너무나도 강해 죽을 수 없는 몸이 됩니다.
TwistedFate,트위스티드 페이트,Twisted Fate,카드의 달인,Mage|Marksman,P,사기 주사위,Loaded Dice,-,트위스티드 페이트는 유닛을 하나 처치할 때마다 '행운'의 주사위를 굴려 1에서 6까지의 골드를 추가로 얻습니다.
TwistedFate,트위스티드 페이트,Twisted Fate,카드의 달인,Mage|Marksman,Q,와일드 카드,Wild Cards,6/5.75/5.5/5.25/5,트위스티드 페이트는 카드 세 장을 던져 지나가는 카드에 맞은 각 적 유닛에게 피해를 입힙니다.
TwistedFate,트위스티드 페이트,Twisted Fate,카드의 달인,Mage|Marksman,W,카드 뽑기,Pick a Card,6,트위스티드 페이트가 카드 더미에서 다음 공격에 쓸 마법 카드를 한 장 골라 공격 시 추가 효과를 부여합니다.
TwistedFate,트위스티드 페이트,Twisted Fate,카드의 달인,Mage|Marksman,E,속임수 덱,Stacked Deck,0,4번째 공격마다 트위스티드 페이트가 추가 피해를 입힙니다. 또한 공격 속도가 증가합니다.
TwistedFate,트위스티드 페이트,Twisted Fate,카드의 달인,Mage|Marksman,R,운명,Destiny,170/140/110,"트위스티드 페이트가 적의 미래를 점치면서 모든 적 챔피언의 위치를 탐지해내고, 어디든지 이동할 수 있는 관문 스킬을 1.5초 동안 사용할 수 있게 됩니다."
Twitch,트위치,Twitch,역병 쥐,Marksman|Assassin,P,맹독,Deadly Venom,-,트위치의 기본 공격 %i:OnHit% 적중 시 대상을 중독시켜 초당 고정 피해를 입힙니다.
Twitch,트위치,Twitch,역병 쥐,Marksman|Assassin,Q,매복,Ambush,16,트위치의 이동 속도가 빨라지고 짧은 시간 동안 위장 상태가 됩니다. 위장 효과가 끝나면 잠시 공격 속도가 증가합니다. 맹독에 걸린 적 챔피언이 죽으면 매복의 재사용 대기시간이 초기화됩니다.
Twitch,트위치,Twitch,역병 쥐,Marksman|Assassin,W,독약 병,Venom Cask,13/12/11/10/9,"트위치가 명중하면 폭발하는 독약 병을 던져, 범위 내 대상들에게 둔화 효과를 부여하고 맹독을 적용합니다."
Twitch,트위치,Twitch,역병 쥐,Marksman|Assassin,E,오염,Contaminate,12/11/10/9/8,트위치가 역병을 퍼뜨려 중독된 적들에게 더 큰 피해를 줍니다.
Twitch,트위치,Twitch,역병 쥐,Marksman|Assassin,R,무차별 난사,Spray and Pray,90,"트위치가 석궁의 위력을 최대한으로 끌어올려 멀리로 관통 화살들을 발사하며, 경로상의 모든 적을 꿰뚫습니다."
Udyr,우디르,Udyr,정령 주술사,Fighter|Tank,P,가교,Bridge Between,-,"네 가지 기본 스킬로 여러 태세를 오갈 수 있습니다. 재사용 대기 중인 스킬을 재사용하면 재사용 대기 시간을 초기화하고 궁극의 효과를 부여합니다. 또한, 스킬 사용 후 다음 기본 공격 2회의 공격 속도가 증가합니다."
Udyr,우디르,Udyr,정령 주술사,Fighter|Tank,Q,야생 발톱,Wilding Claw,6,공격 속도가 증가하고 다음 두 차례 기본 공격으로 추가 물리 피해를 입힙니다. 재사용 시: 공격 속도가 더 많이 증가하고 다음 두 차례 기본 공격으로 번개를 일으켜 대상을 타격합니다.
Udyr,우디르,Udyr,정령 주술사,Fighter|Tank,W,강철 갑옷,Iron Mantle,6,보호막을 얻고 다음 두 차례의 기본 공격을 통해 체력을 회복합니다. 재사용 시: 강화된 보호막을 얻은 후 몇 초에 걸쳐 최대 체력에 비례해 체력을 회복합니다.
Udyr,우디르,Udyr,정령 주술사,Fighter|Tank,E,불길 쇄도,Blazing Stampede,6,이동 속도가 증가합니다. 이 태세를 취한 후 적에게 처음 기본 공격을 가할 때마다 대상을 기절시킵니다. 재사용 시: 몇 초간 이동 속도가 더 많이 증가하고 이동 불가 효과에 면역이 됩니다.
Udyr,우디르,Udyr,정령 주술사,Fighter|Tank,R,날개 돋친 폭풍,Wingborne Storm,6,얼음 폭풍으로 자신을 감싸 주변 적들에게 피해를 입히고 둔화시킵니다. 재사용 시: 적을 쫓아가며 추가 피해를 입히는 폭풍을 풀어놓습니다.
Urgot,우르곳,Urgot,살상 병기,Fighter|Tank,P,화염의 메아리,Echoing Flames,-,우르곳은 기본 공격과 심판의 원으로 다리에서 불꽃을 발사해 물리 피해를 입힙니다.
Urgot,우르곳,Urgot,살상 병기,Fighter|Tank,Q,부식성 폭약,Corrosive Charge,10/9.5/9/8.5/8,부식성 폭약을 지정한 위치에 발사하여 물리 피해를 입히고 적중당한 적을 둔화시킵니다.
Urgot,우르곳,Urgot,살상 병기,Fighter|Tank,W,심판의 원,Purge,12/9/6/3/0,"우르곳이 둔화된 상태로 주변 적을 사격합니다. 우르곳은 최근 다른 스킬을 적중시킨 적 챔피언을 우선 공격하며, 화염의 메아리를 발동시킬 수 있습니다."
Urgot,우르곳,Urgot,살상 병기,Fighter|Tank,E,경멸,Disdain,16/15.5/15/14.5/14,우르곳이 한 방향으로 돌진하며 자신에게 보호막을 씌우고 챔피언이 아닌 대상을 밀어냅니다. 적 챔피언과 충돌하면 우르곳이 멈추고 적 챔피언을 자신의 뒤로 던집니다.
Urgot,우르곳,Urgot,살상 병기,Fighter|Tank,R,불사의 공포,Fear Beyond Death,100/85/70,우르곳이 마공학 송곳 섬광탄을 발사하여 섬광탄이 처음 적중한 적 챔피언에게 꽂힙니다. 해당 챔피언의 체력이 일정 수준 이하로 떨어지면 우르곳이 그를 약자라고 판단하여 처형할 수 있습니다.
Varus,바루스,Varus,응징의 화살,Marksman|Mage,P,죽지 않는 복수심,Living Vengeance,-,적을 처치하거나 어시스트를 올리면 잠시 바루스의 공격력과 주문력이 상승합니다. 대상이 챔피언인 경우 공격력과 주문력이 더 큰 폭으로 상승합니다.
Varus,바루스,Varus,응징의 화살,Marksman|Mage,Q,꿰뚫는 화살,Piercing Arrow,16/15/14/13/12,"바루스가 조준한 다음 강화된 화살을 발사하면, 조준한 시간에 비례하여 사거리와 피해량이 늘어납니다."
Varus,바루스,Varus,응징의 화살,Marksman|Mage,W,역병 화살,Blighted Quiver,40,기본 지속 효과: 바루스의 기본 공격이 추가 마법 피해를 입히고 역병을 붙입니다. 바루스가 이 대상을 다른 스킬로 공격하면 역병이 폭발하며 대상의 최대 체력에 비례한 마법 피해를 입힙니다. 사용 시: 다음번 꿰뚫는 화살이 강화됩니다.
Varus,바루스,Varus,응징의 화살,Marksman|Mage,E,퍼붓는 화살,Hail of Arrows,18/16/14/12/10,바루스가 화살을 비처럼 쏟아부어 물리 피해를 주고 지면을 오염시킵니다. 오염된 지면은 적의 이동 속도를 늦추며 자신에 대한 체력 회복 및 재생 효과를 감소시킵니다.
Varus,바루스,Varus,응징의 화살,Marksman|Mage,R,부패의 사슬,Chain of Corruption,100/80/60,바루스가 부패의 촉수를 발사하여 처음 맞은 적 챔피언의 이동을 차단합니다. 촉수는 주변의 감염되지 않은 챔피언들에게 계속 뻗어 나가 닿은 적들을 모두 이동 불가 상태로 만듭니다.
Vayne,베인,Vayne,어둠 사냥꾼,Marksman|Assassin,P,어둠 사냥꾼,Night Hunter,-,베인이 악당을 무자비하게 사냥합니다. 근처 적 챔피언에게 접근할 때 이동 속도가 증가합니다.
Vayne,베인,Vayne,어둠 사냥꾼,Marksman|Assassin,Q,구르기,Tumble,6/5/4/3/2,베인이 구르기를 하며 다음 공격 대상을 신중하게 선택합니다. 베인의 다음 공격은 추가 피해를 입힙니다.
Vayne,베인,Vayne,어둠 사냥꾼,Marksman|Assassin,W,은화살,Silver Bolts,0,베인이 사악한 존재에게만 피해를 주는 특수 금속이 달린 볼트를 사용합니다. 같은 대상에게 세 번째 공격 또는 스킬이 명중하면 대상 최대 체력에 비례한 고정 피해를 추가로 입힙니다.
Vayne,베인,Vayne,어둠 사냥꾼,Marksman|Assassin,E,선고,Condemn,20/18/16/14/12,베인이 등에서 커다란 석궁을 뽑아 거대한 볼트를 발사하여 대상을 뒤로 날려보내고 대상에게 피해를 줍니다. 지형과 부딪힌 대상은 지형에 꽂힌 채 추가 피해를 받고 기절합니다.
Vayne,베인,Vayne,어둠 사냥꾼,Marksman|Assassin,R,결전의 시간,Final Hour,100/85/70,격렬한 전투에 대비한 베인이 공격력을 높이고 구르기 시 투명 상태가 되며 구르기의 재사용 대기시간이 줄어듭니다. 어둠 사냥꾼의 이동 속도 증가량이 더 늘어납니다.
Veigar,베이가,Veigar,악의 작은 지배자,Mage,P,극악무도,Phenomenal Evil Power,-,룬테라에서 가장 강력한 악의 원천인 베이가는 점점 더 강해지고 있습니다. 적 챔피언에게 스킬을 적중시키거나 처치에 관여할 때마다 주문력이 영구적으로 증가합니다.
Veigar,베이가,Veigar,악의 작은 지배자,Mage,Q,사악한 일격,Baleful Strike,6/5.5/5/4.5/4,베이가가 어둠의 에너지를 발사하여 처음 맞은 적 둘에게 마법 피해를 입힙니다. 이 스킬로 적 유닛을 처치하면 베이가의 주문력이 영구적으로 상승합니다.
Veigar,베이가,Veigar,악의 작은 지배자,Mage,W,암흑 물질,Dark Matter,0,베이가가 하늘에서 거대한 암흑 물질을 떨어뜨려 마법 피해를 입힙니다. 극악 중첩이 쌓이면 암흑 물질의 재사용 대기시간이 감소합니다.
Veigar,베이가,Veigar,악의 작은 지배자,Mage,E,사건의 지평선,Event Horizon,20/18.5/17/15.5/14,베이가가 공간의 가장자리를 왜곡해 지나가는 적을 기절시키는 감옥을 생성합니다.
Veigar,베이가,Veigar,악의 작은 지배자,Mage,R,태초의 폭발,Primordial Burst,120/90/60,적 챔피언을 맞춰 매우 큰 마법 피해를 입힙니다. 피해량은 대상의 잃은 체력에 비례해 증가합니다.
Velkoz,벨코즈,Vel'Koz,공허의 눈,Mage|Support,P,유기물 분해,Organic Deconstruction,-,벨코즈가 스킬을 적중시키면 대상에게 유기물 분해 중첩이 쌓입니다. 3회 중첩 시 대상은 큰 고정 피해를 입습니다.
Velkoz,벨코즈,Vel'Koz,공허의 눈,Mage|Support,Q,플라즈마 분열,Plasma Fission,7,벨코즈가 플라즈마 광선을 발사하고 나서 스킬을 재사용하거나 적에게 맞으면 광선이 둘로 갈라집니다. 이 광선은 적중 시 둔화를 적용하고 피해를 입힙니다.
Velkoz,벨코즈,Vel'Koz,공허의 눈,Mage|Support,W,공허 균열,Void Rift,1.5,"벨코즈가 공허로 통하는 균열을 열어 최초 피해를 입힌 다음, 잠시 시간이 지난 후 두 번째 폭발로 피해를 가합니다."
Velkoz,벨코즈,Vel'Koz,공허의 눈,Mage|Support,E,지각 붕괴,Tectonic Disruption,12/11.5/11/10.5/10,"벨코즈가 일정 범위를 폭발시켜 적을 띄우고, 가까이 있는 적들은 약간 멀리 밀어냅니다."
Velkoz,벨코즈,Vel'Koz,공허의 눈,Mage|Support,R,생물 분해 광선,Life Form Disintegration Ray,100/90/80,"벨코즈가 정신을 집중하고 광선을 발사하면, 광선이 2.5초 동안 커서 위치를 따라가며 마법 피해를 입히고 적을 둔화시킵니다. 유기물 분해 연구가 완료된 적 챔피언은 마법 피해 대신 고정 피해를 입습니다."
Vex,벡스,Vex,우울주의자,Mage,P,파멸과 우울,Doom 'n Gloom,-,벡스가 주기적으로 강화 상태가 되어 다음 기본 스킬로 적 챔피언을 공포에 빠뜨리고 돌진을 방해합니다. 주변 적이 돌진할 때마다 벡스가 적에게 표식을 남깁니다. 표식을 소모해 추가 피해를 입힐 수 있으며 강화 상태의 재사용 대기시간이 감소합니다.
Vex,벡스,Vex,우울주의자,Mage,Q,안개 화살,Mistral Bolt,8/7/6/5/4,피해를 입히는 화살을 발사합니다. 화살은 날아가는 동안 속도가 빨라집니다.
Vex,벡스,Vex,우울주의자,Mage,W,거리 두기,Personal Space,16/15/14/13/12,보호막을 얻고 주변 적에게 피해를 입힙니다.
Vex,벡스,Vex,우울주의자,Mage,E,커지는 어둠,Looming Darkness,12,피해를 입히고 둔화시키는 영역을 소환하며 적에게 우울을 적용합니다.
Vex,벡스,Vex,우울주의자,Mage,R,그림자 파동,Shadow Surge,140/120/100,적 챔피언에게 표식을 남기는 발사체를 날립니다. 재사용하면 벡스가 대상에게 돌진하여 피해를 입힙니다.
Vi,바이,Vi,필트오버의 집행자,Fighter|Assassin,P,폭발 보호막,Blast Shield,-,바이는 시간이 흐르면 보호막이 1회 충전됩니다. 이 보호막은 적을 스킬로 적중시키면 활성화됩니다.
Vi,바이,Vi,필트오버의 집행자,Fighter|Assassin,Q,금고 부수기,Vault Breaker,12/10.5/9/7.5/6,"바이가 건틀릿을 충전하여, 두꺼운 금고도 뚫을 위력의 타격을 가하며 전방으로 돌진합니다. 부딪힌 적들은 뒤로 밀려나고, 찌그러뜨리기가 중첩됩니다."
Vi,바이,Vi,필트오버의 집행자,Fighter|Assassin,W,찌그러뜨리기,Denting Blows,0,바이의 주먹이 적의 방어구를 찌그러뜨려 추가 피해를 가하며 공격 속도가 상승합니다.
Vi,바이,Vi,필트오버의 집행자,Fighter|Assassin,E,끈질긴 힘,Relentless Force,1,바이의 다음 공격이 대상을 관통하여 뒤에 있는 적들에게 피해를 가합니다.
Vi,바이,Vi,필트오버의 집행자,Fighter|Assassin,R,정지 명령,Cease and Desist,140/115/90,"바이가 적을 추격하며 중간에 걸리는 유닛들을 옆으로 밀어냅니다. 대상에 다다르면 공중으로 띄워올리고 뒤따라 점프하여, 바닥으로 쿵 찍어누릅니다."
Viego,비에고,Viego,몰락한 왕,Fighter|Assassin,P,군주의 지배,Sovereign's Domination,-,비에고 앞에서 쓰러지는 적은 망령이 됩니다. 망령을 공격하면 비에고가 일시적으로 죽은 적의 몸을 지배하며 대상 최대 체력의 일부만큼 체력을 회복하고 대상의 기본 스킬과 아이템을 사용할 수 있습니다. 적의 궁극기는 제외되는 대신 자신의 궁극기를 비용 소모 없이 한 번 사용할 수 있습니다.
Viego,비에고,Viego,몰락한 왕,Fighter|Assassin,Q,몰락한 왕의 검,Blade of the Ruined King,5/4.5/4/3.5/3,비에고의 유령 칼날이 적중 시 현재 체력에 비례한 추가 피해를 입히고 최근 비에고의 스킬에 적중당한 적들을 두 번 공격하여 체력을 훔칩니다. 비에고는 이 스킬을 사용해 양손검을 찔러 전방의 적을 꿰뚫을 수 있습니다.
Viego,비에고,Viego,몰락한 왕,Fighter|Assassin,W,망령의 나락,Spectral Maw,8,비에고가 충전한 다음 전방으로 돌진하여 응축된 검은 안개 구체를 발사하고 처음으로 적중한 적을 기절시킵니다.
Viego,비에고,Viego,몰락한 왕,Fighter|Assassin,E,안개의 길,Harrowed Path,14/12/10/8/6,"비에고가 명령을 내려 검은 안개가 지형을 맴돕니다. 비에고가 망령이 되어 안개 속에 숨고 위장 효과, 이동 속도, 공격 속도를 얻습니다."
Viego,비에고,Viego,몰락한 왕,Fighter|Assassin,R,심장 파괴자,Heartbreaker,120/100/80,비에고가 근처로 순간이동하여 적 챔피언에게 다다르면 심장을 공격하고 파괴적인 충격파를 일으켜 대상 주변의 적을 밀어냅니다.
Viktor,빅토르,Viktor,아케인의 전령관,Mage,P,영광스러운 진화,Glorious Evolution,-,빅토르가 적을 처치할 때마다 마공학 파편을 얻습니다. 마공학 파편을 100개 획득할 때마다 빅토르의 사용 스킬이 영구적으로 증강됩니다. 기본 스킬을 모두 업그레이드한 후에는 마공학 파편을 100개 모아 궁극기를 증강할 수 있습니다.
Viktor,빅토르,Viktor,아케인의 전령관,Mage,Q,힘의 흡수,Siphon Power,9/8/7/6/5,빅토르가 적 유닛에 폭발을 일으켜 마법 피해를 입히며 보호막을 얻고 다음번 기본 공격이 강화됩니다. 증강: 스킬 사용 시 빅토르의 이동 속도가 빨라지고 힘의 흡수 보호막 흡수량이 60% 증가합니다.
Viktor,빅토르,Viktor,아케인의 전령관,Mage,W,중력장,Gravity Field,17/16/15/14/13,빅토르가 강력한 중력장을 생성해 해당 지역 안에 들어온 적들을 느리게 만듭니다. 중력장에 오래 머무르는 적은 기절합니다. 증강: 빅토르의 스킬이 적을 둔화시킵니다.
Viktor,빅토르,Viktor,아케인의 전령관,Mage,E,마법공학 광선,Hextech Ray,12/11/10/9/8,빅토르가 생체기계 팔을 사용해 땅을 일직선으로 가르는 마법공학 광선을 쏘아 경로상의 적 모두에게 피해를 입힙니다. 증강: 마법공학 광선 파동에 이어 폭발이 일어나 마법 피해를 입힙니다.
Viktor,빅토르,Viktor,아케인의 전령관,Mage,R,아케인 폭풍,Arcane Storm,120/100/80,빅토르가 목표 위치에 아케인 폭풍을 일으켜 대상 지역에 있는 적에게 마법 피해를 입히며 적의 정신 집중을 끊습니다. 폭풍은 주위 적에게 주기적으로 마법 피해를 주고 빅토르가 진행 방향을 바꿀 수 있습니다. 증강: 아케인 폭풍이 25% 빠르게 이동하고 챔피언이 폭풍으로부터 피해를 입은 후 죽을 때마다 폭풍의 크기가 커지고 지속시간이 증가합니다.
Vladimir,블라디미르,Vladimir,진홍빛 사신,Mage|Fighter,P,핏빛 계약,Crimson Pact,-,"블라디미르는 추가 체력 30당 1의 주문력을 얻으며, 주문력 1당 1.6의 체력을 얻습니다. (이 효과는 서로 중첩되지 않습니다.)"
Vladimir,블라디미르,Vladimir,진홍빛 사신,Mage|Fighter,Q,수혈,Transfusion,9/7.9/6.8/5.7/4.6,블라디미르가 대상 적으로부터 체력을 흡수합니다. 수혈을 충분히 한 뒤에는 수혈의 피해량과 치유량이 잠깐 동안 크게 늘어납니다.
Vladimir,블라디미르,Vladimir,진홍빛 사신,Mage|Fighter,W,피의 웅덩이,Sanguine Pool,28/25/22/19/16,블라디미르가 피의 웅덩이로 변해 2초 동안 공격 대상이 되지 않습니다. 또한 웅덩이 위에 서 있는 적의 속도가 느려지며 블라디미르가 이들의 체력을 흡수합니다.
Vladimir,블라디미르,Vladimir,진홍빛 사신,Mage|Fighter,E,선혈의 파도,Tides of Blood,13/11/9/7/5,블라디미르가 자신의 체력을 희생해 피의 웅덩이를 채웁니다. 웅덩이가 파도를 방출하면 주변 지역에 피해를 입히지만 적 유닛이 파도를 가로막을 수 있습니다.
Vladimir,블라디미르,Vladimir,진홍빛 사신,Mage|Fighter,R,혈사병,Hemoplague,120,블라디미르가 혈사병으로 목표 지역을 오염시킵니다. 질병에 감염된 적은 일정 시간 동안 더 큰 피해를 입습니다. 감염된 적은 몇 초 뒤 마법 피해를 입으며 피해를 입은 적 챔피언 수에 비례해 블라디미르의 체력이 회복됩니다.
Volibear,볼리베어,Volibear,무자비한 폭풍,Fighter|Tank,P,무자비한 폭풍,The Relentless Storm,-,볼리베어가 기본 공격을 하거나 스킬을 사용하면 공격 속도가 증가하며 최대 중첩 상태에서 공격 시 주변 적들에게 추가 마법 피해를 입힙니다.
Volibear,볼리베어,Volibear,무자비한 폭풍,Fighter|Tank,Q,번개 강타,Thundering Smash,12/11.5/11/10.5/10,볼리베어가 적을 향해 이동할 때 이동 속도가 증가하며 처음으로 기본 공격하는 대상을 기절시키고 피해를 입힙니다.
Volibear,볼리베어,Volibear,무자비한 폭풍,Fighter|Tank,W,광란의 상처,Frenzied Maul,5,볼리베어가 적에게 피해를 입혀 적중 시 효과를 적용하고 표식을 남깁니다. 표식을 남긴 대상에게 다시 이 스킬을 사용하면 추가 피해를 입히고 체력을 회복합니다.
Volibear,볼리베어,Volibear,무자비한 폭풍,Fighter|Tank,E,천공 분열,Sky Splitter,16,볼리베어가 지정한 위치에 번개를 소환해 적에게 피해를 입히고 둔화시킵니다. 볼리베어가 폭발 반경 안에 있으면 보호막을 얻습니다.
Volibear,볼리베어,Volibear,무자비한 폭풍,Fighter|Tank,R,폭풍을 부르는 자,Stormbringer,160/135/110,볼리베어가 지정한 위치로 도약하여 아래에 있는 적을 둔화시키고 피해를 입히며 추가 체력을 얻습니다. 볼리베어가 착지한 곳 근처에 있는 포탑은 일시적으로 비활성화됩니다.
Warwick,워윅,Warwick,자운의 고삐 풀린 분노,Fighter|Tank,P,끝없는 허기,Eternal Hunger,-,워윅이 기본 공격 시 추가 마법 피해를 입힙니다. 워윅의 체력이 50% 아래로 내려가면 추가 피해량만큼 체력을 회복합니다. 체력이 25% 아래로 내려가면 체력 회복량이 세 배로 증가합니다.
Warwick,워윅,Warwick,자운의 고삐 풀린 분노,Fighter|Tank,Q,야수의 송곳니,Jaws of the Beast,8/7.5/7/6.5/6,워윅이 앞으로 도약해 대상을 물고 대상 최대 체력에 비례한 피해를 입힙니다. 이때 워윅은 입힌 피해량만큼 체력을 회복합니다.
Warwick,워윅,Warwick,자운의 고삐 풀린 분노,Fighter|Tank,W,피의 사냥,Blood Hunt,80/70/60/50/40,체력이 50% 미만인 적을 감지합니다. 이 대상에게 이동할 때는 워윅의 이동 속도가 증가하고 대상에 대한 공격 속도도 증가합니다. 적의 체력이 25% 아래로 내려가면 워윅이 광분하며 추가 효과가 세 배로 증가합니다.
Warwick,워윅,Warwick,자운의 고삐 풀린 분노,Fighter|Tank,E,원시의 포효,Primal Howl,15/14/13/12/11,2.5초 동안 워윅이 입는 피해가 감소합니다. 지속시간이 종료되거나 스킬을 재사용하면 워윅이 포효하며 근처의 모든 적을 1초 동안 도망치게 합니다.
Warwick,워윅,Warwick,자운의 고삐 풀린 분노,Fighter|Tank,R,무한의 구속,Infinite Duress,110/90/70,워윅이 지정한 방향으로 도약해 (도약 거리는 추가 이동 속도에 비례) 첫 번째로 부딪힌 챔피언을 1.5초 동안 제압합니다.
Xayah,자야,Xayah,저항하는 자,Marksman,P,관통상,Clean Cuts,-,스킬 사용 후 다음 기본 공격이 경로에 있는 적을 모두 관통하고 깃털을 남깁니다.
Xayah,자야,Xayah,저항하는 자,Marksman,Q,깃털 연타,Double Daggers,10/9.5/9/8.5/8,자야가 일렬로 두 개의 깃털을 던집니다. 깃털은 마지막에 땅에 떨어지며 나중에 다시 불러들일 수 있습니다.
Xayah,자야,Xayah,저항하는 자,Marksman,W,죽음의 깃,Deadly Plumage,18/17/16/15/14,자야가 깃털 칼날 폭풍을 일으켜 기본 공격의 피해량과 공격 속도가 상승합니다. 적 챔피언을 공격하면 이동 속도도 증가합니다.
Xayah,자야,Xayah,저항하는 자,Marksman,E,깃부르미,Bladecaller,12/11/10/9/8,모든 깃털을 자신에게로 불러들여 경로에 있는 적에게 피해를 입히고 속박시킵니다.
Xayah,자야,Xayah,저항하는 자,Marksman,R,저항의 비상,Featherstorm,140/120/100,"자야가 공중으로 도약해 잠시 동안 대상으로 지정할 수 없게 되고, 잠시 후 원뿔 모양으로 깃털을 발사합니다. 깃털은 마지막에 땅에 떨어지며 나중에 다시 불러들일 수 있습니다."
Xerath,제라스,Xerath,초월한 마법사,Mage|Support,P,마나 쇄도,Mana Surge,-,제라스의 기본 공격이 주기적으로 마나를 회복해 줍니다. 제라스가 유닛을 처치하면 이 스킬의 재사용 대기시간이 감소합니다.
Xerath,제라스,Xerath,초월한 마법사,Mage|Support,Q,비전 파동,Arcanopulse,9/8/7/6/5,긴 사거리를 지닌 에너지 포를 쏘아 적중한 모든 적에게 마법 피해를 줍니다.
Xerath,제라스,Xerath,초월한 마법사,Mage|Support,W,파멸의 눈,Eye of Destruction,14/13/12/11/10,"비전 에너지 폭격을 가하여 목표 지역에 있는 모든 적의 속도를 늦추고 마법 피해를 가합니다. 범위 중앙에 있는 대상은 추가 피해를 입고, 더 강한 둔화 효과를 적용받습니다."
Xerath,제라스,Xerath,초월한 마법사,Mage|Support,E,충격 구체,Shocking Orb,13/12.5/12/11.5/11,적 한 명에게 마법 피해를 주며 기절시킵니다.
Xerath,제라스,Xerath,초월한 마법사,Mage|Support,R,비전 의식,Rite of the Arcane,130/115/100,"제라스가 이동 불가 상태가 되며, 원거리 공격을 여러 발 발사할 수 있게 됩니다."
XinZhao,신 짜오,Xin Zhao,데마시아의 호위무사,Fighter|Tank,P,결심,Determination,-,세 번째 기본 공격 시마다 추가 피해를 입히고 자신의 체력을 회복합니다.
XinZhao,신 짜오,Xin Zhao,데마시아의 호위무사,Fighter|Tank,Q,삼조격,Three Talon Strike,7/6.5/6/5.5/5,"신 짜오의 다음 세 번의 기본 공격이 더 큰 피해를 입히고, 세 번째 공격에서 상대를 공중으로 띄웁니다."
XinZhao,신 짜오,Xin Zhao,데마시아의 호위무사,Fighter|Tank,W,풍전참뢰,Wind Becomes Lightning,12/11/10/9/8,신 짜오가 창으로 앞을 가른 뒤 그대로 찌릅니다. 적중당한 적은 둔화되며 도전 받은 상태가 됩니다.
XinZhao,신 짜오,Xin Zhao,데마시아의 호위무사,Fighter|Tank,E,무쌍돌격,Audacious Charge,11,신 짜오가 적에게 돌격하여 공격 속도를 얻고 그 지점에 있던 모든 적에게 피해를 입히며 잠시 둔화시킵니다. 도전 받은 상태인 대상에게는 이 스킬의 사거리가 증가합니다.
XinZhao,신 짜오,Xin Zhao,데마시아의 호위무사,Fighter|Tank,R,현월수호,Crescent Guard,120/110/100,"기본 지속 효과로 신 짜오가 자신이 최근에 피해를 입힌 적에게 도전합니다. 사용 시, 신 짜오가 주위 적들에게 각 유닛의 현재 체력에 비례한 피해를 입히고 도전 받지 않은 대상을 뒤로 밀어내며 일정 거리 밖에 있는 적 챔피언에게 피해를 받지 않는 상태가 됩니다."
Yasuo,야스오,Yasuo,용서받지 못한 자,Fighter|Assassin,P,낭인의 길,Way of the Wanderer,-,"야스오의 치명타 확률이 증가합니다. 또한, 야스오는 이동할 때마다 보호막이 충전되며, 챔피언이나 몬스터로부터 피해를 입으면 보호막이 발동됩니다."
Yasuo,야스오,Yasuo,용서받지 못한 자,Fighter|Assassin,Q,강철 폭풍,Steel Tempest,4,"전방으로 내질러 일직선 상의 모든 적에게 피해를 입힙니다. 적중 시, 몇 초간 폭풍 구름 효과가 1회 중첩됩니다. 2회 중첩되면 강철 폭풍 스킬이 회오리바람을 발사하여 공중으로 띄워올립니다. 강철 폭풍은 기본 공격으로 간주되어 같은 효과가 적용됩니다."
Yasuo,야스오,Yasuo,용서받지 못한 자,Fighter|Assassin,W,바람 장막,Wind Wall,25/23/21/19/17,4초간 모든 적의 투사체를 막아주는 움직이는 벽을 생성합니다.
Yasuo,야스오,Yasuo,용서받지 못한 자,Fighter|Assassin,E,질풍검,Sweeping Blade,0.5/0.4/0.3/0.2/0.1,"대상 적을 뚫고 돌진하여 마법 피해를 입힙니다. 이후 사용할 때마다 돌진의 피해량이 증가하며 최대치에 도달하면 더 이상 증가하지 않습니다. 몇 초 내에는 동일한 대상에게 재사용할 수 없습니다. 돌진 도중 사용할 경우, 강철 폭풍이 원형으로 타격합니다."
Yasuo,야스오,Yasuo,용서받지 못한 자,Fighter|Assassin,R,최후의 숨결,Last Breath,70/50/30,"공중에 뜬 적 챔피언에게 점멸하여 물리 피해를 입히고, 해당 지역에서 공중에 떠 있는 모든 적을 공중에 붙들어둡니다. 기류가 최대치로 차는 대신, 폭풍 구름의 중첩이 모두 초기화됩니다. 이후 몇 초 동안 야스오의 치명타에 높은 방어구 관통력이 추가로 적용됩니다."
Yone,요네,Yone,잊히지 못한 자,Fighter|Assassin,P,사냥꾼의 길,Way of the Hunter,-,요네가 두 번째 공격을 할 때마다 마법 피해를 입힙니다. 또한 요네의 치명타 확률이 증가합니다.
Yone,요네,Yone,잊히지 못한 자,Fighter|Assassin,Q,필멸의 검,Mortal Steel,4,"전방으로 검을 내질러 일직선상의 모든 적에게 피해를 입힙니다. 적중 시, 몇 초간 폭풍 구름 효과가 1회 중첩됩니다. 2회 중첩되면 전방으로 돌진하며 돌풍을 날려 적을 공중으로 띄워 올립니다."
Yone,요네,Yone,잊히지 못한 자,Fighter|Assassin,W,영혼 가르기,Spirit Cleave,14,전방 원뿔 범위 내 모든 적을 가르며 보호막을 획득합니다. 적중한 챔피언 수만큼 보호막 흡수량이 증가합니다. 영혼 가르기의 재사용 대기시간과 시전 시간은 공격 속도에 비례합니다.
Yone,요네,Yone,잊히지 못한 자,Fighter|Assassin,E,영혼해방,Soul Unbound,22/19/16/13/10,요네의 영혼이 육신을 떠나 이동 속도가 증가합니다. 지속시간이 끝나면 요네의 영혼은 다시 육신으로 돌아오며 영혼 상태에서 입힌 피해량의 일부를 다시 입힙니다.
Yone,요네,Yone,잊히지 못한 자,Fighter|Assassin,R,운명봉인,Fate Sealed,120/100/80,요네가 강력한 일격을 날리며 경로에 있는 마지막 챔피언 뒤로 순간적으로 이동하고 적중한 모든 적을 자신 쪽으로 끌어당깁니다.
Yorick,요릭,Yorick,영혼의 길잡이,Fighter|Tank,P,영혼의 길잡이,Shepherd of Souls,-,저주받은 무리: 요릭이 안개 망령 무리를 소환해 주변 적을 공격합니다.
Yorick,요릭,Yorick,영혼의 길잡이,Fighter|Tank,Q,최후의 의식,Last Rites,6/5.5/5/4.5/4,요릭이 다음번 기본 공격 시 추가 피해를 입히고 체력을 회복합니다. 대상이 챔피언이나 대형 몬스터인 경우 또는 대상을 처치하면 무덤이 생성됩니다.
Yorick,요릭,Yorick,영혼의 길잡이,Fighter|Tank,W,망자의 진,Dark Procession,20/18/16/14/12,요릭이 대상 지점에 벽을 세워 적의 이동을 막습니다. 벽은 공격을 받으면 파괴됩니다.
Yorick,요릭,Yorick,영혼의 길잡이,Fighter|Tank,E,애도의 안개,Mourning Mist,12/11/10/9/8,"요릭이 대상에게 방어력을 감소시키고, 피해를 입히고, 이동 속도를 늦추며 표식을 남기는 안개의 구를 던집니다. 소환한 유닛은 표식이 있는 대상 쪽으로 이동할 때 이동 속도가 증가합니다."
Yorick,요릭,Yorick,영혼의 길잡이,Fighter|Tank,R,군도의 장송곡,Eulogy of the Isles,160/130/100,요릭이 안개 마녀를 소환합니다. 요릭이 안개 마녀의 표적을 공격하면 추가 피해를 입힙니다. 안개 마녀는 죽은 적을 안개 망령으로 다시 일으킵니다.
Yunara,유나라,Yunara,꺾이지 않는 신념,Marksman,P,최초의 땅의 맹세,Vow of the First Lands,-,유나라의 치명타가 추가 마법 피해를 입힙니다.
Yunara,유나라,Yunara,꺾이지 않는 신념,Marksman,Q,영혼 단련,Cultivation of Spirit,0,유나라의 공격 속도가 증가하고 적중 시 추가 피해를 입히며 기본 공격이 주변 적에게 확산됩니다.
Yunara,유나라,Yunara,꺾이지 않는 신념,Marksman,W,심판의 궤적 | 파멸의 궤적,Arc of Judgment | Arc of Ruin,10,유나라가 회전하는 기도의 구슬을 날려 적에게 피해를 입히고 둔화시킵니다. 초월 상태에서는 유나라가 빛줄기를 발사해 적에게 피해를 입히고 둔화시킵니다.
Yunara,유나라,Yunara,꺾이지 않는 신념,Marksman,E,칸메이의 발자취 | 닿지 않는 그림자,Kanmei's Steps | Untouchable Shadow,9,유나라가 유체화 상태가 되고 이동 속도가 증가합니다. 초월 상태에서는 유나라가 한 방향으로 돌진합니다.
Yunara,유나라,Yunara,꺾이지 않는 신념,Marksman,R,자기 초월,Transcend One's Self,100/90/80,유나라가 초월 상태에 돌입해 기본 스킬을 강화합니다.
Yuumi,유미,Yuumi,마법 고양이,Support|Mage,P,야옹이 친구,Feline Friendship,-,기본 공격이나 스킬로 챔피언을 맞히면 주기적으로 유미가 체력을 회복하고 다음으로 밀착하는 아군의 체력을 회복시킵니다. 유미는 밀착한 아군과 특별한 유대를 형성합니다. 가장 유대가 긴밀한 아군에게 밀착한 동안 유미의 스킬이 강화됩니다.
Yuumi,유미,Yuumi,마법 고양이,Support|Mage,Q,사르르탄,Prowling Projectile,6.5,"유미가 미사일을 발사해 처음으로 맞힌 적에게 피해를 입히고 둔화시킵니다. 미사일이 1.35초 이상 날아가 적중할 경우 피해량이 추가되고 둔화 효과가 강화됩니다. 단짝에게 붙어있을 때는 둔화 효과가 항상 강화되며, 둔화 적용 시 단짝이 강화되어 적중 시 추가 피해를 입힙니다. 아군과 밀착한 상태일 때는 미사일의 궤도를 잠시 마우스로 조종할 수 있습니다."
Yuumi,유미,Yuumi,마법 고양이,Support|Mage,W,너랑 유미랑!,You and Me!,0,유미가 대상 아군에게 돌진하여 포탑을 제외한 유닛이 대상으로 지정할 수 없는 상태가 됩니다. 단짝에게 붙어있을 때 유미의 체력 회복 및 보호막 효과가 증폭되고 단짝은 적중 시 체력을 회복합니다.
Yuumi,유미,Yuumi,마법 고양이,Support|Mage,E,슈우우웅,Zoomies,10,유미가 보호막을 얻고 이동 속도와 공격 속도가 증가합니다. 아군과 밀착된 상태인 경우 이 효과는 유미 대신 해당 아군에게 적용됩니다.
Yuumi,유미,Yuumi,마법 고양이,Support|Mage,R,대단원,Final Chapter,120/110/100,"유미가 정신을 집중해 파동을 다섯 번 발사합니다. 파동은 적에게 피해를 입히고 아군의 체력을 회복시킵니다. 정신을 집중하는 동안 이동하거나 밀착할 수 있으며, 슈우우웅! 스킬도 사용할 수 있습니다. 단짝에게 붙어있으면 마우스로 이 스킬을 조종할 수 있습니다."
Zaahen,자헨,Zaahen,저물지 않는 자,Fighter,P,전쟁 단련,Cultivation of War,-,"적 챔피언에게 기본 공격 및 스킬 적중 시 결심 중첩이 쌓이며, 자헨이 중첩당 추가 공격력을 얻습니다. 결심이 가득 차면 자헨이 얻는 추가 공격력이 증가하고 부활할 수 있습니다."
Zaahen,자헨,Zaahen,저물지 않는 자,Fighter,Q,다르킨의 글레이브,The Darkin Glaive,10/9/8/7/6,자헨이 다음 기본 공격 시 두 번 공격하며 추가 피해를 입히고 체력을 회복합니다. 자헨은 이 스킬을 다시 사용해 다음 기본 공격 시 대상에게 추가 피해를 입히고 공중에 띄울 수 있습니다.
Zaahen,자헨,Zaahen,저물지 않는 자,Fighter,W,공포의 귀환,Dreaded Return,14/13.5/13/12.5/12,자헨이 지정한 방향으로 내질러 적중한 적에게 피해를 입히고 끌어당깁니다.
Zaahen,자헨,Zaahen,저물지 않는 자,Fighter,E,찬란한 쇄도,Aureate Rush,10/9.5/9/8.5/8,자헨이 지정한 위치로 돌진하고 주변을 가릅니다.
Zaahen,자헨,Zaahen,저물지 않는 자,Fighter,R,단호한 판결,Grim Deliverance,110/95/80,자헨이 날아오른 후 아래로 내려찍으며 적에게 피해를 입히고 입힌 피해량의 일부만큼 체력을 회복합니다.
Zac,자크,Zac,비밀 병기,Tank|Fighter,P,세포 분열,Cell Division,-,"자크는 스킬로 적을 맞힐 때마다 몸에서 조각이 떨어져 나갑니다. 이 조각들을 다시 흡수하면 체력을 회복할 수 있습니다. 자크는 치명상을 입으면 4조각으로 갈라졌다가 다시 합쳐지려고 모입니다. 몸 조각 중 하나라도 생존할 경우, 살아남은 조각의 체력에 비례한 체력을 가지고 부활합니다. 각각의 조각은 자크의 최대 체력, 방어력과 마법 저항력의 일부를 보유합니다. 이 스킬의 재사용 대기시간은 5분입니다."
Zac,자크,Zac,비밀 병기,Tank|Fighter,Q,탄성 주먹,Stretching Strikes,14/12.5/11/9.5/8,자크가 팔을 쭉 뻗어 적을 붙잡습니다. 다른 적을 공격하면 둘을 서로에게 던져 충돌하게 합니다.
Zac,자크,Zac,비밀 병기,Tank|Fighter,W,불안정 물질,Unstable Matter,5,자크의 몸이 폭발하며 주위 적들에게 대상 최대 체력의 일정 비율에 해당하는 마법 피해를 입힙니다.
Zac,자크,Zac,비밀 병기,Tank|Fighter,E,새총 발사,Elastic Slingshot,21/18/15/12/9,"자크가 지면에 두 팔을 붙이고 뒤로 늘어난 다음, 전방으로 몸을 날립니다."
Zac,자크,Zac,비밀 병기,Tank|Fighter,R,바운스!,Let's Bounce!,120/105/90,자크가 4회 튀어 올라 적중당한 적을 공중에 띄우고 둔화시킵니다.
Zed,제드,Zed,그림자의 주인,Assassin,P,약자 멸시,Contempt for the Weak,-,제드가 체력이 낮은 적을 기본 공격하면 마법 피해를 추가로 입힙니다. 같은 적 챔피언에게는 몇 초가 지나야 이 효과가 다시 적용됩니다.
Zed,제드,Zed,그림자의 주인,Assassin,Q,예리한 표창,Razor Shuriken,6,제드와 그림자가 표창을 던집니다. 각 표창은 적에게 명중하면 피해를 입힙니다.
Zed,제드,Zed,그림자의 주인,Assassin,W,살아있는 그림자,Living Shadow,20/19/18/17/16,"기본 지속 효과: 제드와 그림자가 같은 스킬로 동일한 대상을 공격하면 제드가 기력을 회복합니다. 기력 회복은 스킬 사용 시마다 한 번씩만 가능합니다. 사용 시: 제드의 그림자가 전방으로 질주하여, 몇 초간 그 자리에 유지됩니다. 이 스킬을 다시 사용하면 제드가 그림자와 위치를 바꿉니다."
Zed,제드,Zed,그림자의 주인,Assassin,E,그림자 베기,Shadow Slash,5/4.5/4/3.5/3,제드와 그림자가 각각 주위 적을 베어 피해를 입힙니다. 그림자의 공격에 맞은 적은 둔화됩니다.
Zed,제드,Zed,그림자의 주인,Assassin,R,죽음의 표식,Death Mark,120/110/100,제드가 잠시 대상으로 지정할 수 없는 상태가 되어 적 챔피언에게 돌진하며 표식을 남깁니다. 3초가 지나면 표식이 발동되며 표식이 적용된 동안 제드가 대상에게 가한 피해의 일부를 입힙니다.
Zeri,제리,Zeri,자운의 불꽃,Marksman,P,살아있는 배터리,Living Battery,-,제리의 기본 공격은 마법 피해를 입히며 스킬로 간주됩니다. 이동하거나 집중 사격을 사용하면 제리의 스파크 팩에 에너지가 쌓입니다. 완전히 충전되면 제리의 다음 기본 공격이 추가 피해를 입힙니다.
Zeri,제리,Zeri,자운의 불꽃,Marksman,Q,집중 사격,Burst Fire,0,처음 적중한 적에게 물리 피해를 입히는 공격 7발을 발사합니다. 이 스킬은 기본 공격으로 간주됩니다.
Zeri,제리,Zeri,자운의 불꽃,Marksman,W,초강력 레이저,Ultrashock Laser,12/11/10/9/8,제리가 전기 파동을 발사해 처음 적중하는 적을 둔화시키고 피해를 입힙니다. 파동이 벽에 맞으면 장거리 레이저로 확산됩니다.
Zeri,제리,Zeri,자운의 불꽃,Marksman,E,스파크 돌진,Spark Surge,24/22.5/21/19.5/18,제리가 짧은 거리를 돌진하며 집중 사격을 충전합니다. 충전된 집중 사격은 적을 꿰뚫습니다. 돌진 시 맞닥트리는 지형을 모두 뛰어넘습니다.
Zeri,제리,Zeri,자운의 불꽃,Marksman,R,번개 방출,Lightning Crash,80/75/70,"제리가 전류를 방출하고 자신을 과충전해, 피해량과 이동 속도가 증가합니다. 제리가 적 챔피언을 맞힐 때마다 이동 속도 증가 효과가 중첩되고 지속시간이 회복됩니다. 과충전된 동안 집중 사격이 더욱 빠른 3연발 사격으로 바뀌며, 대상 주변 적에게 번개가 연쇄적으로 튑니다."
Ziggs,직스,Ziggs,마법공학 폭파병,Mage,P,짧은 도화선,Short Fuse,-,주기적으로 직스의 다음 기본 공격이 추가 마법 피해를 입힙니다. 직스가 스킬을 사용할 때마다 재사용 대기시간이 감소합니다.
Ziggs,직스,Ziggs,마법공학 폭파병,Mage,Q,반동 폭탄,Bouncing Bomb,6/5.5/5/4.5/4,직스가 반동 폭탄을 던져 마법 피해를 입힙니다.
Ziggs,직스,Ziggs,마법공학 폭파병,Mage,W,휴대용 폭약,Satchel Charge,20/18/16/14/12,"직스가 폭약을 던지면 잠시 후, 혹은 스킬을 다시 사용할 때 폭발합니다. 폭발하면 적에게 마법 피해를 입히며 뒤로 밀어냅니다. 직스 역시 밀려나지만 피해는 입지 않습니다. 약해진 적 포탑에는 휴대용 폭약이 마법공학 폭발을 일으켜 피해를 입힐 수 있습니다."
Ziggs,직스,Ziggs,마법공학 폭파병,Mage,E,마법공학 지뢰밭,Hexplosive Minefield,16,"직스가 밟으면 폭발하는 지뢰를 뿌려, 지뢰에 닿은 적은 마법 피해를 입고 둔화됩니다. 같은 대상이 연속해서 지뢰를 밟으면 받는 피해량이 감소합니다."
Ziggs,직스,Ziggs,마법공학 폭파병,Mage,R,지옥 화염 폭탄,Mega Inferno Bomb,120/95/70,직스가 궁극의 무기 지옥 화염 폭탄을 조립하여 아주 멀리 날립니다. 폭발의 중심부에 있는 적들은 외곽에 있는 적들보다 더 큰 피해를 입습니다.
Zilean,질리언,Zilean,시간의 수호자,Support|Mage,P,시간의 유리병,Time In A Bottle,-,질리언은 시간을 경험치의 형태로 보존하여 아군에게 줄 수 있습니다. 아군의 레벨을 올려줄 수 있을 만큼 경험치가 모이면 해당 아군을 우클릭하여 건네줄 수 있습니다. 질리언 역시 아군에게 준 만큼의 경험치를 얻습니다.
Zilean,질리언,Zilean,시간의 수호자,Support|Mage,Q,시한 폭탄,Time Bomb,10/9.5/9/8.5/8,대상 위치에 가까이 오는 유닛(챔피언 우선)에게 들러붙는 폭탄을 던집니다. 폭탄은 3초 뒤 폭발하여 적에게만 광역 피해를 입힙니다. 다른 시한 폭탄 때문에 시한 폭탄이 일찍 폭발하면 적을 기절시킵니다.
Zilean,질리언,Zilean,시간의 수호자,Support|Mage,W,되감기,Rewind,14/12/10/8/6,질리언이 기본 스킬 재사용 대기시간을 줄여 이후 시작될 전투를 준비할 수 있습니다.
Zilean,질리언,Zilean,시간의 수호자,Support|Mage,E,시간 왜곡,Time Warp,15,질리언이 유닛 주변의 시간을 왜곡시켜 짧은 시간 동안 적의 이동 속도를 줄이거나 아군의 이동 속도를 높입니다.
Zilean,질리언,Zilean,시간의 수호자,Support|Mage,R,시간 역행,Chronoshift,120/90/60,질리언이 아군 챔피언에게 보호용 시간 룬을 주어 해당 챔피언이 치명적인 피해를 입으면 피해를 입기 전의 시간으로 되돌립니다.
Zoe,조이,Zoe,여명의 성위,Mage,P,반짝반짝!,More Sparkles!,-,스킬 사용 후 기본 공격 시 추가 마법 피해를 입힙니다.
Zoe,조이,Zoe,여명의 성위,Mage,Q,통통별,Paddle Star!,8.5/8/7.5/7/6.5,"조이가 별을 발사합니다. 별이 날아가는 도중에 방향을 바꿀 수 있으며, 별의 총 이동거리에 비례해 피해량이 증가합니다."
Zoe,조이,Zoe,여명의 성위,Mage,W,주문도둑,Spell Thief,0.25,"적이 소환사 주문이나 사용 효과가 있는 아이템을 사용하면 주문 파편이 남고, 조이는 그 파편을 주워 해당 주문 및 효과를 사용할 수 있습니다. 또한 조이가 소환사 주문을 사용하면 미사일이 3개 생성되어 가장 가까운 적에게 날아갑니다."
Zoe,조이,Zoe,여명의 성위,Mage,E,헤롱헤롱쿨쿨방울,Sleepy Trouble Bubble,18/17/16/15/14,대상을 졸음 상태에 빠지게 한 뒤 잠들게 합니다. 잠든 동안 대상의 마법 저항력이 감소됩니다. 잠든 뒤 처음으로 입는 피해는 두 배로 적용됩니다. (최대치 있음)
Zoe,조이,Zoe,여명의 성위,Mage,R,차원 넘기,Portal Jump,11/8/5,1초 동안 근처 위치로 순간적으로 이동한 뒤 다시 되돌아옵니다.
Zyra,자이라,Zyra,가시 덩굴의 복수,Mage|Support,P,가시 정원,Garden of Thorns,-,자이라 주변에 주기적으로 씨앗이 생성되며 생성 속도는 레벨에 따라 더 빨라집니다. 씨앗 근처에서 치명적인 가시나 휘감는 뿌리를 사용하면 식물이 자라나 자이라와 함께 싸웁니다.
Zyra,자이라,Zyra,가시 덩굴의 복수,Mage|Support,Q,치명적인 가시,Deadly Spines,7/6.5/6/5.5/5,굵은 가시덤불이 지면을 뚫고 나와 폭발하며 해당 지역 안에 있는 적에게 마법 피해를 입힙니다. 씨앗 근처에서 치명적인 가시를 사용하면 가시 발사 꽃이 자라나 원거리에서 적을 공격합니다.
Zyra,자이라,Zyra,가시 덩굴의 복수,Mage|Support,W,맹렬한 성장,Rampant Growth,0,자이라가 60초간 지속되는 씨앗을 심습니다. 씨앗 근처에서 치명적인 가시나 휘감는 뿌리를 사용하면 식물이 자라나 자이라와 함께 싸웁니다. 씨앗은 여러 개를 보관할 수 있으며 적을 처치할 때마다 맹렬한 성장의 재충전 시간이 줄어듭니다.
Zyra,자이라,Zyra,가시 덩굴의 복수,Mage|Support,E,휘감는 뿌리,Grasping Roots,11,"자이라가 일직선상으로 지면을 뚫는 가시 덩굴을 발사하여, 덩굴이 마주치는 적에게 피해를 입히며 발을 묶습니다. 씨앗 근처에 휘감는 뿌리를 사용하면 덩굴 채찍손이 피어나, 근거리 공격을 펼치며 적의 이동 속도를 감소시킵니다."
Zyra,자이라,Zyra,가시 덩굴의 복수,Mage|Support,R,올가미 덩굴,Stranglethorns,110/100/90,"자이라가 뒤틀린 덩굴손을 목표 위치에 소환합니다. 덩굴손은 뻗어 나가며 적들에게 피해를 입히고, 수축하면서 적들을 공중으로 띄웁니다. 덩굴손이 소환된 위치에 있는 식물들은 격분 상태가 됩니다."
